smiles,solvent,abs_peakwavs_max,abs_bandwidth,abs_molar_ext_coeff,emi_peakwavs_max,emi_bandwidth,quantum_yield,log_lifetime,source
CCC12C(=C3C(=C4c5ccc(-c6ccc(C)s6)cc5S(=O)(=O)C41CC)C(F)(F)C(F)(F)C3(F)F)c1ccc(-c3ccc(C)s3)cc1S2(=O)=O,CCCCCC,489.0,93.2,4.77815125,560.0,80.0,0.72,2.4,deep4chem
CCC12C(=C3C(=C4c5ccc(-c6ccc(C)s6)cc5S(=O)(=O)C41CC)C(F)(F)C(F)(F)C3(F)F)c1ccc(-c3ccc(C)s3)cc1S2(=O)=O,C1COCCO1,506.0,100.0,4.763427994,591.0,89.2,0.78,2.6,deep4chem
CCC12C(=C3C(=C4c5ccc(-c6ccc(C)s6)cc5S(=O)(=O)C41CC)C(F)(F)C(F)(F)C3(F)F)c1ccc(-c3ccc(C)s3)cc1S2(=O)=O,CCO,508.0,102.1,4.763427994,618.0,110.3,0.62,2.4,deep4chem
CCC12C(=C3C(=C4c5ccc(-c6ccc(C)s6)cc5S(=O)(=O)C41CC)C(F)(F)C(F)(F)C3(F)F)c1ccc(-c3ccc(C)s3)cc1S2(=O)=O,CC#N,507.0,101.5,4.755874856,633.0,119.6,0.67,2.5,deep4chem
CN(C)c1ccc2nc3ccc(N(C)C)cc3[s+]c2c1,O,664.0,79.8,4.591621038,683.0,41.3,0.02,0.3544,deep4chem
CN(C)c1ccc2nc3ccc(N(C)C)cc3[s+]c2c1,CC#N,655.0,70.4,4.819346484,672.0,38.2,0.15,0.3397,deep4chem
CN(C)c1ccc2nc3ccc(N(C)C)cc3[s+]c2c1,CCO,655.0,44.7,5.049992857,680.0,40.7,0.09,0.4618,deep4chem
CN(C)c1ccc2nc3ccc(N(C)C)cc3[s+]c2c1,OCC(O)CO,662.0,53.8,4.819346484,682.0,44.9,0.03,0.4731,deep4chem
C(=C/c1nc(-c2ccccc2)c2ccccn12)\c1nc(-c2ccccc2)c2ccccn12,CC#N,438.0,98.2,4.35,491.0,31.6,0.1,1.0,deep4chem
O=C(O)c1ccc(-c2nc(-c3ccccc3)c3ccccn23)cc1,CC#N,372.0,70.0,4.29,501.0,48.0,0.13,1.5,deep4chem
O=C(O)c1ccc(-c2nc(-c3ccccc3)c3c4ccccc4ccn23)cc1,CC#N,353.0,90.7,4.17,473.0,42.2,0.38,2.5,deep4chem
O=C1c2cccc3cc4ccccc4c(c23)C(=O)N1Cc1ccccn1,CCO,436.0,71.5,3.982271233,500.0,69.7,0.91,15.18,deep4chem
O=C1c2cccc3c(NCc4ccccn4)c4ccccc4c(c23)C(=O)N1Cc1ccccn1,CCO,533.0,112.3,4.008600172,615.0,43.6,0.07,3.56,deep4chem
CCCCCCCCCCCCN1C(=O)c2cccc3c(N(Cc4ccccn4)Cc4ccccn4)c4ccccc4c(c23)C1=O,CCO,488.0,103.7,3.982723388,597.0,56.8,0.1,5.52,deep4chem
CC(=O)N(Cc1ccccn1)c1c2ccccc2c2c3c(cccc13)C(=O)N(Cc1ccccn1)C2=O,CCO,437.0,72.1,4.033423755,509.0,66.3,0.35,1.66,deep4chem
Cc1cc(=O)oc2cc(/[NH+]=C/C=C3/C=C(C(=O)O)NC(C(=O)O)C3)ccc12,O,520.0,74.3,4.812913357,570.0,75.7,0.006,0.038,deep4chem
O=C(O)C1=C/C(=C/C=[NH+]/c2ccc3c(C(F)(F)F)cc(=O)oc3c2)CC(C(=O)O)N1,O,519.0,74.3,4.812913357,570.0,60.8,0.021,0.1,deep4chem
C(=C/c1nc2ccccc2[nH]1)\c1ccc(/C=C/c2nc3ccccc3[nH]2)cc1,CN(C)C=O,390.0,64.8,4.712649702,433.0,83.6,0.775,0.997,deep4chem
[NH3+]C(Cc1ccc(O)cc1)C(=O)[O-],O,274.0,23.5,3.08170727,304.0,31.1,0.13,3.27,deep4chem
F[B-]1(F)OC(c2ccc3c(c2)Cc2ccccc2-3)=CC(c2ccccc2)=[O+]1,CC#N,412.0,50.8,4.805500858,491.0,74.4,0.96,2.6,deep4chem
COc1ccc(C2=[O+][B-](F)(F)OC(c3ccc4c(c3)Cc3ccccc3-4)=C2)cc1,CC#N,424.0,54.4,4.855519156,466.0,56.0,0.94,1.6,deep4chem
CCCCCCCCC1(CCCCCCCC)c2cc(-c3ccc([N+](=O)[O-])cc3)ccc2-c2ccc(-c3ccc([N+](=O)[O-])cc3)cc21,CN(C)C=O,380.0,66.6,4.654176542,569.0,138.6,0.31,1.92,deep4chem
CCCCCCCCC1(CCCCCCCC)c2cc(-c3ccc([N+](=O)[O-])cc3)ccc2-c2ccc(-c3ccc([N+](=O)[O-])cc3)cc21,CS(C)=O,382.0,72.0,4.624282096,589.0,147.5,0.28,1.82,deep4chem
CCN(CC)c1ccc2c(-c3ccccc3C(=O)O)c3c([o+]c2c1)/C(=C/Nc1ccccc1)CCC3,CCO,595.0,63.0,4.832508913,641.0,61.7,0.35,5.19,deep4chem
CCN(CC)c1ccc2cc3c([o+]c2c1)/C(=C/Nc1ccccc1)CCC3,CCO,605.0,62.5,4.62324929,647.0,60.6,0.18,4.05,deep4chem
CCN(CC)c1ccc2c(-c3ccccc3C(=O)O)c3c([o+]c2c1)/C(=C/Nc1ccccc1)CCC3,ClCCl,607.0,55.3,4.819543936,644.0,55.7,0.6,5.8,deep4chem
CCN(CC)c1ccc2cc3c([o+]c2c1)/C(=C/Nc1ccccc1)CCC3,ClCCl,615.0,59.1,4.84509804,647.0,59.6,0.31,4.97,deep4chem
CCN(CC)c1ccc2c(-c3ccccc3C(=O)O)c3c([o+]c2c1)/C(=C/Nc1ccccc1)CCC3,ClC(Cl)Cl,608.0,65.9,4.806179974,644.0,69.1,0.35,3.16,deep4chem
CCN(CC)c1ccc2cc3c([o+]c2c1)/C(=C/Nc1ccccc1)CCC3,ClC(Cl)Cl,616.0,72.1,4.806179974,642.0,65.6,0.22,2.65,deep4chem
COc1ccc(N2c3cc(OC)ccc3N=c3cc4c(cc32)=Nc2cc(C(C)(C)C)cc(C(C)(C)C)c2O4)cc1,CCCCCC,562.0,90.0,4.716003344,587.0,85.3,0.31,1.14,deep4chem
c1ccc2c(c1)ccc1ccc3ccc4ccccc4c3c12,ClC(Cl)Cl,393.0,34.5,2.301029996,424.0,47.5,0.04,26.0,deep4chem
CC(C)(C)c1cc(-n2c(-c3ccc(C(=C(c4ccccc4)c4ccccc4)c4ccccc4)cc3)cc3c2cc(-c2ccc(C(=C(c4ccccc4)c4ccccc4)c4ccccc4)cc2)n3-c2cc(C(C)(C)C)cc(C(C)(C)C)c2)cc(C(C)(C)C)c1,ClCCl,398.0,73.9,4.73239376,586.0,146.4,0.0085,0.063,deep4chem
CC(C)(C)c1cc2c3cc(C(C)(C)C)c(-c4cc5cc6c7cccc8cccc(c9cc(C(C)(C)C)cc(c5cc4C(C)(C)C)c96)c87)cc3cc3c4cccc5cccc(c(c1)c23)c54,CC1CCCCC1,446.0,46.6,4.86332286,454.0,44.9,0.64,3.4,deep4chem
CC(C)(C)c1ccc2cc3c4cccc5cccc(c6cc(C(C)(C)C)cc(c2c1)c63)c54,CC1CCCCC1,438.0,41.7,4.591064607,445.0,44.0,0.74,3.6,deep4chem
CN(C)c1ccc(/C=C/c2nc3c(ccc4ccccc43)s2)cc1,C1CCCCC1,402.0,67.7,4.485721426,468.0,85.3,0.012,0.1,deep4chem
FC(F)(F)c1ccc(/C=C/c2nc3c(ccc4ccccc43)s2)cc1,C1CCCCC1,375.0,65.5,4.387389826,432.0,65.5,0.14,0.75,deep4chem
CC(C)c1ccc(/C=C/c2nc3ccc(N(C)C)cc3s2)cc1,C1CCCCC1,388.0,68.6,4.482873584,454.0,79.8,0.51,2.04,deep4chem
CN(C)c1ccc(/C=C/c2nc3c(ccc4ccccc43)s2)cc1,CC#N,409.0,70.8,4.574031268,524.0,78.5,0.008,0.1,deep4chem
FC(F)(F)c1ccc(/C=C/c2nc3c(ccc4ccccc43)s2)cc1,CC#N,369.0,68.6,4.450249108,445.0,77.9,0.14,0.84,deep4chem
CC(C)c1ccc(/C=C/c2nc3ccc(N(C)C)cc3s2)cc1,CC#N,392.0,79.8,4.474216264,517.0,80.8,0.54,3.27,deep4chem
CC(=O)O[B-]1(OC(C)=O)OC(/C=C/c2ccccc2)=CC(/C=C/c2ccccc2)=[O+]1,ClCCl,424.0,70.8,4.51,473.0,54.9,0.67,3.63,deep4chem
CC(=O)O[B-]1(OC(C)=O)OC(/C=C/c2ccc(C)cc2)=CC(/C=C/c2ccc(C)cc2)=[O+]1,ClCCl,440.0,68.9,4.64,492.0,56.5,0.56,1.26,deep4chem
COc1ccc(/C=C/C2=CC(/C=C/c3ccc(OC)cc3)=[O+][B-](OC(C)=O)(OC(C)=O)O2)cc1,Cc1ccccc1,456.0,74.1,4.72,510.0,57.5,0.98,2.45,deep4chem
COc1ccc(/C=C/C2=CC(/C=C/c3ccc(OC)cc3)=[O+][B-](OC(C)=O)(OC(C)=O)O2)cc1,C1CCOC1,456.0,78.6,4.69,518.0,63.9,0.95,2.38,deep4chem
COc1ccc(/C=C/C2=CC(/C=C/c3ccc(OC)cc3)=[O+][B-](OC(C)=O)(OC(C)=O)O2)cc1,ClC(Cl)Cl,464.0,79.8,4.64,529.0,60.6,0.91,2.52,deep4chem
COc1ccc(/C=C/C2=CC(/C=C/c3ccc(OC)cc3)=[O+][B-](OC(C)=O)(OC(C)=O)O2)cc1,ClCCl,464.0,77.4,4.66,535.0,62.8,0.92,2.63,deep4chem
COc1ccc(/C=C/C2=CC(/C=C/c3ccc(OC)cc3)=[O+][B-](OC(C)=O)(OC(C)=O)O2)cc1,CC(C)=O,458.0,78.3,4.7,531.0,69.7,0.88,2.29,deep4chem
COc1ccc(/C=C/C2=CC(/C=C/c3ccc(OC)cc3)=[O+][B-](OC(C)=O)(OC(C)=O)O2)cc1,CC#N,462.0,79.4,4.69,541.0,70.7,0.85,2.09,deep4chem
COc1ccc(/C=C/C2=CC(/C=C/c3ccc(OC)cc3)=[O+][B-](OC(C)=O)(OC(C)=O)O2)cc1,CS(C)=O,468.0,86.0,4.74,548.0,72.1,0.83,2.26,deep4chem
CC(=O)O[B-]1(OC(C)=O)OC(/C=C/c2cccc3ccccc23)=CC(/C=C/c2cccc3ccccc23)=[O+]1,ClCCl,472.0,85.8,4.65,554.0,74.2,0.64,5.99,deep4chem
CC(=O)O[B-]1(OC(C)=O)OC(/C=C/C=C/c2ccccc2)=CC(/C=C/C=C/c2ccccc2)=[O+]1,ClCCl,474.0,83.6,4.7,545.0,73.9,0.45,1.84,deep4chem
c1ccc(-c2nn(-c3ccccn3)c3nc4ccccc4cc23)cc1,C1CCCCC1,385.0,49.9,3.880813592,421.0,44.4,0.18,2.16,deep4chem
c1ccc(-c2nn(-c3ccccn3)c3nc4ccccc4cc23)cc1,CC#N,383.0,48.1,3.908485019,441.0,62.1,0.41,9.11,deep4chem
CCN(CC)c1ccc2c(-c3ccccc3C(=O)O)c3c([o+]c2c1)/C(=C/c1ccc(N(C)C)cc1)CCC3,ClCCl,689.0,92.3,4.876916077,757.0,77.7,0.04,0.25,deep4chem
CCN(CC)c1ccc2c(-c3ccccc3C(=O)O)c3c([o+]c2c1)/C(=C/c1ccc(N(C)C)s1)CCC3,ClCCl,733.0,43.2,5.245251025,766.0,55.8,0.04,0.17,deep4chem
CCN(CC)c1ccc2c(-c3ccccc3C(=O)O)c3c([o+]c2c1)/C(=C/c1ccc(N2CCCC2)s1)CCC3,ClCCl,738.0,40.9,5.193983985,770.0,63.7,0.04,0.16,deep4chem
CCN(CC)c1ccc2c(-c3ccccc3C(=O)O)c3c([o+]c2c1)/C(=C/C=C/c1ccc(N(C)C)cc1)CCC3,ClCCl,749.0,151.1,4.833714322,857.0,75.3,0.2,1.03,deep4chem
CCN(CC)c1ccc2c(-c3ccccc3C(=O)O)c3c([o+]c2c1)/C(=C/c1nc(C)n2ccccc12)CCC3,ClCCl,701.0,58.7,6.017033339,735.0,54.0,0.3,2.21,deep4chem
CCN(CC)c1ccc2c(-c3ccccc3C(=O)O)c3c([o+]c2c1)/C(=C/c1nc(-c2ccccc2)n2ccccc12)CCC3,ClCCl,703.0,70.7,4.954242509,746.0,61.6,0.4,2.97,deep4chem
CCN(CC)c1ccc2c(-c3ccccc3C(=O)O)c3c([o+]c2c1)/C(=C/c1ccc2c(c1)c1ccccc1n2CC)CCC3,ClCCl,646.0,104.9,4.69019608,712.0,98.5,0.08,0.79,deep4chem
CCN(CC)c1ccc2cc(/C=C3\CCCc4c3[o+]c3cc(N(CC)CC)ccc3c4-c3ccccc3C(=O)O)c(=O)oc2c1,ClCCl,678.0,146.4,4.591064607,797.0,104.9,0.07,0.36,deep4chem
CCN(CC)c1ccc2c(-c3ccccc3C(=O)O)c3c([o+]c2c1)/C(=C/Nc1ccccc1)CCC3,CCO,595.0,62.1,4.832508913,641.0,62.9,0.35,5.19,deep4chem
CCN(CC)c1ccc2cc3c([o+]c2c1)/C(=C/Nc1ccccc1)CCC3,CCO,605.0,64.0,4.62324929,647.0,59.7,0.18,4.05,deep4chem
CCN(CC)c1ccc2c(-c3ccccc3C(=O)O)c3c([o+]c2c1)/C(=C/Nc1ccccc1)CCC3,ClCCl,607.0,55.3,4.819543936,644.0,55.4,0.6,5.8,deep4chem
CCN(CC)c1ccc2cc3c([o+]c2c1)/C(=C/Nc1ccccc1)CCC3,ClCCl,615.0,59.7,4.84509804,647.0,61.1,0.31,4.97,deep4chem
CCN(CC)c1ccc2c(-c3ccccc3C(=O)O)c3c([o+]c2c1)/C(=C/Nc1ccccc1)CCC3,ClC(Cl)Cl,608.0,66.9,4.806179974,644.0,67.1,0.35,3.16,deep4chem
CCN(CC)c1ccc2cc3c([o+]c2c1)/C(=C/Nc1ccccc1)CCC3,ClC(Cl)Cl,616.0,71.3,4.806179974,642.0,65.7,0.22,2.65,deep4chem
O=C1c2cccc3cc4ccccc4c(c23)C(=O)N1Cc1ccccn1,CCO,436.0,72.7,3.982271233,500.0,70.5,0.91,15.18,deep4chem
O=C1c2cccc3c(NCc4ccccn4)c4ccccc4c(c23)C(=O)N1Cc1ccccn1,CCO,533.0,112.4,4.008600172,615.0,44.2,0.07,3.556,deep4chem
CCCCCCCCCCCCN1C(=O)c2cccc3c(N(Cc4ccccn4)Cc4ccccn4)c4ccccc4c(c23)C1=O,CCO,488.0,104.0,3.982723388,597.0,56.4,0.1,5.52,deep4chem
CC(=O)N(Cc1ccccn1)c1c2ccccc2c2c3c(cccc13)C(=O)N(Cc1ccccn1)C2=O,CCO,437.0,70.5,4.033423755,509.0,68.2,0.35,1.66,deep4chem
Cc1ccc2nc3c(nc2c1)c(-c1ccccc1)nn3C,C1CCCCC1,424.0,54.9,3.860338007,472.0,64.4,0.29,9.32,deep4chem
Cc1ccc2nc3c(nc2c1)c(-c1ccccc1)nn3C,C1CCOC1,425.0,59.6,3.878521796,500.0,80.7,0.47,23.6,deep4chem
Cc1ccc2nc3c(nc2c1)c(-c1ccccc1)nn3C,CC#N,423.0,53.4,3.833784375,516.0,94.2,0.31,19.79,deep4chem
COc1ccc2nc3c(nc2c1)c(-c1ccccc1)nn3C,C1CCCCC1,431.0,54.9,3.86569606,478.0,55.7,0.22,5.37,deep4chem
COc1ccc2nc3c(nc2c1)c(-c1ccccc1)nn3C,C1CCOC1,435.0,57.4,3.959041392,495.0,66.3,0.34,12.44,deep4chem
COc1ccc2nc3c(nc2c1)c(-c1ccccc1)nn3C,CC#N,434.0,55.9,3.793790385,507.0,80.9,0.35,16.73,deep4chem
CCCCN(CCCC)c1ccc2nc3c4ccccc4c(=O)cc-3oc2c1,ClCCl,543.0,79.9,4.782472624,609.0,70.2,0.85,4.6,deep4chem
CCCCN(CCCC)c1ccc2nc3c4ccccc4c(=O)c(OC(=C(C(F)(C(F)(F)F)C(F)(F)F)C(F)(C(F)(F)F)C(F)(F)F)C(F)(F)F)c-3oc2c1,ClCCl,577.0,82.1,4.775974331,631.0,48.7,0.79,4.4,deep4chem
CCCCN(CCCC)c1ccc2nc3c4ccccc4c(=O)c(-c4ccccc4)c-3oc2c1,ClCCl,549.0,87.7,4.6599162,625.0,76.3,0.54,3.5,deep4chem
CCCCN(CCCC)c1ccc2nc3c4ccccc4c(=O)c(-c4cccc5ccccc45)c-3oc2c1,ClCCl,552.0,83.5,4.686636269,620.0,73.8,0.69,4.2,deep4chem
CCCCN(CCCC)c1ccc2nc3c4ccccc4c(=O)c(-c4c5ccccc5cc5ccccc45)c-3oc2c1,ClCCl,555.0,83.5,4.685741739,619.0,61.0,0.2,1.8,deep4chem
CCCCN(CCCC)c1ccc2nc3c4ccccc4c(=O)c(-c4ccc5c(c4)C(CCCC)(CCCC)c4ccccc4-5)c-3oc2c1,ClCCl,551.0,90.3,4.582063363,634.0,62.2,0.14,1.2,deep4chem
CN(C)c1ccc(C2=Cc3ccc4ccccc4[n+]3[B-](F)(F)O2)cc1,ClC(Cl)Cl,477.0,64.2,4.752048448,521.0,56.1,0.86,2.8,deep4chem
COc1ccc(C2=Cc3ccc4ccccc4[n+]3[B-](F)(F)O2)cc1,ClC(Cl)Cl,439.0,59.3,4.580924976,457.0,55.3,0.94,2.3,deep4chem
Cc1ccc(C2=Cc3ccc4ccccc4[n+]3[B-](F)(F)O2)cc1,ClC(Cl)Cl,432.0,56.5,4.515873844,443.0,53.5,0.75,1.79,deep4chem
Cc1cccc(C2=Cc3ccc4ccccc4[n+]3[B-](F)(F)O2)c1,ClC(Cl)Cl,429.0,55.5,4.534026106,440.0,50.8,0.53,1.58,deep4chem
F[B-]1(F)OC(c2ccccc2)=Cc2ccc3ccccc3[n+]21,ClC(Cl)Cl,427.0,55.5,4.530199698,438.0,53.9,0.53,1.29,deep4chem
F[B-]1(F)OC(c2ccc(Br)cc2)=Cc2ccc3ccccc3[n+]21,ClC(Cl)Cl,430.0,55.5,4.53529412,440.0,56.9,0.49,1.21,deep4chem
F[B-]1(F)OC(c2cccc(Br)c2)=Cc2ccc3ccccc3[n+]21,ClC(Cl)Cl,426.0,55.5,4.51054501,435.0,57.2,0.52,1.13,deep4chem
Fc1cccc(C2=Cc3ccc4ccccc4[n+]3[B-](F)(F)O2)c1,ClC(Cl)Cl,425.0,55.5,4.487138375,435.0,55.9,0.47,1.11,deep4chem
F[B-]1(F)OC(c2ccc(C(F)(F)F)cc2)=Cc2ccc3ccccc3[n+]21,ClC(Cl)Cl,424.0,55.5,4.482873584,434.0,58.9,0.37,0.92,deep4chem
CN(C)c1ccc(/C=C2/N=C(c3ccccc3)OC2=O)cc1,CCCCCC,443.0,57.3,4.612783857,472.0,52.4,0.045,4.0,deep4chem
CN(C)c1ccc(/C=C2/N=C(c3ccccc3)OC2=O)cc1,C1COCCO1,466.0,67.7,4.62324929,513.0,56.1,0.097,4.0,deep4chem
CN(C)c1ccc(/C=C2/N=C(c3ccccc3)OC2=O)cc1,CN(C)C=O,482.0,70.8,4.544068044,547.0,53.6,0.2,5.2,deep4chem
CN(C)c1ccc(/C=C2/N=C(c3ccccc3)OC2=O)cc1,CO,473.0,72.7,4.505149978,537.0,58.5,0.035,5.4,deep4chem
Cc1cc(=O)oc2cc3cc(O)ccc3cc12,CC#N,343.0,33.1,4.311753861,450.0,68.1,0.02,6.7,deep4chem
CCCC(=O)c1c2c(c(C(=O)CCC)c3c1OC(CC(=O)OC)(C(=O)O)O3)OCO2,CC#N,424.0,81.5,3.397940009,542.0,96.0,0.25,21.9,deep4chem
CCCCCCCCCCCCN1C(=O)c2c(c3ccc4cc(-c5ccccc5)c(OC)cc4c3c3c2ccc2cc(-c4ccccc4)c(OC)cc23)C1=O,ClCCl,432.0,83.6,4.23,526.0,64.7,0.148,6.16,deep4chem
O=C1CCCC2=C1CC1=C(CCCC1=O)N2NC(=O)c1ccccc1,CC#N,368.0,57.9,3.7,434.0,59.1,0.46,5.1,deep4chem
COc1ccc(C2=CC(c3ccccc3)=[N+]3C2=Nc2c(-c4ccc(OC)cc4)cc(-c4ccccc4)n2[B-]3(F)F)cc1,Cc1ccccc1,663.0,54.3,4.86,697.0,67.3,0.24,1.56,deep4chem
COc1ccc(C2=C(c3ccccc3)C(c3ccccc3)=[N+]3C2=Nc2c(-c4ccc(OC)cc4)c(-c4ccccc4)c(-c4ccccc4)n2[B-]3(F)F)cc1,Cc1ccccc1,656.0,62.3,4.92,695.0,72.9,0.04,0.26,deep4chem
O=c1c(N(c2ccccc2)c2ccccc2)c([O-])c1=[N+](c1ccccc1)c1ccccc1,CN(C)C=O,411.0,40.4,4.59,510.0,84.5,0.001,3.32,deep4chem
O=c1c(N(c2ccccc2)c2ccc3ccccc3c2)c([O-])/c1=[N+](\c1ccccc1)c1ccc2ccccc2c1,CN(C)C=O,423.0,45.9,4.55,510.0,73.4,0.001,6.424,deep4chem
Cc1ccc(N(c2ccc(C)cc2)c2c([O-])c(=[N+](c3ccc(C)cc3)c3ccc(C)cc3)c2=O)cc1,CN(C)C=O,415.0,44.4,4.67,506.0,76.9,0.001,3.145,deep4chem
COc1ccc(N(c2ccc(C)cc2)c2c([O-])/c(=[N+](\c3ccc(C)cc3)c3ccc(OC)cc3)c2=O)cc1,CN(C)C=O,418.0,47.9,4.67,510.0,73.4,0.001,2.85,deep4chem
COC(=O)c1nc(Cl)c(-c2ccccc2)o1,C1CCCCC1,307.0,48.4,4.383815366,344.0,49.3,0.368,0.67,deep4chem
COC(=O)C(NC(=O)OC(C)(C)C)c1ccc2oc(-c3cc(OC)ccc3OC)nc2c1,CO,337.0,50.6,4.1,405.0,58.5,0.37,2.03,deep4chem
COC(=O)C(NC(=O)OC(C)(C)C)c1ccc2oc(-c3cc(OC)c(OC)cc3OC)nc2c1,CO,335.0,47.5,4.39,389.0,56.6,0.81,2.03,deep4chem
COC(=O)C(NC(=O)OC(C)(C)C)c1ccc2oc(-c3cc(OC)c(OC)c(OC)c3)nc2c1,CO,313.0,46.4,4.57,373.0,55.3,0.7,1.28,deep4chem
COC(=O)C(NC(=O)OC(C)(C)C)c1ccc2oc(-c3ccc(N(C)C)cc3OC)nc2c1,CO,346.0,46.4,4.66,398.0,48.8,0.97,1.32,deep4chem
CCN(CC)c1ccc(-c2nc3cc(C(NC(=O)OC(C)(C)C)C(=O)OC)ccc3o2)c(O)c1,CO,364.0,38.9,4.81,391.0,48.2,0.08,0.25,deep4chem
C=CCOc1ccc(-c2nc3cc(C(NC(=O)OC(C)(C)C)C(=O)OC)ccc3o2)cc1,CO,309.0,42.5,4.56,353.0,47.5,0.79,1.21,deep4chem
COC(=O)C(NC(=O)OC(C)(C)C)c1ccc2oc(-c3ccc(OC(=O)c4ccccc4)cc3O)nc2c1,CO,334.0,41.5,4.53,405.0,67.1,0.003,0.027,deep4chem
COC(=O)C(NC(=O)OC(C)(C)C)c1ccc2oc(-c3cccc(Oc4ccccc4)c3)nc2c1,CO,305.0,66.2,4.41,348.0,54.6,0.13,1.14,deep4chem
COC(=O)C(NC(=O)OC(C)(C)C)c1ccc2oc(-c3ccc(C#N)cc3)nc2c1,CO,317.0,56.6,4.51,385.0,67.1,0.5,1.92,deep4chem
COC(=O)C(NC(=O)OC(C)(C)C)c1ccc2oc(-c3ccc(F)cc3)nc2c1,CO,302.0,61.0,4.47,342.0,51.5,0.48,1.53,deep4chem
COC(=O)C(NC(=O)OC(C)(C)C)c1ccc2oc(-c3cc(C(F)(F)F)cc(C(F)(F)F)c3)nc2c1,CO,309.0,57.6,4.37,377.0,63.2,0.44,2.41,deep4chem
CC1=CC(C)=[N+]2C1=C(c1c(-c3ccccn3)nc3ccccn13)c1c(C)cc(C)n1[B-]2(F)F,ClCCl,518.0,21.1,4.9,536.0,32.7,0.6354,6.9,deep4chem
CC1=C(c2ccccc2)C(C)=[N+]2C1=C(c1c(-c3ccccn3)nc3ccccn13)c1c(C)cc(C)n1[B-]2(F)F,ClCCl,532.0,31.6,5.1,566.0,39.6,0.7394,6.2,deep4chem
CC1=C(c2ccccc2)C(C)=[N+]2C1=C(c1c(-c3ccccn3)nc3ccccn13)c1c(C)c(-c3ccccc3)c(C)n1[B-]2(F)F,ClCCl,548.0,39.1,4.8,585.0,45.5,0.7852,3.4,deep4chem
COc1ccc(C2=C(C)C3=C(c4c(-c5ccccn5)nc5ccccn45)c4c(C)cc(C)n4[B-](F)(F)[N+]3=C2C)cc1,ClCCl,535.0,40.2,5.2,592.0,68.9,0.2119,2.2,deep4chem
COc1ccc(C2=C(C)C3=C(c4c(-c5ccccn5)nc5ccccn45)c4c(C)c(-c5ccc(OC)cc5)c(C)n4[B-](F)(F)[N+]3=C2C)cc1,ClCCl,555.0,53.2,4.7,608.0,53.3,0.4164,3.5,deep4chem
CC1=C(c2ccc(N(C)C)cc2)C(C)=[N+]2C1=C(c1c(-c3ccccn3)nc3ccccn13)c1c(C)cc(C)n1[B-]2(F)F,ClCCl,538.0,68.9,4.7,524.0,28.5,0.0041,0.5,deep4chem
CC1=C(c2ccc(N(C)C)cc2)C(C)=[N+]2C1=C(c1c(-c3ccccn3)nc3ccccn13)c1c(C)c(-c3ccc(N(C)C)cc3)c(C)n1[B-]2(F)F,ClCCl,574.0,90.3,4.7,722.0,141.2,0.0029,0.2,deep4chem
CC1=C(c2ccc(N(c3ccccc3)c3ccccc3)cc2)C(C)=[N+]2C1=C(c1c(-c3ccccn3)nc3ccccn13)c1c(C)cc(C)n1[B-]2(F)F,ClCCl,537.0,53.7,4.6,698.0,138.4,0.0038,0.2,deep4chem
CC1=C(c2ccc(N(c3ccccc3)c3ccccc3)cc2)C(C)=[N+]2C1=C(c1c(-c3ccccn3)nc3ccccn13)c1c(C)c(-c3ccc(N(c4ccccc4)c4ccccc4)cc3)c(C)n1[B-]2(F)F,ClCCl,568.0,76.7,4.1,709.0,140.4,0.0078,0.3,deep4chem
CN(C)c1ccc(-c2nc3cnccc3[nH]2)cc1,CC#N,335.0,44.8,4.45,391.0,59.2,0.69,0.96,deep4chem
CN(C)c1ccc(-c2nc3cnccc3[nH]2)cc1,CCCCO,339.0,46.1,4.49,391.0,59.2,0.74,1.12,deep4chem
CN(C)c1ccc(-c2nc3cnccc3[nH]2)cc1,CCCO,339.0,46.1,4.49,393.0,63.9,0.76,1.3,deep4chem
CN(C)c1ccc(-c2nc3cnccc3[nH]2)cc1,CCO,340.0,45.1,4.47,395.0,63.1,0.76,1.1,deep4chem
CN(C)c1ccc(-c2nc3cnccc3[nH]2)cc1,CO,341.0,47.0,4.47,398.0,56.4,0.22,0.35,deep4chem
CCC1=C(C)C2=C(C)c3c(C)c(CC)c(C)n3[B-](F)(F)[N+]2=C1C,CO,516.2,26.6,4.897627091,531.6,36.0,0.91,6.1,deep4chem
Cc1cc(C)c(C2=C3C=CC=[N+]3[B-]3(F)Oc4cc(O)cc5c6ccc(C)cc6c6cc2n3c6c45)c(C)c1,ClC(Cl)Cl,629.0,75.4,4.880813592,649.0,37.5,0.35,4.0,deep4chem
Cc1cc(C)c(C2=C3C=CC=[N+]3[B-]3(c4ccccc4)Oc4cc(O)cc5c6ccc(C)cc6c6cc2n3c6c45)c(C)c1,ClC(Cl)Cl,643.0,82.5,4.792391689,669.0,44.6,0.21,3.0,deep4chem
Cc1cc(C)c(C2=C3C=CC=[N+]3[B-]3(c4cccc5ccccc45)Oc4cc(O)cc5c6ccc(C)cc6c6cc2n3c6c45)c(C)c1,ClC(Cl)Cl,646.0,55.6,4.748188027,669.0,42.4,0.27,3.5,deep4chem
Cc1cc(C)c(C2=C3C=CC=[N+]3[B-]3(c4ccc5ccc6cccc7ccc4c5c67)Oc4cc(O)cc5c6ccc(C)cc6c6cc2n3c6c45)c(C)c1,ClC(Cl)Cl,647.0,53.5,4.785329835,670.0,41.1,0.24,3.5,deep4chem
c1ccc(-c2nn(-c3ccccc3)c3nc4ccccc4cc23)cc1,C1CCCCC1,401.4452027,55.8,3.819543936,443.6557232,52.6,0.86,17.9,deep4chem
c1ccc(-c2nn(-c3ccccc3)c3nc4ccccc4cc23)cc1,CC#N,396.8253968,52.9,3.843855423,478.0114723,75.5,0.73,25.1,deep4chem
CN(C)c1ccc2nc3c(cc2c1)c(-c1ccccc1)nn3-c1ccccc1,C1CCCCC1,439.5604396,66.8,3.829946696,444.4444444,43.2,0.84,16.1,deep4chem
CN(C)c1ccc2nc3c(cc2c1)c(-c1ccccc1)nn3-c1ccccc1,CC#N,449.2362983,75.6,3.760422483,561.4823133,85.7,0.57,24.5,deep4chem
c1ccc(-c2nn(-c3ccccc3)c3nc4ccc(N(c5ccccc5)c5ccccc5)cc4cc23)cc1,C1CCCCC1,452.079566,62.8,3.937517892,486.6180049,52.6,0.76,16.1,deep4chem
c1ccc(-c2nn(-c3ccccc3)c3nc4ccc(N(c5ccccc5)c5ccccc5)cc4cc23)cc1,CC#N,447.0272687,69.8,3.866877814,570.7762557,129.2,0.46,22.4,deep4chem
c1ccc(-c2nn(-c3ccccc3)c3nc4ccc(N(c5ccccc5)c5cccc6ccccc56)cc4cc23)cc1,C1CCCCC1,448.0286738,61.5,3.933487288,484.7309743,53.9,0.57,11.3,deep4chem
c1ccc(-c2nn(-c3ccccc3)c3nc4ccc(N(c5ccccc5)c5cccc6ccccc56)cc4cc23)cc1,CC#N,445.0378282,66.6,3.893206753,555.247085,123.2,0.41,16.3,deep4chem
c1ccc(-c2nn(-c3ccccc3)c3nc4ccc(-n5c6ccccc6c6ccccc65)cc4cc23)cc1,C1CCCCC1,419.1114837,60.9,3.86923172,461.6805171,53.3,0.88,17.6,deep4chem
c1ccc(-c2nn(-c3ccccc3)c3nc4ccc(-n5c6ccccc6c6ccccc65)cc4cc23)cc1,CC#N,411.0152076,63.3,3.908485019,482.6254826,86.5,0.72,21.8,deep4chem
c1csc(-c2ccc(-c3cccs3)c3nsnc23)c1,ClC(Cl)Cl,445.0,93.1,3.903957709,565.0,93.1,0.59,10.24,deep4chem
c1ccc(N(c2ccccc2)c2ccc(-c3ccc(-c4ccc(-c5cccs5)c5nsnc45)s3)cc2)cc1,ClC(Cl)Cl,495.0,127.2,3.954580163,670.0,127.2,0.33,6.62,deep4chem
c1ccc(N(c2ccccc2)c2ccc(-c3ccc(-c4ccc(-c5ccc(-c6ccc(N(c7ccccc7)c7ccccc7)cc6)s5)c5nsnc45)s3)cc2)cc1,ClC(Cl)Cl,530.0,128.5,4.181414796,690.0,124.3,0.23,5.13,deep4chem
COc1ccc(N(c2ccc(OC)cc2)c2ccc(-c3ccc(-c4ccc(-c5cccs5)c5nsnc45)s3)cc2)cc1,ClC(Cl)Cl,510.0,111.4,4.178458936,705.0,143.9,0.28,6.55,deep4chem
COc1ccc(N(c2ccc(OC)cc2)c2ccc(-c3ccc(-c4ccc(-c5ccc(-c6ccc(N(c7ccc(OC)cc7)c7ccc(OC)cc7)cc6)s5)c5nsnc45)s3)cc2)cc1,ClC(Cl)Cl,545.0,129.8,4.274250243,710.0,134.9,0.18,4.9,deep4chem
COc1cc(OC)c2c3c([nH]c2c1)C(=O)CCC3,C1COCCO1,317.0,51.1,5.194942505,391.0,59.5,0.05,0.43,deep4chem
COc1cc(OC)c2c3c([nH]c2c1)C(=O)CCC3,CCOC(C)=O,317.0,50.2,5.156756965,393.0,59.5,0.07,0.64,deep4chem
COc1cc(OC)c2c3c([nH]c2c1)C(=O)CCC3,CC#N,317.0,51.3,5.193302624,415.0,63.4,0.26,1.15,deep4chem
COc1cc(OC)c2c3c([nH]c2c1)C(=O)CCC3,CS(C)=O,320.0,53.4,5.073625928,414.0,61.8,0.32,2.58,deep4chem
COc1cc(OC)c2c3c([nH]c2c1)C(=O)CCC3,CO,326.0,55.3,5.200382945,466.0,83.0,0.08,0.86,deep4chem
COc1cc(OC)c2c3c([nH]c2c1)C(=O)CCC3,CCCCCCCCCCO,329.0,57.9,5.196072294,434.0,81.7,0.09,0.78,deep4chem
COc1cc(OC)c2c3c([nH]c2c1)C(=O)CCC3,CCCCCCO,329.0,55.9,5.182318945,442.0,81.7,0.08,0.77,deep4chem
COc1cc(OC)c2c3c([nH]c2c1)C(=O)CCC3,CCCCCCCCCCCCO,327.0,56.4,5.222337521,432.0,78.1,0.09,0.84,deep4chem
COc1cc(OC)c2c3c([nH]c2c1)C(=O)CCC3,CCCCCCCCO,329.0,56.1,5.199846448,438.0,80.2,0.07,1.06,deep4chem
COc1cc(OC)c2c3c([nH]c2c1)C(=O)CCC3,O,329.0,60.4,5.201988472,489.0,90.8,0.13,1.83,deep4chem
CC(=O)Nc1ccccc1C(=O)OC1CC(C)CCC1C(C)C,CCO,310.0,36.1,3.73239376,370.0,59.1,0.13,3.6,deep4chem
CC1(C)C(/C=C/C2=C(Oc3ccc(CCN=C=S)cc3I)/C(=C/C=C3/N(CCCS(=O)(=O)[O-])c4ccccc4C3(C)C)CCC2)=[N+](CCCS(=O)(=O)[O-])c2ccccc21,CO,766.0,46.8,5.334453751,796.0,39.4,0.15,0.947,deep4chem
CC1(C)C(/C=C/C2=C(Oc3ccc(CCN=C=S)cc3Br)/C(=C/C=C3/N(CCCS(=O)(=O)[O-])c4ccccc4C3(C)C)CCC2)=[N+](CCCS(=O)(=O)[O-])c2ccccc21,CO,768.0,44.7,5.404833717,798.0,39.7,0.14,0.912,deep4chem
CC1(C)C(/C=C/C2=C(Oc3ccc(CCN=C=S)cc3Cl)/C(=C/C=C3/N(CCCS(=O)(=O)[O-])c4ccccc4C3(C)C)CCC2)=[N+](CCCS(=O)(=O)[O-])c2ccccc21,CO,768.0,44.3,5.378397901,797.0,40.8,0.14,0.88,deep4chem
CC1(C)C(/C=C/C2=C(Oc3ccc(CCN=C=S)cc3F)/C(=C/C=C3/N(CCCS(=O)(=O)[O-])c4ccccc4C3(C)C)CCC2)=[N+](CCCS(=O)(=O)[O-])c2ccccc21,CO,768.0,45.9,5.344392274,797.0,41.4,0.14,0.843,deep4chem
CC(C)(C)c1ccc2c(c1)c1cc(C(C)(C)C)ccc1n2-c1ccc(C#Cc2ccc3c4ccc(C#Cc5ccc(C=O)cc5)cc4n(-c4ccc(C(F)(F)F)cc4)c3c2)cc1,ClCCl,377.0,72.4,4.811662124,422.0,71.7,0.21,0.84,deep4chem
CC(C)(C)c1ccc2c(c1)c1cc(C(C)(C)C)ccc1n2-c1ccc(C#Cc2ccc3c4ccc(C#Cc5ccc(C=C(C#N)C#N)cc5)cc4n(-c4ccc(C(F)(F)F)cc4)c3c2)cc1,ClCCl,355.0,122.2,4.866570867,454.0,118.4,0.12,0.29,deep4chem
CC(C)(C)c1ccc2c(c1)c1cc(C(C)(C)C)ccc1n2-c1ccc(C#Cc2ccc3c4ccc(C#Cc5ccc(/C=C(/C#N)C(=O)O)cc5)cc4n(-c4ccc(C(F)(F)F)cc4)c3c2)cc1,ClCCl,386.0,114.8,4.738312727,426.0,68.5,0.12,1.27,deep4chem
O=C1c2ccc(N(c3ccccc3)c3ccccc3)cc2C(=O)c2ccc(N(c3ccccc3)c3ccccc3)cc21,Cc1ccccc1,449.0,75.5,4.309051494,601.0,91.6,0.2,5.3,deep4chem
O=C1c2ccc(N(c3ccc(-c4ccccc4)cc3)c3ccc(-c4ccccc4)cc3)cc2C(=O)c2ccc(N(c3ccc(-c4ccccc4)cc3)c3ccc(-c4ccccc4)cc3)cc21,Cc1ccccc1,464.0,90.9,4.288117587,629.0,99.1,0.1,3.5,deep4chem
CC(C)(C)c1ccc2c(c1)c1cc(C(C)(C)C)ccc1n2-c1ccc2c(c1)C(=O)c1ccc(-n3c4ccc(C(C)(C)C)cc4c4cc(C(C)(C)C)ccc43)cc1C2=O,Cc1ccccc1,463.0,82.6,4.002881858,602.0,92.4,0.15,7.5,deep4chem
O=C1c2ccc(-c3ccc(N(c4ccccc4)c4ccccc4)cc3)cc2C(=O)c2ccc(-c3ccc(N(c4ccccc4)c4ccccc4)cc3)cc21,Cc1ccccc1,454.0,86.5,4.33867396,597.0,89.6,0.59,9.0,deep4chem
O=C1c2ccc(-c3ccc(N(c4ccc(-c5ccccc5)cc4)c4ccc(-c5ccccc5)cc4)cc3)cc2C(=O)c2ccc(-c3ccc(N(c4ccc(-c5ccccc5)cc4)c4ccc(-c5ccccc5)cc4)cc3)cc21,Cc1ccccc1,456.0,83.9,4.207862683,608.0,92.6,0.62,11.2,deep4chem
CC(C)(C)c1ccc2c(c1)c1cc(C(C)(C)C)ccc1n2-c1ccc(-c2ccc3c(c2)C(=O)c2ccc(-c4ccc(-n5c6ccc(C(C)(C)C)cc6c6cc(C(C)(C)C)ccc65)cc4)cc2C3=O)cc1,Cc1ccccc1,426.0,82.9,3.999421326,558.0,94.2,0.6,12.6,deep4chem
O=S(=O)(c1ccc(-c2ccc(-n3c4ccccc4c4ccccc43)cc2)cc1)c1ccc(-c2ccc(-n3c4ccccc4c4ccccc43)cc2)cc1,Cc1ccccc1,341.0,40.5,4.47,399.0,49.1,1.0,2.55,deep4chem
COc1cc(OC)cc(C2=[O+][B-](F)(F)OC(c3ccccc3)=C2)c1,ClCCl,369.0,53.4,4.521138084,554.0,141.0,0.05,6.87,deep4chem
COc1ccc(C2=CC(c3cc(OC)cc(OC)c3)=[O+][B-](F)(F)O2)cc1,ClCCl,396.0,55.2,4.674861141,525.0,140.0,0.08,7.4,deep4chem
COc1cc(OC)cc(C2=[O+][B-](F)(F)OC(c3ccc4ccccc4c3)=C2)c1,ClCCl,402.0,78.3,4.546542663,560.0,151.8,0.05,4.84,deep4chem
COc1cc(OC)cc(C2=[O+][B-](F)(F)OC(c3cccs3)=C2)c1,ClCCl,391.0,54.4,4.649334859,567.0,137.7,0.04,4.53,deep4chem
COc1cc(OC)cc(C2=[O+][B-](F)(F)OC(c3ccc4cc(OC)ccc4c3)=C2)c1,ClCCl,427.0,64.3,4.698970004,520.0,94.1,0.95,4.32,deep4chem
Cc1cccc(-c2c3ccccc3c(-c3cccc(C)n3)c3ccccc23)n1,ClCCl,393.0,51.3,4.103803721,428.0,63.1,0.77,6.0,deep4chem
Cc1cccc(-c2c3ccccc3cc3ccccc23)n1,ClCCl,385.0,48.8,3.982271233,418.0,63.1,0.48,5.7,deep4chem
Cc1cccc2[n+]1[B-](c1ccccc1)(c1ccccc1)c1cccc3c4c5c(cccc5c-2c13)[B-](c1ccccc1)(c1ccccc1)[n+]1c(C)cccc1-4,ClCCl,542.0,84.6,4.283301229,611.0,94.5,0.56,10.9,deep4chem
CC[B-]1(CC)c2cccc3c4c5c(cccc5c(c23)-c2cccc(C)[n+]21)[B-](CC)(CC)[n+]1c(C)cccc1-4,ClCCl,538.0,96.1,4.123851641,620.0,97.7,0.53,11.1,deep4chem
CC[B-]1(CC)c2cccc3cc4ccccc4c(c23)-c2cccc(C)[n+]21,ClCCl,453.0,69.4,4.025305865,538.0,93.7,0.202,4.1,deep4chem
C(=C/c1cc(/C=C/c2ccc(-n3c4ccccc4c4ccccc43)cc2)cc(/C=C/c2ccc(-n3c4ccccc4c4ccccc43)cc2)c1)\c1ccc(-n2c3ccccc3c3ccccc32)cc1,Cc1ccccc1,345.0,68.6,4.990338855,401.0,43.2,0.59,3.41,deep4chem
C(=C/c1cc(/C=C/c2ccc(-n3c4ccccc4c4ccccc43)cc2)cc(/C=C/c2ccc(-n3c4ccccc4c4ccccc43)cc2)c1)\c1ccc(-n2c3ccccc3c3ccccc32)cc1,C1CCOC1,343.0,65.5,5.176091259,403.0,53.3,0.8,4.56,deep4chem
C(=C/c1cc(/C=C/c2ccc(-n3c4ccccc4c4ccccc43)cc2)cc(/C=C/c2ccc(-n3c4ccccc4c4ccccc43)cc2)c1)\c1ccc(-n2c3ccccc3c3ccccc32)cc1,ClCCl,344.0,67.3,4.605305046,419.0,62.9,0.75,3.39,deep4chem
C(=C/c1cc(/C=C/c2ccc(-n3c4ccccc4c4ccccc43)cc2)cc(/C=C/c2ccc(-n3c4ccccc4c4ccccc43)cc2)c1)\c1ccc(-n2c3ccccc3c3ccccc32)cc1,CC#N,344.0,63.4,4.167317335,429.0,83.3,0.83,3.84,deep4chem
C(=C/c1nc(/C=C/c2ccc(-n3c4ccccc4c4ccccc43)cc2)nc(/C=C/c2ccc(-n3c4ccccc4c4ccccc43)cc2)n1)\c1ccc(-n2c3ccccc3c3ccccc32)cc1,Cc1ccccc1,389.0,62.0,5.064457989,453.0,71.0,0.55,3.87,deep4chem
C(=C/c1nc(/C=C/c2ccc(-n3c4ccccc4c4ccccc43)cc2)nc(/C=C/c2ccc(-n3c4ccccc4c4ccccc43)cc2)n1)\c1ccc(-n2c3ccccc3c3ccccc32)cc1,CC#N,376.0,73.2,3.966141733,574.0,154.8,0.16,2.03,deep4chem
c1ccc2c(c1)Nc1ccccc1B2c1c2ccccc2cc2ccccc12,ClCCl,394.0,32.8,5.079181246,424.0,67.7,0.19,16.8,deep4chem
c12c3c4c5c1c1c6c7c2c2c8c3c3c9c4c4c%10c5c5c1c1c6c6c%11c%12c%13c%14c%15c%16c%17c%14c%14c%18c%13c%11c1c1c5c%10c5c(c%14c%10c%17c%11c%13c%16c%14c%16c%15c%12c%12c%16c(c2c7c%126)c2c8c3c(c%13c%142)c2c9c4c5c%10c%112)c%181,CC1CCCCC1,470.0,114.3,4.204119983,650.0,93.7,0.0006,0.65,deep4chem
c1cc2ccc3cc4cccc5ccc6cc(c1)c2c3c6c54,ClCCl,433.0,12.8,4.8,437.0,35.7,0.24,3.06,deep4chem
c1ccc(-c2cc3cc4cccc5c(-c6ccccc6)cc6cc7cccc2c7c3c6c45)cc1,ClCCl,439.0,17.6,4.68,442.0,13.6,0.33,4.21,deep4chem
CC(C)(C)c1ccc(-c2c3cccc4c(-c5ccccc5)cc5c(-c6ccc(C(C)(C)C)cc6)c6cccc7c(-c8ccccc8)cc2c(c76)c5c43)cc1,ClCCl,454.0,42.8,4.87,465.0,29.2,0.26,2.98,deep4chem
Cc1ccccc1-c1c2cccc3c(-c4ccc(C(C)(C)C)cc4)cc4c(-c5ccccc5C)c5cccc6c(-c7ccc(C(C)(C)C)cc7)cc1c(c65)c4c32,ClCCl,447.0,43.7,4.68,455.0,37.1,0.28,3.39,deep4chem
CCCCC1=Cc2c3ccc4cccc5ccc(c6cc(-c7ccccc7)n(c26)P1(=O)c1ccccc1)c3c45,C1COCCO1,430.0,58.0,4.59,460.0,59.6,0.55,1.8,deep4chem
CCCCC1=Cc2c3ccc4cccc5ccc(c6cc(-c7ccccc7)n(c26)P1(=O)c1ccccc1)c3c45,ClC(Cl)Cl,431.0,55.8,4.58,458.0,59.4,0.56,1.6,deep4chem
CCCCC1=Cc2c3ccc4cccc5ccc(c6cc(-c7ccccc7)n(c26)P1(=O)c1ccccc1)c3c45,ClCCl,430.0,56.6,4.58,459.0,60.6,0.57,1.6,deep4chem
CCCCC1=Cc2c3ccc4cccc5ccc(c6cc(-c7ccccc7)n(c26)P1(=O)c1ccccc1)c3c45,C1CCOC1,430.0,56.6,4.58,459.0,61.3,0.51,1.7,deep4chem
CCCCC1=Cc2c3ccc4cccc5ccc(c6cc(-c7ccccc7)n(c26)P1(=O)c1ccccc1)c3c45,CC#N,426.0,55.8,4.58,459.0,62.3,0.54,1.8,deep4chem
CCCCC1=Cc2c3ccc4cccc5ccc(c6cc(-c7ccccc7)n(c26)P1(=O)c1ccccc1)c3c45,CO,426.0,55.8,4.57,459.0,62.3,0.51,1.7,deep4chem
CCCCC1=Cc2c3ccc4cccc5ccc(c6cc(-c7ccc(N(c8ccccc8)c8ccccc8)cc7)n(c26)P1(=O)c1ccccc1)c3c45,C1CCCCC1,431.0,67.7,4.49,502.0,67.4,0.56,1.8,deep4chem
CCCCC1=Cc2c3ccc4cccc5ccc(c6cc(-c7ccc(N(c8ccccc8)c8ccccc8)cc7)n(c26)P1(=O)c1ccccc1)c3c45,Cc1ccccc1,434.0,70.4,4.49,518.0,77.0,0.61,2.0,deep4chem
CCCCC1=Cc2c3ccc4cccc5ccc(c6cc(-c7ccc(N(c8ccccc8)c8ccccc8)cc7)n(c26)P1(=O)c1ccccc1)c3c45,C1COCCO1,432.0,65.5,4.5,526.0,86.2,0.61,2.6,deep4chem
CCCCC1=Cc2c3ccc4cccc5ccc(c6cc(-c7ccc(N(c8ccccc8)c8ccccc8)cc7)n(c26)P1(=O)c1ccccc1)c3c45,ClC(Cl)Cl,433.0,67.7,4.5,537.0,90.8,0.58,2.8,deep4chem
CCCCC1=Cc2c3ccc4cccc5ccc(c6cc(-c7ccc(N(c8ccccc8)c8ccccc8)cc7)n(c26)P1(=O)c1ccccc1)c3c45,ClCCl,431.0,68.7,4.5,551.0,96.1,0.62,3.8,deep4chem
CCCCC1=Cc2c3ccc4cccc5ccc(c6cc(-c7ccc(N(c8ccccc8)c8ccccc8)cc7)n(c26)P1(=O)c1ccccc1)c3c45,C1CCOC1,432.0,69.6,4.5,541.0,95.2,0.49,3.2,deep4chem
CCCCC1=Cc2c3ccc4cccc5ccc(c6cc(-c7ccc(N(c8ccccc8)c8ccccc8)cc7)n(c26)P1(=O)c1ccccc1)c3c45,CC(C)=O,429.0,67.2,4.5,560.0,100.4,0.52,4.2,deep4chem
CCCCC1=Cc2c3ccc4cccc5ccc(c6cc(-c7ccc(N(c8ccccc8)c8ccccc8)cc7)n(c26)P1(=O)c1ccccc1)c3c45,CC#N,428.0,68.0,4.51,572.0,112.5,0.39,4.8,deep4chem
CCCCC1=Cc2c3ccc4cccc5ccc(c6cc(-c7ccc(N(c8ccccc8)c8ccccc8)cc7)n(c26)P1(=O)c1ccccc1)c3c45,CO,428.0,68.8,4.52,563.0,110.5,0.29,4.2,deep4chem
O=P1(c2ccccc2)C(c2cc(C(F)(F)F)cc(C(F)(F)F)c2)=Cc2c3ccc4cccc5ccc(c6cc(-c7ccccc7)n1c26)c3c45,C1CCCCC1,451.0,74.0,4.5,501.0,64.9,0.54,1.9,deep4chem
O=P1(c2ccccc2)C(c2cc(C(F)(F)F)cc(C(F)(F)F)c2)=Cc2c3ccc4cccc5ccc(c6cc(-c7ccccc7)n1c26)c3c45,Cc1ccccc1,453.0,75.3,4.49,514.0,68.1,0.66,2.5,deep4chem
O=P1(c2ccccc2)C(c2cc(C(F)(F)F)cc(C(F)(F)F)c2)=Cc2c3ccc4cccc5ccc(c6cc(-c7ccccc7)n1c26)c3c45,C1COCCO1,448.0,73.7,4.51,514.0,70.5,0.62,2.6,deep4chem
O=P1(c2ccccc2)C(c2cc(C(F)(F)F)cc(C(F)(F)F)c2)=Cc2c3ccc4cccc5ccc(c6cc(-c7ccccc7)n1c26)c3c45,ClC(Cl)Cl,452.0,72.4,4.5,514.0,69.5,0.6,2.4,deep4chem
O=P1(c2ccccc2)C(c2cc(C(F)(F)F)cc(C(F)(F)F)c2)=Cc2c3ccc4cccc5ccc(c6cc(-c7ccccc7)n1c26)c3c45,ClCCl,450.0,74.0,4.51,521.0,71.4,0.61,2.9,deep4chem
O=P1(c2ccccc2)C(c2cc(C(F)(F)F)cc(C(F)(F)F)c2)=Cc2c3ccc4cccc5ccc(c6cc(-c7ccccc7)n1c26)c3c45,C1CCOC1,451.0,74.2,4.5,521.0,81.3,0.61,3.1,deep4chem
O=P1(c2ccccc2)C(c2cc(C(F)(F)F)cc(C(F)(F)F)c2)=Cc2c3ccc4cccc5ccc(c6cc(-c7ccccc7)n1c26)c3c45,CC(C)=O,446.0,72.1,4.5,526.0,77.9,0.64,3.6,deep4chem
O=P1(c2ccccc2)C(c2cc(C(F)(F)F)cc(C(F)(F)F)c2)=Cc2c3ccc4cccc5ccc(c6cc(-c7ccccc7)n1c26)c3c45,CC#N,445.0,72.4,4.51,531.0,78.4,0.63,3.7,deep4chem
O=P1(c2ccccc2)C(c2cc(C(F)(F)F)cc(C(F)(F)F)c2)=Cc2c3ccc4cccc5ccc(c6cc(-c7ccccc7)n1c26)c3c45,CO,444.0,72.4,4.5,524.0,85.2,0.65,3.8,deep4chem
O=P1(c2ccccc2)C(c2cc(C(F)(F)F)cc(C(F)(F)F)c2)=Cc2c3ccc4cccc5ccc(c6cc(-c7ccc(N(c8ccccc8)c8ccccc8)cc7)n1c26)c3c45,C1CCCCC1,434.0,88.5,4.61,558.0,86.4,0.44,4.3,deep4chem
O=P1(c2ccccc2)C(c2cc(C(F)(F)F)cc(C(F)(F)F)c2)=Cc2c3ccc4cccc5ccc(c6cc(-c7ccc(N(c8ccccc8)c8ccccc8)cc7)n1c26)c3c45,Cc1ccccc1,441.0,90.7,4.58,586.0,107.7,0.49,6.2,deep4chem
O=P1(c2ccccc2)C(c2cc(C(F)(F)F)cc(C(F)(F)F)c2)=Cc2c3ccc4cccc5ccc(c6cc(-c7ccc(N(c8ccccc8)c8ccccc8)cc7)n1c26)c3c45,C1COCCO1,436.0,88.0,4.62,595.0,109.2,0.48,6.6,deep4chem
O=P1(c2ccccc2)C(c2cc(C(F)(F)F)cc(C(F)(F)F)c2)=Cc2c3ccc4cccc5ccc(c6cc(-c7ccc(N(c8ccccc8)c8ccccc8)cc7)n1c26)c3c45,ClC(Cl)Cl,441.0,87.4,4.61,603.0,97.6,0.49,7.2,deep4chem
O=P1(c2ccccc2)C(c2cc(C(F)(F)F)cc(C(F)(F)F)c2)=Cc2c3ccc4cccc5ccc(c6cc(-c7ccc(N(c8ccccc8)c8ccccc8)cc7)n1c26)c3c45,ClCCl,437.0,88.5,4.62,622.0,114.0,0.23,5.8,deep4chem
O=P1(c2ccccc2)C(c2cc(C(F)(F)F)cc(C(F)(F)F)c2)=Cc2c3ccc4cccc5ccc(c6cc(-c7ccc(N(c8ccccc8)c8ccccc8)cc7)n1c26)c3c45,C1CCOC1,437.0,89.1,4.61,620.0,114.3,0.17,4.016,deep4chem
O=P1(c2ccccc2)C(c2cc(C(F)(F)F)cc(C(F)(F)F)c2)=Cc2c3ccc4cccc5ccc(c6cc(-c7ccc(N(c8ccccc8)c8ccccc8)cc7)n1c26)c3c45,CC(C)=O,435.0,86.6,4.62,635.0,121.5,0.11,2.174,deep4chem
O=P1(c2ccccc2)C(c2cc(C(F)(F)F)cc(C(F)(F)F)c2)=Cc2c3ccc4cccc5ccc(c6cc(-c7ccc(N(c8ccccc8)c8ccccc8)cc7)n1c26)c3c45,CC#N,434.0,86.3,4.62,645.0,128.7,0.004,1.226,deep4chem
O=P1(c2ccccc2)C(c2cc(C(F)(F)F)cc(C(F)(F)F)c2)=Cc2c3ccc4cccc5ccc(c6cc(-c7ccc(N(c8ccccc8)c8ccccc8)cc7)n1c26)c3c45,CO,444.0,85.5,4.63,636.0,128.4,0.004,0.75,deep4chem
O=C1NC(=O)C(c2c[nH]c3ccccc23)=C1c1c[nH]c2ccccc12,CC#N,446.0,100.5,3.835690571,585.0,93.7,0.1,8.5,deep4chem
O=C1NC(=O)c2c1c1c3ccccc3[nH]c1c1[nH]c3ccccc3c21,CC#N,402.0,90.6,3.747256397,500.0,72.4,0.33,10.0,deep4chem
CN(C)c1ccc(C2=Cc3c4ccccc4cc[n+]3[B-](F)(F)O2)cc1,ClC(Cl)Cl,466.0,68.5,4.498310554,512.4,53.2,0.743,2.3417,deep4chem
COc1ccc(C2=Cc3c4ccccc4cc[n+]3[B-](F)(F)O2)cc1,ClC(Cl)Cl,410.5,61.0,4.588831726,478.2,68.2,0.313,0.9577,deep4chem
Cc1ccc(C2=Cc3c4ccccc4cc[n+]3[B-](F)(F)O2)cc1,ClC(Cl)Cl,404.0,59.1,4.546542663,471.0,74.5,0.087,0.3767,deep4chem
Cc1cccc(C2=Cc3c4ccccc4cc[n+]3[B-](F)(F)O2)c1,ClC(Cl)Cl,401.5,58.4,4.5132176,464.8,75.9,0.06,0.2521,deep4chem
F[B-]1(F)OC(c2ccccc2)=Cc2c3ccccc3cc[n+]21,ClC(Cl)Cl,400.0,58.4,4.496929648,463.2,76.0,0.046,0.2023,deep4chem
F[B-]1(F)OC(c2ccc(Br)cc2)=Cc2c3ccccc3cc[n+]21,ClC(Cl)Cl,403.0,60.0,4.579783597,466.4,77.8,0.049,0.2321,deep4chem
F[B-]1(F)OC(c2cccc(Br)c2)=Cc2c3ccccc3cc[n+]21,ClC(Cl)Cl,399.5,59.4,4.484299839,465.0,78.4,0.033,0.1732,deep4chem
F[B-]1(F)OC(c2ccc(C(F)(F)F)cc2)=Cc2c3ccccc3cc[n+]21,ClC(Cl)Cl,398.5,58.9,4.421603927,464.6,81.1,0.026,0.1397,deep4chem
CC(C)(C)c1ccc(C(C)(C)C)c(N2C(=O)c3cccc4c(-c5ccc(-c6ccccc6)s5)ccc(c34)C2=O)c1,Cc1ccccc1,398.0,70.2,4.184691431,493.0,81.1,0.06,0.21,deep4chem
CC(C)(C)c1ccc(C(C)(C)C)c(N2C(=O)c3cccc4c(-c5ccc(-c6ccccc6)s5)ccc(c34)C2=O)c1,CS(C)=O,405.0,77.7,4.225309282,557.0,106.3,0.43,2.62,deep4chem
CC(C)(C)c1ccc(C(C)(C)C)c(N2C(=O)c3cccc4c(-c5ccc(-c6ccccc6)s5)ccc(c34)C2=O)c1,CO,403.0,80.2,4.250420002,572.0,116.6,0.34,2.53,deep4chem
CC(C)(C)c1ccc(C(C)(C)C)c(N2C(=O)c3cccc4c(-c5ccc(-c6ccc([N+](=O)[O-])cc6)s5)ccc(c34)C2=O)c1,Cc1ccccc1,392.0,82.3,4.469822016,479.0,76.7,0.07,0.22,deep4chem
CC(C)(C)c1ccc(C(C)(C)C)c(N2C(=O)c3cccc4c(-c5ccc(-c6ccc([N+](=O)[O-])cc6)s5)ccc(c34)C2=O)c1,CS(C)=O,400.0,84.8,4.436162647,538.0,129.1,0.17,0.55,deep4chem
CC(C)(C)c1ccc(C(C)(C)C)c(N2C(=O)c3cccc4c(-c5ccc(-c6ccc([N+](=O)[O-])cc6)s5)ccc(c34)C2=O)c1,CO,393.0,92.2,4.324282455,531.0,108.1,0.03,0.2,deep4chem
CC(C)(C)c1ccc(C(C)(C)C)c(N2C(=O)c3cccc4c(-c5ccc(-c6ccc(N(c7ccccc7)c7ccccc7)cc6)s5)ccc(c34)C2=O)c1,Cc1ccccc1,440.0,91.7,4.26245109,575.0,108.4,0.56,2.6,deep4chem
CC1=[N+]2C(=C(Oc3ccccc3)c3ccc(C)n3[B-]2(F)F)C=C1c1cc2n(c1)[B-](F)(F)[N+]1=CC=CC1=C2c1c(C)cc(C)cc1C,C1CCCCC1,582.0,95.5,4.783903579,630.0,80.4,0.89,2.76,deep4chem
CC1=[N+]2C(=C(Oc3ccccc3)c3ccc(C)n3[B-]2(F)F)C=C1c1cc2n(c1)[B-](F)(F)[N+]1=CC=CC1=C2c1c(C)cc(C)cc1C,CCOC(C)=O,577.0,94.9,4.769377326,665.0,127.3,0.16,0.92,deep4chem
CC1=[N+]2C(=Cc3ccc(C)n3[B-]2(F)F)C=C1c1cc2n(c1)[B-](F)(F)[N+]1=CC=CC1=C2c1c(C)cc(C)cc1C,C1CCCCC1,592.5,95.7,4.793790385,636.0,62.0,0.98,2.74,deep4chem
CC1=[N+]2C(=Cc3ccc(C)n3[B-]2(F)F)C=C1c1cc2n(c1)[B-](F)(F)[N+]1=CC=CC1=C2c1c(C)cc(C)cc1C,CCOC(C)=O,589.0,96.6,4.790988475,683.0,133.3,0.11,0.58,deep4chem
CC1=[N+]2C(=C(c3ccc(C=O)cc3)c3ccc(C)n3[B-]2(F)F)C=C1c1cc2n(c1)[B-](F)(F)[N+]1=CC=CC1=C2c1c(C)cc(C)cc1C,C1CCCCC1,604.5,92.8,4.894316063,657.0,72.9,0.92,2.7,deep4chem
CC1=[N+]2C(=C(c3ccc(C=O)cc3)c3ccc(C)n3[B-]2(F)F)C=C1c1cc2n(c1)[B-](F)(F)[N+]1=CC=CC1=C2c1c(C)cc(C)cc1C,CCOC(C)=O,604.5,97.5,4.875639937,669.0,114.4,0.2,0.9,deep4chem
CC1=[N+]2C(=C(c3ccc(Br)cc3)c3ccc(C)n3[B-]2(F)F)C=C1c1cc2n(c1)[B-](F)(F)[N+]1=CC=CC1=C2c1c(C)cc(C)cc1C,C1CCCCC1,598.5,88.6,4.872738827,642.0,69.7,0.85,3.01,deep4chem
CC1=[N+]2C(=C(c3ccc(Br)cc3)c3ccc(C)n3[B-]2(F)F)C=C1c1cc2n(c1)[B-](F)(F)[N+]1=CC=CC1=C2c1c(C)cc(C)cc1C,CCOC(C)=O,601.5,90.3,4.853698212,670.0,123.2,0.21,0.9376,deep4chem
CC1=[N+]2C(=C(c3ccccc3C)c3ccc(C)n3[B-]2(F)F)C=C1c1cc2n(c1)[B-](F)(F)[N+]1=CC=CC1=C2c1c(C)cc(C)cc1C,C1CCCCC1,595.0,90.8,4.797267541,640.0,66.9,0.84,2.84,deep4chem
CC1=[N+]2C(=C(c3ccccc3C)c3ccc(C)n3[B-]2(F)F)C=C1c1cc2n(c1)[B-](F)(F)[N+]1=CC=CC1=C2c1c(C)cc(C)cc1C,CCOC(C)=O,599.0,93.0,4.751279104,679.0,132.3,0.16,0.81,deep4chem
CC1=C(C(C)(C)C)C(C)=[N+]2C1=C(C)c1c(C)c(C(C)(C)C)c(C)n1[B-]2(F)F,CC(C)CC(C)(C)C,527.5,31.0,4.90579588,569.0,74.3,0.4,4.43,deep4chem
CC1=C(C(C)(C)C)C(C)=[N+]2C1=C(C)c1c(C)c(C(C)(C)C)c(C)n1[B-]2(F)F,OCC(F)(F)F,521.6,34.7,4.845718018,561.2,70.6,0.49,4.64,deep4chem
COC(=O)c1cc(=O)n(C)c2cc(-c3ccccc3)sc12,ClCCl,394.0,62.2,3.880813592,462.0,67.9,0.63,2.33,deep4chem
COC(=O)c1cc(=O)n(C)c2cc(-c3ccc(OC)cc3)sc12,ClCCl,400.0,71.2,4.204119983,472.0,68.4,0.9,2.3,deep4chem
COC(=O)c1cc(=O)n(C)c2cc(-c3cccc(OC)c3)sc12,ClCCl,394.0,61.9,4.662757832,464.0,67.0,0.48,2.59,deep4chem
COC(=O)c1cc(=O)n(C)c2cc(-c3ccccc3OC)sc12,ClCCl,398.0,63.1,4.322219295,469.0,67.6,0.51,1.31,deep4chem
COC(=O)c1cc(=O)n(Cc2ccccc2)c2cc(-c3ccc(OC)cc3)sc12,ClCCl,404.0,64.7,4.602059991,474.0,68.0,0.99,2.06,deep4chem
COc1ccc(-c2cc3c(s2)c(-c2ccccc2)cc(=O)n3C)cc1,ClCCl,386.0,56.8,4.447158031,437.0,64.1,0.46,4.69,deep4chem
COc1ccc(-c2cc3c(s2)c(C(C)=O)cc(=O)n3C)cc1,ClCCl,418.0,72.1,4.123851641,510.0,82.5,0.98,1.51,deep4chem
COc1ccc(-c2cc3c(s2)c(C(C)=O)cc(=O)n3Cc2ccccc2)cc1,ClCCl,426.0,73.2,4.579783597,512.0,70.5,0.99,1.94,deep4chem
COC(=O)c1cc(=O)n(C)c2cc(-c3ccc(Oc4ccccc4)cc3)sc12,ClCCl,398.0,62.2,4.089905111,469.0,68.2,0.83,2.83,deep4chem
COC(=O)c1cc(=O)n(C)c2cc(-c3ccc4c(c3)OCO4)sc12,ClCCl,404.0,65.6,3.643452676,474.0,70.5,0.62,1.72,deep4chem
COC(=O)c1cc(=O)n(C)c2cc(-c3ccc4c(c3)OCCO4)sc12,ClCCl,402.0,64.2,4.456366033,473.0,68.9,0.83,2.15,deep4chem
COC(=O)c1cc(=O)n(C)c2cc(-c3cc(OC)c(OC)c(OC)c3)sc12,ClCCl,400.0,64.3,4.392696953,485.0,82.5,0.53,1.36,deep4chem
COC(=O)c1cc(=O)n(C)c2cc(-c3ccc(N(C)C)cc3)sc12,ClCCl,434.0,74.6,4.463892989,554.0,93.3,0.82,2.07,deep4chem
COC(=O)c1cc(=O)n(C)c2cc(-c3ccccc3N(C)C)sc12,ClCCl,406.0,65.8,4.247973266,537.0,105.6,0.17,1.23,deep4chem
COC(=O)c1cc(=O)n(Cc2ccccc2)c2cc(-c3ccc(N(C)C)cc3)sc12,ClCCl,436.0,78.4,4.338456494,563.0,93.8,0.98,1.86,deep4chem
CC(=O)c1cc(=O)n(C)c2cc(-c3ccc(N(C)C)cc3)sc12,ClCCl,448.0,86.2,4.434568904,610.0,120.3,0.18,0.71,deep4chem
CCN(CC)c1ccc(-c2cc3c(s2)c(C(=O)OC)cc(=O)n3C)cc1,ClCCl,442.0,76.6,4.567026366,562.0,93.4,0.91,6.59,deep4chem
COC(=O)c1cc(=O)n(C)c2cc(-c3ccc(N4CCN(C)CC4)cc3)sc12,ClCCl,420.0,73.4,4.378397901,550.0,100.7,0.99,1.5,deep4chem
COC(=O)c1cc(=O)n(C)c2cc(-c3cc4c5c(c3)CCCN5CCC4)sc12,ClCCl,454.0,87.6,4.494154594,605.0,99.6,0.25,2.25,deep4chem
Cn1c(=O)cc(C(=O)c2ccccc2)c2sc(-c3ccc(OC(F)(F)F)cc3)cc21,ClCCl,400.0,83.9,3.995635195,518.0,88.8,0.85,4.77,deep4chem
COc1ccc(C#Cc2ccc(C#Cc3ccc(P(=O)(c4ccccc4)c4ccccc4)cc3)cc2)cc1,ClC(Cl)Cl,335.0,59.2,4.770852012,388.0,58.0,0.76,0.78,deep4chem
COc1ccc(C#Cc2ccc(C#Cc3ccc(P(=O)(c4ccc(C#Cc5ccc(C#Cc6ccc(OC)cc6)cc5)cc4)c4ccc(C#Cc5ccc(C#Cc6ccc(OC)cc6)cc5)cc4)cc3)cc2)cc1,ClC(Cl)Cl,338.0,60.2,5.247973266,392.0,59.9,0.77,0.74,deep4chem
CCCCCCN(CCCCCC)c1ccc(C#Cc2ccc(-c3ccc(C#Cc4ccc(N(CCCCCC)CCCCCC)cc4)cc3)cc2)cc1,Cc1ccccc1,374.0,59.8,4.92,424.0,52.5,0.87,1.0,deep4chem
CCCCCCN(CCCCCC)c1ccc(C#Cc2ccc(C#Cc3ccc(-c4ccc(C#Cc5ccc(C#Cc6ccc(N(CCCCCC)CCCCCC)cc6)cc5)cc4)cc3)cc2)cc1,Cc1ccccc1,381.0,75.9,5.04,433.0,56.4,0.82,0.8,deep4chem
CCCCCCCCN(CCCCCCCC)c1ccc(/C=C/c2ccc(C#Cc3ccc(-c4ccc(C#Cc5ccc(/C=C/c6ccc(N(CCCCCCCC)CCCCCCCC)cc6)cc5)cc4)cc3)cc2)cc1,Cc1ccccc1,406.0,70.6,5.13,463.0,68.5,0.5,0.4,deep4chem
CCCCCCN(CCCCCC)c1ccc(C#Cc2ccc(/C=C/c3ccc(-c4ccc(/C=C/c5ccc(C#Cc6ccc(N(CCCCCC)CCCCCC)cc6)cc5)cc4)cc3)cc2)cc1,Cc1ccccc1,400.0,71.6,5.22,452.0,60.1,0.8,0.5,deep4chem
CCCCCCCCCC1(CCCCCCCCC)c2cc(C#Cc3ccc(C#Cc4ccc(N(CCCCCC)CCCCCC)cc4)cc3)ccc2-c2ccc(C#Cc3ccc(C#Cc4ccc(N(CCCCCC)CCCCCC)cc4)cc3)cc21,Cc1ccccc1,387.0,70.1,5.11,433.0,47.5,0.82,0.7,deep4chem
CCCCCCCCCC1(CCCCCCCCC)c2cc(C#Cc3ccc(/C=C/c4ccc(N(CCCCCCCC)CCCCCCCC)cc4)cc3)ccc2-c2ccc(C#Cc3ccc(/C=C/c4ccc(N(CCCCCCCC)CCCCCCCC)cc4)cc3)cc21,Cc1ccccc1,411.0,71.9,5.1,464.0,63.6,0.61,0.5,deep4chem
c1ccc([B-]2(c3ccccc3)Oc3ccc4ccccc4c3-c3c4ccccc4cc[n+]32)cc1,Cc1ccccc1,427.0,67.7,3.698970004,522.0,100.7,0.32,9.47,deep4chem
c1ccc([B-]2(c3ccccc3)Oc3ccc4ccccc4c3-c3c4ccccc4nc[n+]32)cc1,Cc1ccccc1,451.0,72.0,3.707570176,543.0,98.6,0.25,9.59,deep4chem
c1ccc([B-]2(c3ccccc3)Oc3ccc4ccccc4c3-c3c4ccccc4cn[n+]32)cc1,Cc1ccccc1,436.0,72.0,3.531478917,555.0,109.8,0.15,9.32,deep4chem
c1ccc(N2c3ccc4ccccc4c3-c3c4ccccc4cc[n+]3[B-]2(c2ccccc2)c2ccccc2)cc1,Cc1ccccc1,511.0,75.5,3.799340549,623.0,129.3,0.17,6.31,deep4chem
c1ccc(N2c3ccc4ccccc4c3-c3c4ccccc4nc[n+]3[B-]2(c2ccccc2)c2ccccc2)cc1,Cc1ccccc1,539.0,82.4,3.934498451,654.0,135.1,0.03,1.56,deep4chem
c1ccc(N2c3ccc4ccccc4c3-c3c4ccccc4cn[n+]3[B-]2(c2ccccc2)c2ccccc2)cc1,Cc1ccccc1,524.0,86.4,3.462397998,657.0,136.0,0.05,2.56,deep4chem
CN(C)c1ccc(C2=Nc3scc[n+]3[B-](F)(F)O2)cc1,C1CCOC1,402.0,48.7,4.743509765,454.0,49.1,0.99,2.22,deep4chem
Cc1csc2[n+]1[B-](F)(F)OC(c1ccc(N(C)C)cc1)=N2,C1CCOC1,405.0,50.9,4.741151599,453.0,48.7,0.99,2.24,deep4chem
CCOC(=O)c1csc2[n+]1[B-](F)(F)OC(c1ccc(N(C)C)cc1)=N2,C1CCOC1,404.0,46.3,4.783188691,459.0,49.9,0.56,2.1,deep4chem
CN(C)c1ccc(C2=Nc3scc(-c4ccccc4)[n+]3[B-](F)(F)O2)cc1,C1CCOC1,406.0,51.5,4.758154622,456.0,49.7,0.75,2.06,deep4chem
CN(C)c1ccc(C2=Nc3scc(-c4ccc(N(C)C)cc4)[n+]3[B-](F)(F)O2)cc1,C1CCOC1,406.0,61.7,4.679427897,616.0,178.2,0.01,0.21,deep4chem
CN(C)c1ccc(C2=Nc3scc(-c4ccc(C#N)cc4)[n+]3[B-](F)(F)O2)cc1,C1CCOC1,411.0,50.2,4.730782276,462.0,51.5,0.23,1.69,deep4chem
CN(C)c1ccc(C2=Nc3scc(-c4ccc([N+](=O)[O-])cc4)[n+]3[B-](F)(F)O2)cc1,C1CCOC1,412.0,50.9,4.778874472,454.0,66.5,0.001,1.64,deep4chem
COc1ccc(N(c2ccc(OC)cc2)c2ccc3ccc4c(B(c5c(C)cc(C)cc5C)c5c(C)cc(C)cc5C)ccc5ccc2c3c54)cc1,CCCCCC,463.0,71.8,4.267171728,534.0,65.5,1.0,6.2,deep4chem
Cc1cc(C)c(B(c2cc3c4c(c(B(c5c(C)cc(C)cc5C)c5c(C)cc(C)cc5C)cc5c4c2CCC5)CCC3)c2c(C)cc(C)cc2C)c(C)c1,CCCCCC,420.0,53.1,3.857332496,456.0,54.2,0.9,14.6,deep4chem
CC(C)(C)c1ccc2c(c1)c1cc(C(C)(C)C)ccc1n2-c1ccc(C#Cc2cccc(C#Cc3ccc(-n4c5ccc(C(C)(C)C)cc5c5cc(C(C)(C)C)ccc54)cc3)c2)cc1,ClCCl,345.0,54.6,4.685965544,416.0,67.2,0.88,3.62,deep4chem
CC1(C)OB(c2cc3ccc4cccc5ccc(c2)c3c45)OC1(C)C,Cc1ccccc1,385.0,20.7,3.278753601,386.0,6.7,0.72,82.0,deep4chem
BrCCCCCCCCCCCCOc1cc2ccc3cccc4ccc(c1)c2c34,Cc1ccccc1,384.0,21.2,3.579783597,384.0,6.0,0.59,60.0,deep4chem
COC(=O)c1ccc(-c2cc3ccc4cccc5ccc(c2)c3c45)cc1,Cc1ccccc1,364.0,22.3,3.041392685,406.0,40.3,0.43,74.0,deep4chem
Cc1cc(C)c(B(c2ccc(-c3cc4ccc5cccc6ccc(c3)c4c56)cc2)c2c(C)cc(C)cc2C)c(C)c1,Cc1ccccc1,378.0,29.6,3.431363764,414.0,44.6,0.47,65.0,deep4chem
O=C(O)CCCc1ccc2ccc3cccc4ccc1c2c34,CO,375.0,25.6,3.230448921,375.0,5.9,0.68,460.0,deep4chem
C(#Cc1ccc2ccc3cccc4ccc1c2c34)c1ccccc1,Cc1ccccc1,362.0,48.7,4.770852012,391.0,32.1,0.61,3.0,deep4chem
Cc1cc(C)c(B(c2c(C)cc(C)cc2C)c2ccc3ccc4cccc5ccc2c3c45)c(C)c1,Cc1ccccc1,399.0,44.3,4.73239376,423.0,43.8,0.71,3.0,deep4chem
COc1cc2c(cc1-c1ccncc1)Cc1c3c(c4c(c1-2)-c1cc(OC)c(-c2ccncc2)cc1C4)C(=O)N(CCC(C)C)C3=O,C1CCOC1,407.0,80.4,4.38,456.0,61.5,0.42,2.24,deep4chem
COc1cc2c(cc1-c1ccc(C(F)(F)F)cc1)Cc1c3c(c4c(c1-2)-c1cc(OC)c(-c2ccc(C(F)(F)F)cc2)cc1C4)C(=O)N(CCC(C)C)C3=O,C1CCOC1,404.0,80.1,4.43,458.0,58.3,0.45,2.43,deep4chem
COc1cc2c(cc1-c1ccc(C#N)cc1)Cc1c3c(c4c(c1-2)-c1cc(OC)c(-c2ccc(C#N)cc2)cc1C4)C(=O)N(CCC(C)C)C3=O,C1CCOC1,409.0,80.8,4.53,460.0,57.0,0.51,2.1,deep4chem
COc1cc2c(cc1-c1ccc(C=O)cc1)Cc1c3c(c4c(c1-2)-c1cc(OC)c(-c2ccc(C=O)cc2)cc1C4)C(=O)N(CCC(C)C)C3=O,C1CCOC1,414.0,84.5,4.57,462.0,56.2,0.52,1.83,deep4chem
COc1cc2c(cc1-c1ccc(Cl)cc1)Cc1c3c(c4c(c1-2)-c1cc(OC)c(-c2ccc(Cl)cc2)cc1C4)C(=O)N(CCC(C)C)C3=O,C1CCOC1,406.0,83.8,4.46,466.0,60.3,0.52,3.05,deep4chem
COc1cc2c(cc1-c1ccc(F)cc1)Cc1c3c(c4c(c1-2)-c1cc(OC)c(-c2ccc(F)cc2)cc1C4)C(=O)N(CCC(C)C)C3=O,C1CCOC1,405.0,84.9,4.47,468.0,61.3,0.52,3.77,deep4chem
COc1cc2c(cc1-c1ccccc1)Cc1c3c(c4c(c1-2)-c1cc(OC)c(-c2ccccc2)cc1C4)C(=O)N(CCC(C)C)C3=O,C1CCOC1,405.0,83.9,4.41,469.0,62.3,0.53,3.87,deep4chem
COc1cc2c(cc1-c1ccc(C)cc1)Cc1c3c(c4c(c1-2)-c1cc(OC)c(-c2ccc(C)cc2)cc1C4)C(=O)N(CCC(C)C)C3=O,C1CCOC1,411.0,86.3,4.47,476.0,63.3,0.67,3.92,deep4chem
COc1cc2c(cc1-c1ccccc1)Cc1c3c(c4c(c1-2)-c1cc(OC)c(-c2ccccc2)cc1C4)C(=O)N(CCC(C)C)C3=O,Cc1ccccc1,405.0,82.9,4.38,460.0,58.3,0.48,2.55,deep4chem
COc1cc2c(cc1-c1ccccc1)Cc1c3c(c4c(c1-2)-c1cc(OC)c(-c2ccccc2)cc1C4)C(=O)N(CCC(C)C)C3=O,ClCCl,411.0,85.3,4.36,489.0,69.4,0.63,5.64,deep4chem
COc1cc2c(cc1-c1ccccc1)Cc1c3c(c4c(c1-2)-c1cc(OC)c(-c2ccccc2)cc1C4)C(=O)N(CCC(C)C)C3=O,CCOC(C)=O,405.0,83.0,4.4,468.0,63.4,0.61,3.99,deep4chem
COc1cc2c(cc1-c1ccccc1)Cc1c3c(c4c(c1-2)-c1cc(OC)c(-c2ccccc2)cc1C4)C(=O)N(CCC(C)C)C3=O,ClC(Cl)Cl,414.0,87.9,4.34,492.0,68.7,0.64,5.95,deep4chem
COc1cc2c(cc1-c1ccccc1)Cc1c3c(c4c(c1-2)-c1cc(OC)c(-c2ccccc2)cc1C4)C(=O)N(CCC(C)C)C3=O,CC(C)=O,407.0,83.9,4.43,486.0,70.4,0.38,5.36,deep4chem
COc1cc2c(cc1-c1ccccc1)Cc1c3c(c4c(c1-2)-c1cc(OC)c(-c2ccccc2)cc1C4)C(=O)N(CCC(C)C)C3=O,CC#N,406.0,84.4,4.38,497.0,76.6,0.46,6.33,deep4chem
COc1cc2c(cc1-c1ccccc1)Cc1c3c(c4c(c1-2)-c1cc(OC)c(-c2ccccc2)cc1C4)C(=O)N(CCC(C)C)C3=O,CS(C)=O,413.0,89.0,4.36,503.0,75.8,0.47,6.41,deep4chem
CN1CCN(CCCN2c3ccccc3Sc3ccc(C(F)(F)F)cc32)CC1,CC#N,310.0,59.8,3.612783857,470.0,88.5,0.001,2.68,deep4chem
N#Cc1ccc(C#Cc2ccc(C#Cc3ccccc3C#N)cc2C#N)cc1,ClC(Cl)Cl,340.0,70.9,4.74,370.0,37.4,0.783,1.83,deep4chem
N#Cc1ccc(C#Cc2ccc(C#Cc3ccc(C#Cc4ccccc4C#N)cc3C#N)cc2C#N)cc1,ClC(Cl)Cl,357.0,68.6,4.94,392.0,32.8,0.858,1.14,deep4chem
CSc1ccc(C#Cc2ccc(C#Cc3ccc(C#Cc4ccccc4C#N)cc3C#N)cc2C#N)cc1,ClC(Cl)Cl,375.0,82.7,4.89,455.0,78.3,0.972,1.29,deep4chem
Cc1ccc(C#Cc2ccc(C#Cc3ccc(C#Cc4ccccc4C#N)cc3C#N)cc2C#N)cc1,ClC(Cl)Cl,360.0,70.5,4.91,403.0,53.8,0.96,1.23,deep4chem
COc1ccc(C#Cc2ccc(C#Cc3ccc(C#Cc4ccccc4C#N)cc3C#N)cc2C#N)cc1,ClC(Cl)Cl,371.0,77.6,4.87,434.0,73.6,0.982,1.36,deep4chem
CN(C)c1ccc(C#Cc2ccc(C#Cc3ccc(C#Cc4ccccc4C#N)cc3C#N)cc2C#N)cc1,ClC(Cl)Cl,425.0,86.5,4.75,555.0,100.5,0.999,1.78,deep4chem
COc1ccc(/C=C/C2=[O+][B-](F)(F)OC(/C=C/c3ccc(OC)cc3)=C2c2ccccc2)cc1,ClCCl,505.0,77.6,4.89337333,554.0,77.1,0.41,1.35,deep4chem
COc1ccc2cc(/C=C/C3=[O+][B-](F)(F)OC(/C=C/c4ccc5cc(OC)ccc5c4)=C3c3ccccc3)ccc2c1,ClCCl,526.0,96.0,4.858055718,600.0,88.5,0.51,1.86,deep4chem
Cn1c2ccccc2c2cc(/C=C/C3=[O+][B-](F)(F)OC(/C=C/c4ccc5c(c4)c4ccccc4n5C)=C3c3ccccc3)ccc21,ClCCl,565.0,85.6,4.843045811,636.0,81.6,0.6,2.15,deep4chem
O=c1c2ccccc2[nH]c2ccccc12,CS(C)=O,398.0,36.1,3.995635195,408.0,38.7,0.75,9.1,deep4chem
Cn1c2ccccc2c(=O)c2ccccc21,CS(C)=O,403.0,36.4,4.020775488,417.0,43.9,0.65,8.85,deep4chem
CCCCCn1c2ccccc2c(=O)c2ccccc21,CS(C)=O,403.0,35.8,4.052693942,414.0,38.7,0.68,8.1,deep4chem
CCCCCCCCn1c2ccccc2c(=O)c2ccccc21,CS(C)=O,404.0,35.0,4.067442843,414.0,41.4,0.66,7.96,deep4chem
O=c1c2cc(S(=O)(=O)Cl)ccc2[nH]c2ccc(S(=O)(=O)Cl)cc12,CS(C)=O,399.0,41.3,3.859738566,417.0,45.1,0.7,10.78,deep4chem
Cn1c2ccc(S(=O)(=O)Cl)cc2c(=O)c2cc(S(=O)(=O)Cl)ccc21,CS(C)=O,406.0,40.5,3.939019776,424.0,46.1,0.7,10.59,deep4chem
CCCCCn1c2ccc(S(=O)(=O)Cl)cc2c(=O)c2cc(S(=O)(=O)Cl)ccc21,CS(C)=O,406.0,37.9,3.925312091,422.0,44.4,0.76,10.08,deep4chem
O=c1c2cc(S(=O)(=O)O)ccc2[nH]c2ccc(S(=O)(=O)O)cc12,CS(C)=O,399.0,41.3,3.77815125,417.0,44.9,0.66,10.95,deep4chem
Cn1c2ccc(S(=O)(=O)O)cc2c(=O)c2cc(S(=O)(=O)O)ccc21,CS(C)=O,405.0,39.4,3.874481818,424.0,46.1,0.64,10.64,deep4chem
CCCCCn1c2ccc(S(=O)(=O)O)cc2c(=O)c2cc(S(=O)(=O)O)ccc21,CS(C)=O,406.0,37.9,3.86923172,421.0,43.9,0.7,10.17,deep4chem
O=P1(c2ccccc2)C(c2ccc(N(c3ccccc3)c3ccccc3)cc2)=Cc2cc3ccccc3cc21,ClCCl,414.0,76.5,4.49,533.0,102.6,0.85,4.7,deep4chem
CCOC(=O)c1ccc(C2=Cc3ccccc3P2(=O)c2ccccc2)cc1,ClCCl,353.0,60.2,4.12,425.0,85.1,0.82,5.1,deep4chem
COc1ccc(C2=Cc3ccccc3P2(=O)c2ccccc2)cc1,ClCCl,365.0,61.3,4.09,454.0,84.4,0.82,6.4,deep4chem
O=P1(c2ccccc2)C(c2ccc(N(c3ccccc3)c3ccccc3)cc2)=Cc2ccccc21,ClCCl,415.0,71.0,4.29,544.0,112.8,0.81,6.0,deep4chem
c1ccc(-p2c3ccccc3c3sc4ccccc4c32)cc1,ClCCl,317.0,54.9,4.45,421.0,142.6,0.24,3.57,deep4chem
O=S1(=O)c2ccccc2-c2c1c1ccccc1p2-c1ccccc1,ClCCl,357.0,68.4,4.21,453.0,129.9,0.14,11.278,deep4chem
O=P1(c2ccccc2)C2=C(c3ccccc31)S(=O)(=O)c1ccccc12,ClCCl,386.0,61.3,3.73,466.0,121.4,0.98,12.9,deep4chem
C[P+]1(c2ccccc2)C2=C(c3ccccc31)S(=O)(=O)c1ccccc12,ClCCl,395.0,69.6,4.33,483.0,128.5,0.99,12.763,deep4chem
CCN(CC)c1ccc2c(c1)oc(=O)c1c(-c3ccccc3C(=O)O)c3ccc(=[N+](CC)CC)cc-3oc12,ClC(Cl)Cl,602.0,46.2,4.888740961,636.0,52.4,0.51,4.16,deep4chem
CCN(CC)c1ccc2c(c1)oc(=O)c1c(-c3ccccc3C(=O)O)c3ccc(=[N+](CC)CC)cc-3oc12,CCO,591.0,56.4,4.850033258,637.0,59.4,0.21,2.29,deep4chem
CCN(CC)c1ccc2c(c1)oc(=O)c1c(-c3ccccc3C(=O)O)c3ccc(=[N+](CC)CC)cc-3oc12,O,594.0,65.0,4.428134794,646.0,71.8,0.01,0.31,deep4chem
CC[N+](CC)=c1ccc2c(-c3ccccc3C(=O)O)c3c(=O)oc4cc5c(cc4c3oc-2c1)CCCN5C,ClC(Cl)Cl,610.0,49.0,4.88422877,647.0,53.1,0.27,3.79,deep4chem
CC[N+](CC)=c1ccc2c(-c3ccccc3C(=O)O)c3c(=O)oc4cc5c(cc4c3oc-2c1)CCCN5C,CCO,598.0,58.5,4.811575006,651.0,67.1,0.05,0.98,deep4chem
CC[N+](CC)=c1ccc2c(-c3ccccc3C(=O)O)c3c(=O)oc4c5c6c(cc4c3oc-2c1)CCCN6CCC5,ClC(Cl)Cl,623.0,57.7,4.875061263,664.0,56.4,0.09,2.87,deep4chem
CC[N+](CC)=c1ccc2c(-c3ccccc3C(=O)O)c3c(=O)oc4c5c6c(cc4c3oc-2c1)CCCN6CCC5,CCO,612.0,65.0,4.840106094,674.0,79.2,0.01,0.47,deep4chem
CCOC(=O)c1ccccc1-c1c2ccc(=[N+](CC)CC)cc-2oc2c1c(=O)oc1cc(N(CC)CC)ccc12,ClC(Cl)Cl,601.0,43.1,4.995635195,640.0,53.2,0.49,4.31,deep4chem
CCOC(=O)c1ccccc1-c1c2ccc(=[N+](CC)CC)cc-2oc2c1c(=O)oc1cc(N(CC)CC)ccc12,CCO,595.0,58.5,4.806179974,642.0,61.4,0.2,2.12,deep4chem
CCOC(=O)c1ccccc1-c1c2ccc(=[N+](CC)CC)cc-2oc2c1c(=O)oc1cc(N(CC)CC)ccc12,O,596.0,65.7,4.854913022,652.0,70.1,0.01,0.27,deep4chem
CCOC(=O)c1ccccc1-c1c2ccc(=[N+](CC)CC)cc-2oc2c1c(=O)oc1cc3c(cc12)CCCN3C,ClC(Cl)Cl,608.0,45.2,5.033423755,647.0,53.2,0.33,4.07,deep4chem
CCOC(=O)c1ccccc1-c1c2ccc(=[N+](CC)CC)cc-2oc2c1c(=O)oc1cc3c(cc12)CCCN3C,CCO,602.0,56.3,4.890979597,658.0,67.3,0.04,0.86,deep4chem
CCOC(=O)c1ccccc1-c1c2ccc(=[N+](CC)CC)cc-2oc2c1c(=O)oc1c3c4c(cc12)CCCN4CCC3,ClC(Cl)Cl,625.0,52.5,5.032618761,669.0,54.7,0.11,3.44,deep4chem
CCOC(=O)c1ccccc1-c1c2ccc(=[N+](CC)CC)cc-2oc2c1c(=O)oc1c3c4c(cc12)CCCN4CCC3,CCO,616.0,65.1,4.942504106,681.0,78.2,0.01,0.43,deep4chem
Cn1cc(-c2nc3ccccc3nc2/C=C/N2CCCC2)c2ccccc21,CC#N,440.0,76.5,4.238046103,556.9662921,100.7,0.43,6.75,deep4chem
Cn1ccc(-c2nc3ccccc3nc2/C=C/N2CCCC2)c1,CC#N,445.0,75.3,4.311753861,579.0754258,105.8,0.33,5.96,deep4chem
COc1ccc(-c2nc3ccccc3nc2/C=C/N2CCCC2)s1,CC#N,456.0,74.5,4.184691431,583.9416058,121.0,0.21,5.78,deep4chem
O=Cc1ccc(-c2cccs2)s1,CC#N,350.0,55.1,4.339451441,425.0,64.5,0.023,0.9,deep4chem
CCOC(=O)c1c(N)sc(/N=C/c2cccs2)c1C(=O)OCC,CC#N,400.0,73.2,4.278753601,480.0,63.7,0.0029,14.0,deep4chem
CCOC(=O)c1c(N)sc(/N=C/c2ccc(-c3cccs3)s2)c1C(=O)OCC,CC#N,466.0,129.3,4.40654018,541.0,38.2,0.0006,6.2,deep4chem
CCOC(=O)c1c(/N=C/c2cccs2)sc(/N=C/c2cccs2)c1C(=O)OCC,CC#N,440.0,101.2,4.436162647,534.0,172.3,0.0028,13.2,deep4chem
CCOC(=O)c1c(/N=C/c2ccc(-c3cccs3)s2)sc(/N=C/c2ccc(-c3cccs3)s2)c1C(=O)OCC,CC#N,492.0,120.6,4.501059262,592.0,64.0,0.0042,5.8,deep4chem
CCOC(=O)c1c(/N=C/c2cccs2)sc(/N=C/c2ccc(-c3cccs3)s2)c1C(=O)OCC,CC#N,470.0,123.8,4.481442629,581.0,33.6,0.0038,7.2,deep4chem
COc1cc2c(cc1/C=C/C(=C(C#N)C#N)c1ccccc1)c1ccccc1n2C,Cc1ccccc1,461.0,47.5,4.381692552,566.0,107.7,0.007,7.98,deep4chem
COc1cc2c(cc1/C=C/C(=C(C#N)C#N)c1ccccc1)c1ccccc1n2C,C1CCOC1,463.0,49.0,4.407067826,568.0,83.5,0.008,7.35,deep4chem
COc1cc2c(cc1/C=C/C(=C(C#N)C#N)c1ccccc1)c1ccccc1n2C,CCOC(C)=O,458.0,50.8,4.421044248,549.0,77.0,0.009,6.74,deep4chem
COc1cc2c(cc1/C=C/C(=C(C#N)C#N)c1ccccc1)c1ccccc1n2C,ClCCl,466.0,51.8,4.473618333,560.0,83.2,0.022,6.44,deep4chem
COc1cc2c(cc1/C=C/C(=C(C#N)C#N)c1ccccc1)c1ccccc1n2C,ClC(Cl)Cl,470.0,48.7,4.433369747,554.0,80.0,0.018,8.11,deep4chem
COc1cc2c(cc1/C=C/C(=C(C#N)C#N)c1ccccc1)c1ccccc1n2C,CC#N,460.0,52.4,4.380283618,589.0,81.1,0.014,7.64,deep4chem
COc1cc2c(cc1/C=C/C(=C(C#N)C#N)c1ccccc1)c1ccccc1n2C,CCO,466.0,58.2,4.446878752,575.0,79.3,0.012,5.52,deep4chem
COc1cc2c(cc1/C=C/C(=C(C#N)C#N)c1ccccc1)c1ccccc1n2C,CN(C)C=O,470.0,53.4,4.420961881,573.0,80.9,0.022,7.2,deep4chem
CCOc1cc2c(cc1/C=C/C(=C(C#N)C#N)c1ccccc1)c1ccccc1n2CC,CCOC(C)=O,458.0,75.1,4.585922979,537.0,77.2,0.011,5.19,deep4chem
CCOc1cc2c(cc1/C=C/C(=C(C#N)C#N)c1ccccc1)c1ccccc1n2CC,ClCCl,468.0,78.0,4.610266139,558.0,79.4,0.051,5.13,deep4chem
CCOc1cc2c(cc1/C=C/C(=C(C#N)C#N)c1ccccc1)c1ccccc1n2CC,ClC(Cl)Cl,470.0,80.1,4.423802725,550.0,78.1,0.048,7.78,deep4chem
CCOc1cc2c(cc1/C=C/C(=C(C#N)C#N)c1ccccc1)c1ccccc1n2CC,CC#N,462.0,77.5,4.53545869,569.0,79.2,0.045,5.72,deep4chem
CCOc1cc2c(cc1/C=C/C(=C(C#N)C#N)c1ccccc1)c1ccccc1n2CC,CCO,468.0,83.5,4.579314763,575.0,81.2,0.057,5.24,deep4chem
CCOc1cc2c(cc1/C=C/C(=C(C#N)C#N)c1ccccc1)c1ccccc1n2CC,CN(C)C=O,471.0,85.9,4.56368276,573.0,79.4,0.088,5.41,deep4chem
CCOc1cc2c(cc1/C=C/C(=C(C#N)C#N)c1ccccc1)c1ccccc1n2CC,CS(C)=O,476.0,87.2,4.451095312,575.0,80.3,0.139,7.08,deep4chem
COc1cc2c(cc1/C=C/C1=CC(=C(C#N)C#N)CC(C)(C)C1)c1ccccc1n2C,Cc1ccccc1,468.0,58.4,4.30263392,576.0,106.9,0.007,8.3,deep4chem
COc1cc2c(cc1/C=C/C1=CC(=C(C#N)C#N)CC(C)(C)C1)c1ccccc1n2C,C1CCOC1,475.0,62.3,4.404080743,609.0,90.0,0.013,6.48,deep4chem
COc1cc2c(cc1/C=C/C1=CC(=C(C#N)C#N)CC(C)(C)C1)c1ccccc1n2C,CCOC(C)=O,462.0,62.3,4.367765791,590.0,100.3,0.009,6.38,deep4chem
COc1cc2c(cc1/C=C/C1=CC(=C(C#N)C#N)CC(C)(C)C1)c1ccccc1n2C,ClCCl,478.0,56.7,4.418351017,615.0,90.7,0.022,6.7,deep4chem
COc1cc2c(cc1/C=C/C1=CC(=C(C#N)C#N)CC(C)(C)C1)c1ccccc1n2C,ClC(Cl)Cl,485.0,61.7,4.331467788,601.0,90.7,0.018,9.43,deep4chem
COc1cc2c(cc1/C=C/C1=CC(=C(C#N)C#N)CC(C)(C)C1)c1ccccc1n2C,CC#N,477.0,55.2,4.26587866,622.0,86.6,0.031,10.4,deep4chem
COc1cc2c(cc1/C=C/C1=CC(=C(C#N)C#N)CC(C)(C)C1)c1ccccc1n2C,CCO,479.0,63.6,4.331953395,627.0,82.4,0.021,7.78,deep4chem
COc1cc2c(cc1/C=C/C1=CC(=C(C#N)C#N)CC(C)(C)C1)c1ccccc1n2C,CN(C)C=O,484.0,67.8,4.267124775,632.0,81.5,0.038,9.14,deep4chem
COc1cc2c(cc1/C=C/C1=CC(=C(C#N)C#N)CC(C)(C)C1)c1ccccc1n2C,CS(C)=O,489.0,65.7,4.332094928,639.0,82.9,0.059,8.27,deep4chem
CCOc1cc2c(cc1/C=C/C1=CC(=C(C#N)C#N)CC(C)(C)C1)c1ccccc1n2CC,Cc1ccccc1,474.0,97.0,4.6785639,578.0,102.6,0.008,3.84,deep4chem
CCOc1cc2c(cc1/C=C/C1=CC(=C(C#N)C#N)CC(C)(C)C1)c1ccccc1n2CC,C1CCOC1,476.0,103.9,4.581824549,610.0,87.9,0.021,4.47,deep4chem
CCOc1cc2c(cc1/C=C/C1=CC(=C(C#N)C#N)CC(C)(C)C1)c1ccccc1n2CC,CCOC(C)=O,469.0,90.7,4.414889822,591.0,101.5,0.026,7.08,deep4chem
CCOc1cc2c(cc1/C=C/C1=CC(=C(C#N)C#N)CC(C)(C)C1)c1ccccc1n2CC,ClCCl,479.0,96.1,4.466956545,617.0,93.4,0.028,6.24,deep4chem
CCOc1cc2c(cc1/C=C/C1=CC(=C(C#N)C#N)CC(C)(C)C1)c1ccccc1n2CC,ClC(Cl)Cl,480.0,99.0,4.634698895,608.0,85.3,0.017,4.37,deep4chem
CCOc1cc2c(cc1/C=C/C1=CC(=C(C#N)C#N)CC(C)(C)C1)c1ccccc1n2CC,CC#N,474.0,103.9,4.639705573,629.0,82.2,0.018,3.81,deep4chem
CCOc1cc2c(cc1/C=C/C1=CC(=C(C#N)C#N)CC(C)(C)C1)c1ccccc1n2CC,CCO,480.0,107.0,4.599926718,632.0,82.4,0.025,4.28,deep4chem
CCOc1cc2c(cc1/C=C/C1=CC(=C(C#N)C#N)CC(C)(C)C1)c1ccccc1n2CC,CN(C)C=O,487.0,108.4,4.640014095,635.0,78.9,0.035,4.01,deep4chem
CCOc1cc2c(cc1/C=C/C1=CC(=C(C#N)C#N)CC(C)(C)C1)c1ccccc1n2CC,CS(C)=O,491.0,106.1,4.550937326,641.0,82.4,0.05,4.94,deep4chem
CCC1(CC)c2cc(Br)ccc2-c2c1c1c(c3c2C(CC)(CC)c2cc(-c4cccs4)ccc2-3)C(CC)(CC)c2cc(-c3cccs3)ccc2-1,C1CCOC1,338.0,52.8,4.995635195,388.0,49.0,0.38,0.92,deep4chem
CCC1(CC)c2cc(-c3cccs3)ccc2-c2c1c1c(c3c2C(CC)(CC)c2cc(-c4cccs4)ccc2-3)C(CC)(CC)c2cc(-c3cccs3)ccc2-1,C1CCOC1,340.0,40.8,5.212187604,385.0,41.6,0.59,2.1,deep4chem
CCC1(CC)c2cc(C#Cc3cccs3)ccc2-c2c1c1c(c3c2C(CC)(CC)c2cc(C#Cc4cccs4)ccc2-3)C(CC)(CC)c2cc(C#Cc3cccs3)ccc2-1,C1CCOC1,362.0,43.7,5.064457989,390.0,39.4,0.58,1.5,deep4chem
CCC1(CC)c2cc(/C=C/c3cccs3)ccc2-c2c1c1c(c3c2C(CC)(CC)c2cc(/C=C/c4cccs4)ccc2-3)C(CC)(CC)c2cc(/C=C/c3cccs3)ccc2-1,C1CCOC1,386.0,64.9,4.919078092,400.0,51.9,0.56,1.6,deep4chem
CCCCn1c2ccccc2c2c1c1c3ccccc3n(CCCC)c1c1c3ccccc3n(CCCC)c21,C1CCOC1,316.0,35.2,4.799340549,396.0,46.4,0.19,6.0,deep4chem
CCCCn1c2ccc(-c3cccs3)cc2c2c1c1c3ccc(-c4cccs4)cc3n(CCCC)c1c1c3ccc(-c4cccs4)cc3n(CCCC)c21,C1CCOC1,337.0,76.6,5.079181246,424.0,70.8,0.37,4.2,deep4chem
COc1cc(N(c2ccccc2)c2ccccc2)ccc1C=C(C#N)C#N,Cc1ccccc1,443.0,61.0,4.672097858,525.0,78.1,0.01,0.03,deep4chem
COc1cc(N(c2ccccc2)c2ccccc2)ccc1C=C(C#N)C#N,C1COCCO1,436.0,59.0,4.73239376,548.0,97.0,0.012,0.04,deep4chem
COc1cc(N(c2ccccc2)c2ccccc2)ccc1C=C(C#N)C#N,ClCCl,446.0,59.0,4.806179974,590.0,115.0,0.016,0.06,deep4chem
COc1cc(N(c2ccccc2)c2ccccc2)ccc1C=C(C#N)C#N,ClC(Cl)Cl,449.0,58.0,4.748188027,567.0,103.5,0.023,0.1,deep4chem
COc1cc(N(c2ccccc2)c2ccccc2)ccc1C=C(C#N)C#N,CCOC(C)=O,439.0,57.0,4.698970004,573.0,111.2,0.017,0.07,deep4chem
COc1cc(N(c2ccccc2)c2ccccc2)ccc1C=C(C#N)C#N,CO,442.0,63.0,4.748188027,562.0,146.3,0.006,0.02,deep4chem
COc1cc(N(c2ccccc2)c2ccc(C=C(C#N)C#N)c(OC)c2)ccc1C=C(C#N)C#N,Cc1ccccc1,471.0,56.0,4.826074803,500.0,47.2,0.032,0.051,deep4chem
COc1cc(N(c2ccccc2)c2ccc(C=C(C#N)C#N)c(OC)c2)ccc1C=C(C#N)C#N,C1COCCO1,464.0,59.0,4.755874856,520.0,59.9,0.035,0.925,deep4chem
COc1cc(N(c2ccccc2)c2ccc(C=C(C#N)C#N)c(OC)c2)ccc1C=C(C#N)C#N,ClCCl,479.0,59.0,4.799340549,534.0,70.0,0.072,0.15,deep4chem
COc1cc(N(c2ccccc2)c2ccc(C=C(C#N)C#N)c(OC)c2)ccc1C=C(C#N)C#N,ClC(Cl)Cl,480.0,51.0,4.86332286,524.0,56.8,0.076,0.23,deep4chem
COc1cc(N(c2ccccc2)c2ccc(C=C(C#N)C#N)c(OC)c2)ccc1C=C(C#N)C#N,CCOC(C)=O,468.0,57.0,4.838849091,532.0,69.6,0.085,0.22,deep4chem
COc1cc(N(c2ccccc2)c2ccc(C=C(C#N)C#N)c(OC)c2)ccc1C=C(C#N)C#N,CC(C)=O,470.0,68.0,4.662757832,562.0,103.5,0.017,0.049,deep4chem
COc1cc(N(c2ccccc2)c2ccc(C=C(C#N)C#N)c(OC)c2)ccc1C=C(C#N)C#N,CN(C)C=O,469.0,71.0,4.748188027,576.0,108.0,0.073,0.23,deep4chem
COc1cc(N(c2ccccc2)c2ccc(C=C(C#N)C#N)c(OC)c2)ccc1C=C(C#N)C#N,CC#N,477.0,63.0,4.72427587,571.0,111.6,0.008,0.026,deep4chem
COc1cc(N(c2ccc(C=C(C#N)C#N)c(OC)c2)c2ccc(C=C(C#N)C#N)c(OC)c2)ccc1C=C(C#N)C#N,Cc1ccccc1,456.0,78.0,4.62324929,500.0,57.9,0.018,0.03,deep4chem
COc1cc(N(c2ccc(C=C(C#N)C#N)c(OC)c2)c2ccc(C=C(C#N)C#N)c(OC)c2)ccc1C=C(C#N)C#N,C1COCCO1,448.0,78.0,4.643452676,521.0,82.9,0.025,0.65,deep4chem
COc1cc(N(c2ccc(C=C(C#N)C#N)c(OC)c2)c2ccc(C=C(C#N)C#N)c(OC)c2)ccc1C=C(C#N)C#N,ClCCl,460.0,69.0,4.568201724,531.0,84.5,0.028,0.09,deep4chem
COc1cc(N(c2ccc(C=C(C#N)C#N)c(OC)c2)c2ccc(C=C(C#N)C#N)c(OC)c2)ccc1C=C(C#N)C#N,ClC(Cl)Cl,452.0,74.0,4.342422681,514.0,72.6,0.025,0.14,deep4chem
COc1cc(N(c2ccc(C=C(C#N)C#N)c(OC)c2)c2ccc(C=C(C#N)C#N)c(OC)c2)ccc1C=C(C#N)C#N,CCOC(C)=O,450.0,82.0,4.681241237,532.0,82.6,0.166,0.32,deep4chem
COc1cc(N(c2ccc(C=C(C#N)C#N)c(OC)c2)c2ccc(C=C(C#N)C#N)c(OC)c2)ccc1C=C(C#N)C#N,CC(C)=O,454.0,91.0,4.763427994,557.0,103.2,0.074,0.17,deep4chem
COc1cc(N(c2ccc(C=C(C#N)C#N)c(OC)c2)c2ccc(C=C(C#N)C#N)c(OC)c2)ccc1C=C(C#N)C#N,CN(C)C=O,454.0,93.0,4.681241237,575.0,111.1,0.026,0.06,deep4chem
COc1cc(N(c2ccc(C=C(C#N)C#N)c(OC)c2)c2ccc(C=C(C#N)C#N)c(OC)c2)ccc1C=C(C#N)C#N,CC#N,454.0,84.0,4.591064607,566.0,113.2,0.047,0.14,deep4chem
COc1cc(N(c2ccc(C=C(C#N)C#N)c(OC)c2)c2ccc(C=C(C#N)C#N)c(OC)c2)ccc1C=C(C#N)C#N,CO,454.0,80.0,4.612783857,551.0,107.9,0.043,0.12,deep4chem
CSc1sc(C(N)=O)c2nnn(C)c(=O)c12,CS(C)=O,398.5,61.7,3.939519253,527.0,124.1,0.1,5.4,deep4chem
CSc1sc(C(N)=O)c2nnn(C)c(=O)c12,CN(C)C=O,396.5,58.0,3.84509804,514.0,108.3,0.27,15.0,deep4chem
CSc1sc(C(N)=O)c2nnn(C)c(=O)c12,CC#N,394.5,57.2,3.949390007,505.0,102.9,0.38,21.0,deep4chem
CSc1sc(C(N)=O)c2nnn(C)c(=O)c12,CO,397.0,60.6,3.812913357,521.0,122.9,0.16,11.0,deep4chem
CSc1sc(C(N)=O)c2nnn(C)c(=O)c12,CCO,397.0,59.3,3.851258349,519.0,120.2,0.22,14.0,deep4chem
CSc1sc(C(N)=O)c2nnn(C)c(=O)c12,C1CCOC1,393.0,61.4,3.832508913,496.0,97.1,0.5,19.0,deep4chem
CCOC(=O)c1sc(SC)c2c(=O)n(C)nnc12,CS(C)=O,393.5,59.6,4.041392685,501.0,107.0,0.0077,0.32,deep4chem
CCOC(=O)c1sc(SC)c2c(=O)n(C)nnc12,CN(C)C=O,391.5,53.7,3.949390007,487.0,95.1,0.013,0.57,deep4chem
CCOC(=O)c1sc(SC)c2c(=O)n(C)nnc12,CC#N,388.0,55.6,3.977723605,484.0,92.6,0.029,1.2,deep4chem
CCOC(=O)c1sc(SC)c2c(=O)n(C)nnc12,CO,391.5,58.3,4.0,508.0,111.1,0.052,3.1,deep4chem
CCOC(=O)c1sc(SC)c2c(=O)n(C)nnc12,CCO,391.0,56.4,4.0,501.0,102.5,0.054,2.9,deep4chem
CCOC(=O)c1sc(SC)c2c(=O)n(C)nnc12,C1CCOC1,387.5,53.7,4.041392685,470.0,82.7,0.016,0.57,deep4chem
CCOC(=O)c1sc(SC)c2c(=O)[nH]nnc12,CS(C)=O,387.5,55.7,3.959041392,491.0,105.3,0.0054,0.18,deep4chem
CCOC(=O)c1sc(SC)c2c(=O)[nH]nnc12,CC#N,381.0,56.5,3.380211242,478.0,89.9,0.018,0.73,deep4chem
CCOC(=O)c1sc(SC)c2c(=O)[nH]nnc12,CO,384.5,56.5,3.826074803,499.0,111.4,0.029,1.6,deep4chem
CCOC(=O)c1sc(SC)c2c(=O)[nH]nnc12,CCO,385.0,56.1,3.949390007,492.0,103.5,0.023,1.3,deep4chem
CCOC(=O)c1sc(SC)c2c(=O)[nH]nnc12,C1CCOC1,380.5,56.1,3.86923172,465.0,92.5,0.0075,0.21,deep4chem
CSc1sc(C(C)=O)c2nn[nH]c(=O)c12,CS(C)=O,400.5,57.2,4.146128036,497.0,100.9,0.0048,0.15,deep4chem
CSc1sc(C(C)=O)c2nn[nH]c(=O)c12,CC#N,393.0,57.6,3.69019608,483.0,90.8,0.017,0.75,deep4chem
CSc1sc(C(C)=O)c2nn[nH]c(=O)c12,CO,396.0,56.0,4.0,498.0,100.9,0.0077,0.33,deep4chem
CSc1sc(C(C)=O)c2nn[nH]c(=O)c12,CCO,397.0,56.8,4.041392685,489.0,98.7,0.0091,0.41,deep4chem
CSc1sc(C(C)=O)c2nn[nH]c(=O)c12,C1CCOC1,392.5,65.5,3.672097858,476.0,86.4,0.015,0.42,deep4chem
CSc1sc(C(=O)c2ccccc2)c2nn[nH]c(=O)c12,CS(C)=O,405.5,60.5,4.204119983,497.0,96.0,0.0056,0.13,deep4chem
CSc1sc(C(=O)c2ccccc2)c2nn[nH]c(=O)c12,CC#N,396.0,58.9,4.041392685,485.0,84.9,0.013,0.41,deep4chem
CSc1sc(C(=O)c2ccccc2)c2nn[nH]c(=O)c12,CO,400.0,59.3,4.079181246,495.0,92.1,0.0069,0.22,deep4chem
CSc1sc(C(=O)c2ccccc2)c2nn[nH]c(=O)c12,CCO,400.0,59.3,4.079181246,489.0,91.1,0.0088,0.28,deep4chem
CSc1sc(C(=O)c2ccccc2)c2nn[nH]c(=O)c12,C1CCOC1,396.5,59.7,3.875061263,482.0,80.7,0.016,0.33,deep4chem
c1ccc(-c2c3ccccc3cc3ccccc23)cc1,C1CCOC1,386.0,46.6,3.959041392,394.0,49.0,0.69,7.1,deep4chem
c1cc(-c2c3ccccc3cc3ccccc23)cc(-c2c3ccccc3cc3ccccc23)c1,C1CCOC1,387.0,47.1,4.230448921,397.0,43.6,0.71,6.6,deep4chem
c1ccc2c(-c3cc(-c4c5ccccc5cc5ccccc45)cc(-c4c5ccccc5cc5ccccc45)c3)c3ccccc3cc2c1,C1CCOC1,389.0,47.3,4.579783597,400.0,43.3,0.85,6.8,deep4chem
C[n+]1ccc(/C=C/c2cc[n+](C)cc2)cc1,CC#N,317.0,49.1,4.62324929,372.0,50.1,0.015,0.05,deep4chem
NC(=O)Cc1cccc2ccccc12,O,280.0,32.8,3.815577748,324.0,30.9,0.066,35.0,deep4chem
COC(=O)c1noc(-c2ccccc2)c1Br,C1CCCCC1,307.0,48.8,4.31344537,344.0,44.1,0.044,0.49,deep4chem
Nc1cccc2c1C(=O)c1ccccc1C2=O,ClCCl,464.0,79.0,3.755874856,558.0,91.4,0.0405,1.66,deep4chem
O=c1oc2ccccc2cc1-c1nc2ccccc2o1,CO,352.0,76.7,4.33,440.0,77.4,0.67,3.47,deep4chem
N#C[Se]CCCCCOc1ccc2ccc(=O)oc2c1,C1COCCO1,319.0,57.7,3.96890303,386.0,87.6,0.004,0.17,deep4chem
N#C[Se]CCCCCOc1ccc2ccc(=O)oc2c1,CC#N,321.0,53.7,3.994449137,387.0,66.3,0.015,0.56,deep4chem
N#C[Se]CCCCCOc1ccc2ccc(=O)oc2c1,CO,322.0,52.4,3.998608029,391.0,61.7,0.053,0.44,deep4chem
N#C[Se]CCCCCOc1ccc2ccc(=O)oc2c1,O,324.0,47.6,3.977586438,397.0,60.9,0.497,1.75,deep4chem
Cc1cc(-c2ccccc2)cc(C)[o+]1,ClCCl,343.0,44.0,4.380211242,434.0,84.0,0.011,0.78,deep4chem
Cc1ccc(-c2cc(C)[o+]c(C)c2)cc1,ClCCl,365.0,37.5,4.477121255,417.0,69.9,0.27,3.3,deep4chem
Cc1cc2nc3cc(C)c(N)cc3[n+](-c3ccccc3)c2cc1N,O,520.0,66.3,4.40654018,588.3,104.7,0.058,1.3,deep4chem
Cc1cc2nc3cc(C)c(N)cc3[n+](-c3ccccc3)c2cc1N,CCO,534.0,52.6,4.649334859,564.0,64.5,0.292,3.03,deep4chem
c1ccc(-c2nc(-c3ccc(-c4nc(-c5ccccc5)c(-c5ccccc5)[nH]4)s3)[nH]c2-c2ccccc2)cc1,CC#N,385.0,79.5,4.542451947,458.0,72.2,0.55,1.03,deep4chem
c1ccc(-c2nc(-c3ccc(-c4nc(-c5ccccc5)c(-c5ccccc5)[nH]4)cc3)[nH]c2-c2ccccc2)cc1,CC#N,358.0,77.8,4.172018809,424.0,63.2,0.75,1.11,deep4chem
COc1ccc(-c2nc(-c3ccc(-c4nc(-c5ccc(OC)cc5)c(-c5ccc(OC)cc5)[nH]4)cc3)[nH]c2-c2ccc(OC)cc2)cc1,CC#N,365.0,96.8,4.642563437,440.0,65.7,0.9,1.24,deep4chem
Cn1c(-c2ccc(-c3nc(-c4ccccc4)c(-c4ccccc4)n3C)cc2)nc(-c2ccccc2)c1-c1ccccc1,CC#N,334.0,98.6,4.189490314,417.0,62.2,0.66,1.1,deep4chem
c1ccc(-c2nc(-c3ccccc3)c(-c3ccccc3)[nH]2)cc1,CC#N,312.0,51.4,4.308137379,387.0,64.1,0.27,1.98,deep4chem
CC(=O)c1ccc(-c2cc(C)[o+]c(C)c2)cc1,ClCCl,336.0,61.0,4.380211242,405.0,90.9,0.03,2.0,deep4chem
O=C1c2ccc3c4ccc5c6c(ccc(c7ccc(c2c37)C(=O)N1c1ccc(O)cc1)c64)C(=O)N(c1ccc(O)cc1)C5=O,CN(C)C=O,524.0,55.2,4.536558443,539.0,57.6,0.06,2.2,deep4chem
O=C1c2ccc3c4ccc5c6c(ccc(c7ccc(c2c37)C(=O)N1c1ccc(O)cc1)c64)C(=O)N(c1ccc(O)cc1)C5=O,CN1CCCC1=O,525.0,51.6,4.825426118,541.0,58.2,0.01,0.2,deep4chem
O=C1c2ccc3c4ccc5c6c(ccc(c7ccc(c2c37)C(=O)N1c1ccc(O)cc1)c64)C(=O)N(c1ccc(O)cc1)C5=O,C1CCOC1,519.0,55.2,4.506505032,528.0,61.8,0.05,1.6,deep4chem
N#CC(C#N)=Cc1ccc(-c2ccc(N(c3ccccc3)c3ccccc3)cc2)cc1,ClC(Cl)Cl,461.0,87.6,4.47558403,634.0,111.4,0.19,3.64,deep4chem
Cc1ccc(N(c2ccc(C)cc2)c2ccc(-c3ccc(C=C(C#N)C#N)cc3)cc2)cc1,ClC(Cl)Cl,477.0,94.5,4.663135315,676.0,140.8,0.02,1.06,deep4chem
N#CC(C#N)=Cc1ccc(-c2ccc(N(c3ccccc3)c3ccccc3)cc2)s1,ClC(Cl)Cl,506.0,90.7,4.644694561,634.0,92.6,0.18,2.5,deep4chem
Cc1ccc(N(c2ccc(C)cc2)c2ccc(-c3ccc(C=C(C#N)C#N)s3)cc2)cc1,ClC(Cl)Cl,521.0,90.1,4.551949881,670.0,114.5,0.07,2.17,deep4chem
N#CC(C#N)=Cc1ccc(-c2ccc(N(c3ccccc3)c3ccccc3)cc2)o1,ClC(Cl)Cl,509.0,83.2,4.562673449,618.0,84.5,0.19,2.73,deep4chem
Cc1ccc(N(c2ccc(C)cc2)c2ccc(-c3ccc(C=C(C#N)C#N)o3)cc2)cc1,ClC(Cl)Cl,521.0,85.1,4.566943972,654.0,102.0,0.1,2.57,deep4chem
CN(C)c1ccc(C2=Cc3c4ccccc4c4ccccc4[n+]3[B-](F)(F)O2)cc1,ClC(Cl)Cl,483.0,61.5,4.744292983,521.0,56.6,0.811,2.595,deep4chem
C(#Cc1cccs1)C(C#Cc1cccs1)=Cc1ccc(C=C(C#Cc2cccs2)C#Cc2cccs2)s1,ClC(Cl)Cl,486.0,98.1,4.707570176,550.0,77.1,0.07,0.7,deep4chem
C(#Cc1ccccc1)C(C#Cc1ccccc1)=Cc1ccc(-c2ccc(C=C(C#Cc3ccccc3)C#Cc3ccccc3)cc2)cc1,ClC(Cl)Cl,394.0,91.1,4.934498451,461.0,60.9,0.39,0.7,deep4chem
C(#Cc1ccccc1)C(C#Cc1ccccc1)=Cc1ccc2cc(C=C(C#Cc3ccccc3)C#Cc3ccccc3)ccc2c1,ClC(Cl)Cl,418.0,81.2,4.785329835,473.0,60.1,0.49,1.1,deep4chem
CCCC1(CCC)c2cc(C=C(C#Cc3ccccc3)C#Cc3ccccc3)ccc2-c2ccc(C=C(C#Cc3ccccc3)C#Cc3ccccc3)cc21,ClC(Cl)Cl,422.0,79.0,4.72427587,473.0,57.5,0.31,0.6,deep4chem
C(#Cc1ccccc1)C(C#Cc1ccccc1)=Cc1ccc(C=C(C#Cc2ccccc2)C#Cc2ccccc2)cc1,ClC(Cl)Cl,416.0,90.4,4.740362689,475.0,60.6,0.35,1.2,deep4chem
COc1cc(C=C(C#Cc2ccccc2)C#Cc2ccccc2)c(OC)cc1C=C(C#Cc1ccccc1)C#Cc1ccccc1,ClC(Cl)Cl,455.0,90.4,4.505149978,522.0,61.1,0.34,1.4,deep4chem
C(#Cc1ccccc1)C(C#Cc1ccccc1)=Cc1ccc(C=C(C#Cc2ccccc2)C#Cc2ccccc2)s1,ClC(Cl)Cl,468.0,94.1,4.591064607,528.0,93.7,0.08,0.4,deep4chem
Cc1ccc(C2CC(c3ccc(O)cc3)=NN2c2ccc(S(N)(=O)=O)cc2)cc1,C1CCOC1,359.0,57.9,5.620136055,417.0,65.5,0.7,2.396,deep4chem
Cc1ccc(C2CC(c3ccc(O)cc3)=NN2c2ccc(S(N)(=O)=O)cc2)cc1,CCOC(C)=O,358.0,56.0,5.633468456,415.0,65.0,0.68,2.412,deep4chem
Cc1ccc(C2CC(c3ccc(O)cc3)=NN2c2ccc(S(N)(=O)=O)cc2)cc1,CN(C)C=O,362.0,56.9,5.600972896,422.0,64.8,0.76,2.591,deep4chem
Cc1ccc(C2CC(c3ccc(O)cc3)=NN2c2ccc(S(N)(=O)=O)cc2)cc1,CS(C)=O,364.0,56.2,5.547774705,424.0,64.6,0.82,2.557,deep4chem
Cc1ccc(C2CC(c3ccc(O)cc3)=NN2c2ccc(S(N)(=O)=O)cc2)cc1,CC#N,358.0,56.4,5.689308859,417.0,65.9,0.64,2.316,deep4chem
Cc1ccc(C2CC(c3ccc(O)cc3)=NN2c2ccc(S(N)(=O)=O)cc2)cc1,CC(C)O,358.0,55.2,5.661812686,423.0,74.3,0.5,2.106,deep4chem
Cc1ccc(C2CC(c3ccc(O)cc3)=NN2c2ccc(S(N)(=O)=O)cc2)cc1,CCO,358.0,54.7,5.665580991,428.0,76.6,0.43,2.037,deep4chem
Cc1ccc(C2CC(c3ccc(O)cc3)=NN2c2ccc(S(N)(=O)=O)cc2)cc1,CO,357.0,55.2,5.674861141,432.0,78.1,0.33,1.664,deep4chem
Cc1ccc(C2CC(c3ccc(O)cc3)=NN2c2ccc(S(N)(=O)=O)cc2)cc1,O,360.0,55.0,5.123851641,449.0,79.2,0.55,3.348,deep4chem
COc1ccc(C2CC(c3ccc(O)cc3)=NN2c2ccc(S(N)(=O)=O)cc2)cc1,C1CCOC1,359.0,55.4,5.394451681,417.0,66.0,0.78,2.358,deep4chem
COc1ccc(C2CC(c3ccc(O)cc3)=NN2c2ccc(S(N)(=O)=O)cc2)cc1,CCOC(C)=O,358.0,55.2,5.517195898,416.0,66.2,0.76,2.333,deep4chem
COc1ccc(C2CC(c3ccc(O)cc3)=NN2c2ccc(S(N)(=O)=O)cc2)cc1,CN(C)C=O,361.0,54.7,5.477121255,422.0,66.2,0.87,2.504,deep4chem
COc1ccc(C2CC(c3ccc(O)cc3)=NN2c2ccc(S(N)(=O)=O)cc2)cc1,CS(C)=O,364.0,55.2,5.521138084,425.0,65.2,0.88,2.517,deep4chem
COc1ccc(C2CC(c3ccc(O)cc3)=NN2c2ccc(S(N)(=O)=O)cc2)cc1,CC#N,358.0,53.5,5.643452676,418.0,67.0,0.7,2.208,deep4chem
COc1ccc(C2CC(c3ccc(O)cc3)=NN2c2ccc(S(N)(=O)=O)cc2)cc1,CC(C)O,358.0,53.5,5.536558443,423.0,75.1,0.55,1.997,deep4chem
COc1ccc(C2CC(c3ccc(O)cc3)=NN2c2ccc(S(N)(=O)=O)cc2)cc1,CCO,358.0,53.5,5.625312451,429.0,76.9,0.47,1.838,deep4chem
COc1ccc(C2CC(c3ccc(O)cc3)=NN2c2ccc(S(N)(=O)=O)cc2)cc1,CO,357.0,55.7,5.579783597,432.0,78.5,0.38,1.676,deep4chem
COc1ccc(C2CC(c3ccc(O)cc3)=NN2c2ccc(S(N)(=O)=O)cc2)cc1,O,360.0,54.7,5.086359831,448.0,79.0,0.54,3.313,deep4chem
NS(=O)(=O)c1ccc(N2N=C(c3ccc(O)cc3)CC2c2ccc(Br)cc2)cc1,C1CCOC1,358.0,65.6,5.565847819,417.0,64.7,0.7,2.249,deep4chem
NS(=O)(=O)c1ccc(N2N=C(c3ccc(O)cc3)CC2c2ccc(Br)cc2)cc1,CCOC(C)=O,357.0,54.6,5.596597096,415.0,64.3,0.75,2.177,deep4chem
NS(=O)(=O)c1ccc(N2N=C(c3ccc(O)cc3)CC2c2ccc(Br)cc2)cc1,CN(C)C=O,361.0,57.4,5.605305046,422.0,64.7,0.68,2.116,deep4chem
NS(=O)(=O)c1ccc(N2N=C(c3ccc(O)cc3)CC2c2ccc(Br)cc2)cc1,CS(C)=O,364.0,61.0,5.563481085,424.0,64.0,0.69,2.004,deep4chem
NS(=O)(=O)c1ccc(N2N=C(c3ccc(O)cc3)CC2c2ccc(Br)cc2)cc1,CC#N,357.0,56.7,5.63748973,417.0,66.2,0.65,2.197,deep4chem
NS(=O)(=O)c1ccc(N2N=C(c3ccc(O)cc3)CC2c2ccc(Br)cc2)cc1,CC(C)O,357.0,53.5,5.584331224,423.0,73.9,0.57,1.976,deep4chem
NS(=O)(=O)c1ccc(N2N=C(c3ccc(O)cc3)CC2c2ccc(Br)cc2)cc1,CCO,357.0,53.9,5.571708832,428.0,75.8,0.5,1.84,deep4chem
NS(=O)(=O)c1ccc(N2N=C(c3ccc(O)cc3)CC2c2ccc(Br)cc2)cc1,CO,356.0,55.7,5.643452676,432.0,77.3,0.38,1.667,deep4chem
NS(=O)(=O)c1ccc(N2N=C(c3ccc(O)cc3)CC2c2ccc(Br)cc2)cc1,O,359.0,54.8,5.307496038,449.0,78.6,0.56,3.073,deep4chem
NS(=O)(=O)c1ccc(N2N=C(c3ccc(O)cc3)CC2c2ccc(Cl)cc2)cc1,C1CCOC1,358.0,65.7,5.555094449,418.0,65.4,0.68,2.32,deep4chem
NS(=O)(=O)c1ccc(N2N=C(c3ccc(O)cc3)CC2c2ccc(Cl)cc2)cc1,CCOC(C)=O,357.0,59.3,5.491361694,416.0,65.7,0.72,2.34,deep4chem
NS(=O)(=O)c1ccc(N2N=C(c3ccc(O)cc3)CC2c2ccc(Cl)cc2)cc1,CN(C)C=O,361.0,64.0,5.496929648,422.0,65.6,0.71,2.355,deep4chem
NS(=O)(=O)c1ccc(N2N=C(c3ccc(O)cc3)CC2c2ccc(Cl)cc2)cc1,CS(C)=O,363.0,68.1,5.557507202,424.0,65.0,0.75,2.486,deep4chem
NS(=O)(=O)c1ccc(N2N=C(c3ccc(O)cc3)CC2c2ccc(Cl)cc2)cc1,CC#N,357.0,59.6,5.489958479,417.0,67.6,0.65,2.289,deep4chem
NS(=O)(=O)c1ccc(N2N=C(c3ccc(O)cc3)CC2c2ccc(Cl)cc2)cc1,CC(C)O,357.0,56.9,5.563481085,423.0,74.1,0.53,1.998,deep4chem
NS(=O)(=O)c1ccc(N2N=C(c3ccc(O)cc3)CC2c2ccc(Cl)cc2)cc1,CCO,357.0,59.6,5.660865478,427.0,76.2,0.44,1.884,deep4chem
NS(=O)(=O)c1ccc(N2N=C(c3ccc(O)cc3)CC2c2ccc(Cl)cc2)cc1,CO,356.0,58.8,5.610660163,431.0,78.1,0.36,1.679,deep4chem
NS(=O)(=O)c1ccc(N2N=C(c3ccc(O)cc3)CC2c2ccc(Cl)cc2)cc1,O,359.0,55.9,5.127104798,448.0,78.9,0.56,3.202,deep4chem
NS(=O)(=O)c1ccc(N2N=C(c3ccc(O)cc3)CC2c2ccc(F)cc2)cc1,C1CCOC1,358.0,60.7,5.555094449,417.0,65.5,0.88,2.42,deep4chem
NS(=O)(=O)c1ccc(N2N=C(c3ccc(O)cc3)CC2c2ccc(F)cc2)cc1,CCOC(C)=O,356.0,58.6,5.439332694,416.0,65.9,0.87,2.346,deep4chem
NS(=O)(=O)c1ccc(N2N=C(c3ccc(O)cc3)CC2c2ccc(F)cc2)cc1,CN(C)C=O,360.0,60.9,5.605305046,421.0,65.9,0.89,2.449,deep4chem
NS(=O)(=O)c1ccc(N2N=C(c3ccc(O)cc3)CC2c2ccc(F)cc2)cc1,CS(C)=O,363.0,58.2,5.559906625,424.0,65.5,0.93,2.451,deep4chem
NS(=O)(=O)c1ccc(N2N=C(c3ccc(O)cc3)CC2c2ccc(F)cc2)cc1,CC#N,357.0,56.5,5.527629901,417.0,67.5,0.75,2.243,deep4chem
NS(=O)(=O)c1ccc(N2N=C(c3ccc(O)cc3)CC2c2ccc(F)cc2)cc1,CC(C)O,357.0,55.6,5.680335513,423.0,74.8,0.52,1.981,deep4chem
NS(=O)(=O)c1ccc(N2N=C(c3ccc(O)cc3)CC2c2ccc(F)cc2)cc1,CCO,357.0,56.1,5.660865478,427.0,76.7,0.47,1.78,deep4chem
NS(=O)(=O)c1ccc(N2N=C(c3ccc(O)cc3)CC2c2ccc(F)cc2)cc1,CO,356.0,56.1,5.593286067,430.0,78.6,0.36,1.644,deep4chem
NS(=O)(=O)c1ccc(N2N=C(c3ccc(O)cc3)CC2c2ccc(F)cc2)cc1,O,359.0,57.2,5.267171728,448.0,79.3,0.57,3.171,deep4chem
NS(=O)(=O)c1ccc(N2N=C(c3ccc(O)cc3)CC2c2ccc([N+](=O)[O-])cc2)cc1,C1CCOC1,353.0,62.5,5.57054294,420.0,66.1,0.01,2.194,deep4chem
NS(=O)(=O)c1ccc(N2N=C(c3ccc(O)cc3)CC2c2ccc([N+](=O)[O-])cc2)cc1,CCOC(C)=O,352.0,50.9,5.450249108,417.0,66.1,0.01,2.374,deep4chem
NS(=O)(=O)c1ccc(N2N=C(c3ccc(O)cc3)CC2c2ccc([N+](=O)[O-])cc2)cc1,CC#N,352.0,59.2,5.5289167,419.0,68.5,0.01,2.208,deep4chem
NS(=O)(=O)c1ccc(N2N=C(c3ccc(O)cc3)CC2c2ccc([N+](=O)[O-])cc2)cc1,CC(C)O,352.0,58.7,5.603144373,421.0,73.6,0.02,1.421,deep4chem
NS(=O)(=O)c1ccc(N2N=C(c3ccc(O)cc3)CC2c2ccc([N+](=O)[O-])cc2)cc1,CCO,352.0,58.9,5.638489257,422.0,75.5,0.01,1.306,deep4chem
C(=C/c1nc2ccccc2o1)\c1ccccc1,CO,320.0,58.6,1.338456494,380.0,69.0,0.006,0.31,deep4chem
COc1cc2cc(/C=C/c3ccc(/C=C(\C#N)C(=O)O)cc3)c(=O)oc2cc1OC,CC#N,400.0,73.5,4.283074975,483.0,91.4,0.13,2.06,deep4chem
COc1cc2cc(C#Cc3ccc(/C=C(\C#N)C(=O)O)cc3)c(=O)oc2cc1OC,CC#N,398.0,69.4,4.239949808,464.0,78.1,0.05,1.16,deep4chem
O=c1oc2ccccc2cc1-c1ccc(-c2ccc(-c3cc4ccccc4oc3=O)cc2)cc1,ClCCl,341.0,76.6,5.06069784,430.0,76.7,0.49,9.47,deep4chem
CCN(CC)c1ccc2cc(-c3ccc(-c4ccc(-c5cc6ccccc6oc5=O)cc4)cc3)c(=O)oc2c1,ClCCl,409.0,65.6,5.190331698,478.0,75.1,0.59,9.88,deep4chem
CCN(CC)c1ccc2cc(-c3ccc(-c4ccc(-c5cc6ccc(N(CC)CC)cc6oc5=O)cc4)cc3)c(=O)oc2c1,ClCCl,417.0,64.9,5.342422681,484.0,52.0,0.75,10.09,deep4chem
COc1ccc(C2=CC(c3ccc4cc(N(C)C)ccc4c3)=[O+][B-](F)(F)O2)cc1,Cc1ccccc1,484.0,62.1,4.727541257,555.0,75.0,0.95,2.96,deep4chem
COc1ccc(C2=CC(c3ccc4cc(N(C)C)ccc4c3)=[O+][B-](F)(F)O2)cc1,ClCCl,499.0,83.1,4.746634199,631.0,102.7,0.62,2.71,deep4chem
COc1ccc(C2=CC(c3ccc4cc(N(C)C)ccc4c3)=[O+][B-](F)(F)O2)cc1,ClC(Cl)Cl,494.0,78.2,4.769377326,596.0,89.6,0.99,3.54,deep4chem
COc1ccc(C2=CC(c3ccc4cc(N(C)C)ccc4c3)=[O+][B-](F)(F)O2)cc1,C1CCOC1,486.0,78.2,4.782472624,618.0,106.0,0.52,2.68,deep4chem
COc1ccc(C2=CC(c3ccc4cc(N(C)C)ccc4c3)=[O+][B-](F)(F)O2)cc1,CC(C)=O,492.0,83.1,4.762678564,660.0,125.1,0.12,0.72,deep4chem
COc1ccc(C2=CC(c3ccc4cc(N(C)C)ccc4c3)=[O+][B-](F)(F)O2)cc1,CC#N,496.0,90.0,4.613841822,681.0,135.8,0.01,0.42,deep4chem
COc1ccc(C2=CC(c3ccc4cc(N(C)C)ccc4c3)=[O+][B-](F)(F)O2)cc1,CS(C)=O,512.0,90.9,4.737192643,698.0,139.6,0.007,0.54,deep4chem
CN(C)c1ccc2cc(C3=[O+][B-](F)(F)OC(c4ccccc4)=C3)ccc2c1,Cc1ccccc1,489.0,74.5,4.809559715,573.0,83.1,0.97,3.57,deep4chem
CN(C)c1ccc2cc(C3=[O+][B-](F)(F)OC(c4ccccc4)=C3)ccc2c1,ClCCl,504.0,85.7,4.875061263,650.0,119.1,0.13,1.04,deep4chem
CN(C)c1ccc2cc(C3=[O+][B-](F)(F)OC(c4ccccc4)=C3)ccc2c1,ClC(Cl)Cl,500.0,80.5,4.892094603,613.0,98.1,0.9,3.09,deep4chem
CN(C)c1ccc2cc(C3=[O+][B-](F)(F)OC(c4ccccc4)=C3)ccc2c1,C1CCOC1,492.0,83.1,4.857332496,643.0,121.9,0.1,1.94,deep4chem
CN(C)c1ccc2cc(C3=[O+][B-](F)(F)OC(c4ccccc4)=C3)ccc2c1,CC(C)=O,498.0,89.1,4.862727528,682.0,142.3,0.01,0.46,deep4chem
CN(C)c1ccc2cc(C3=[O+][B-](F)(F)OC(c4ccccc4)=C3)ccc2c1,CC#N,503.0,93.4,4.835056102,406.0,159.3,0.007,0.24,deep4chem
CN(C)c1ccc2cc(C3=[O+][B-](F)(F)OC(c4ccccc4)=C3)ccc2c1,CS(C)=O,520.0,97.2,4.838849091,422.0,172.4,0.005,0.45,deep4chem
CC1=CC(c2ccc3cc(N(C)C)ccc3c2)=[O+][B-](F)(F)O1,Cc1ccccc1,455.0,60.7,4.707570176,521.0,70.4,0.93,4.08,deep4chem
CC1=CC(c2ccc3cc(N(C)C)ccc3c2)=[O+][B-](F)(F)O1,ClCCl,469.0,71.4,4.741939078,574.0,82.4,0.99,3.69,deep4chem
CC1=CC(c2ccc3cc(N(C)C)ccc3c2)=[O+][B-](F)(F)O1,ClC(Cl)Cl,466.0,68.8,4.77815125,552.0,76.6,0.97,3.46,deep4chem
CC1=CC(c2ccc3cc(N(C)C)ccc3c2)=[O+][B-](F)(F)O1,C1CCOC1,456.0,71.4,4.753583059,566.0,82.7,0.91,3.56,deep4chem
CC1=CC(c2ccc3cc(N(C)C)ccc3c2)=[O+][B-](F)(F)O1,CC(C)=O,460.0,75.7,4.748962861,492.0,90.2,0.53,2.72,deep4chem
CC1=CC(c2ccc3cc(N(C)C)ccc3c2)=[O+][B-](F)(F)O1,CC#N,465.0,78.8,4.737192643,611.0,92.6,0.14,1.02,deep4chem
CC1=CC(c2ccc3cc(N(C)C)ccc3c2)=[O+][B-](F)(F)O1,CS(C)=O,477.0,80.6,4.620136055,624.0,96.5,0.22,1.47,deep4chem
CCN(CC)c1ccc2cc(/C=C/C(=C(C#N)C#N)c3ccc(N(c4ccccc4)c4ccccc4)cc3)c(=O)oc2c1,Cc1ccccc1,493.0,119.0,4.7355989,576.0,102.0,0.013,0.84,deep4chem
CCN(CC)c1ccc2cc(/C=C/C(=C(C#N)C#N)c3ccc(N(c4ccccc4)c4ccccc4)cc3)c(=O)oc2c1,ClCCl,518.0,95.0,4.82672252,581.0,86.1,0.037,2.88,deep4chem
CCN(CC)c1ccc2cc(/C=C/C(=C(C#N)C#N)c3ccc(N(c4ccccc4)c4ccccc4)cc3)c(=O)oc2c1,CCOC(C)=O,507.0,100.0,4.84260924,599.0,88.4,0.018,1.31,deep4chem
CCN(CC)c1ccc2cc(/C=C/C(=C(C#N)C#N)c3ccc(N(c4ccccc4)c4ccccc4)cc3)c(=O)oc2c1,CC(C)=O,516.0,98.0,4.823474229,621.0,88.0,0.007,0.59,deep4chem
CCN(CC)c1ccc2cc(/C=C/C(=C(C#N)C#N)c3ccc(N(c4ccccc4)c4ccccc4)cc3)c(=O)oc2c1,CN(C)C=O,528.0,97.0,4.829303773,636.0,88.4,0.004,0.33,deep4chem
CCN(CC)c1ccc2cc(/C=C/C(=C(C#N)C#N)c3ccc(N(c4ccccc4)c4ccccc4)cc3)c(=O)oc2c1,CS(C)=O,536.0,104.0,4.851869601,643.0,90.7,0.005,0.33,deep4chem
CCN(CC)c1ccc2cc(/C(Cl)=C/C=C/C(=C(C#N)C#N)c3ccc(N(c4ccccc4)c4ccccc4)cc3)c(=O)oc2c1,Cc1ccccc1,508.0,126.0,4.667452953,619.0,100.1,0.098,1.95,deep4chem
CCN(CC)c1ccc2cc(/C(Cl)=C/C=C/C(=C(C#N)C#N)c3ccc(N(c4ccccc4)c4ccccc4)cc3)c(=O)oc2c1,ClCCl,526.0,110.0,4.662757832,641.0,135.8,0.018,1.56,deep4chem
CCN(CC)c1ccc2cc(/C(Cl)=C/C=C/C(=C(C#N)C#N)c3ccc(N(c4ccccc4)c4ccccc4)cc3)c(=O)oc2c1,CCOC(C)=O,504.0,106.0,4.653212514,657.0,123.4,0.028,2.42,deep4chem
CCN(CC)c1ccc2cc(/C(Cl)=C/C=C/C(=C(C#N)C#N)c3ccc(N(c4ccccc4)c4ccccc4)cc3)c(=O)oc2c1,CC(C)=O,504.0,120.0,4.618048097,712.0,132.9,0.015,1.51,deep4chem
CCN(CC)c1ccc2cc(/C(Cl)=C/C=C/C(=C(C#N)C#N)c3ccc(N(c4ccccc4)c4ccccc4)cc3)c(=O)oc2c1,CN(C)C=O,532.0,114.0,4.544068044,737.0,124.9,0.002,0.21,deep4chem
CCN(CC)c1ccc2cc(/C(Cl)=C/C=C/C(=C(C#N)C#N)c3ccc(N(c4ccccc4)c4ccccc4)cc3)c(=O)oc2c1,CS(C)=O,542.0,150.0,4.596597096,746.0,125.9,0.003,0.18,deep4chem
CCN(CC)c1ccc2cc(/C=C/C(=C(C#N)C#N)c3ccc4c(c3)c3ccccc3n4CC)c(=O)oc2c1,Cc1ccccc1,510.0,88.0,4.498310554,571.0,107.3,0.041,1.15,deep4chem
CCN(CC)c1ccc2cc(/C=C/C(=C(C#N)C#N)c3ccc4c(c3)c3ccccc3n4CC)c(=O)oc2c1,ClCCl,522.0,102.0,4.58546073,604.0,96.0,0.146,3.32,deep4chem
CCN(CC)c1ccc2cc(/C=C/C(=C(C#N)C#N)c3ccc4c(c3)c3ccccc3n4CC)c(=O)oc2c1,CCOC(C)=O,500.0,104.0,4.544068044,590.0,84.4,0.125,3.49,deep4chem
CCN(CC)c1ccc2cc(/C=C/C(=C(C#N)C#N)c3ccc4c(c3)c3ccccc3n4CC)c(=O)oc2c1,CC(C)=O,514.0,102.0,4.602059991,614.0,80.4,0.174,4.49,deep4chem
CCN(CC)c1ccc2cc(/C=C/C(=C(C#N)C#N)c3ccc4c(c3)c3ccccc3n4CC)c(=O)oc2c1,CN(C)C=O,528.0,106.0,4.556302501,629.0,80.7,0.194,4.81,deep4chem
CCN(CC)c1ccc2cc(/C=C/C(=C(C#N)C#N)c3ccc4c(c3)c3ccccc3n4CC)c(=O)oc2c1,CS(C)=O,534.0,106.0,4.531478917,638.0,81.0,0.185,4.66,deep4chem
CCN(CC)c1ccc2cc(/C(Cl)=C/C=C/C(=C(C#N)C#N)c3ccc4c(c3)c3ccccc3n4CC)c(=O)oc2c1,Cc1ccccc1,508.0,104.0,4.667452953,606.0,93.1,0.091,1.39,deep4chem
CCN(CC)c1ccc2cc(/C(Cl)=C/C=C/C(=C(C#N)C#N)c3ccc4c(c3)c3ccccc3n4CC)c(=O)oc2c1,ClCCl,526.0,114.0,4.667452953,664.0,103.6,0.096,1.82,deep4chem
CCN(CC)c1ccc2cc(/C(Cl)=C/C=C/C(=C(C#N)C#N)c3ccc4c(c3)c3ccccc3n4CC)c(=O)oc2c1,CCOC(C)=O,508.0,118.0,4.607455023,654.0,99.0,0.052,1.14,deep4chem
CCN(CC)c1ccc2cc(/C(Cl)=C/C=C/C(=C(C#N)C#N)c3ccc4c(c3)c3ccccc3n4CC)c(=O)oc2c1,CC(C)=O,518.0,128.0,4.596597096,704.0,118.5,0.019,0.47,deep4chem
CCN(CC)c1ccc2cc(/C(Cl)=C/C=C/C(=C(C#N)C#N)c3ccc4c(c3)c3ccccc3n4CC)c(=O)oc2c1,CN(C)C=O,532.0,138.0,4.58546073,732.0,115.5,0.042,0.86,deep4chem
CCN(CC)c1ccc2cc(/C(Cl)=C/C=C/C(=C(C#N)C#N)c3ccc4c(c3)c3ccccc3n4CC)c(=O)oc2c1,CS(C)=O,538.0,128.0,4.602059991,743.0,114.2,0.018,0.36,deep4chem
COc1cnc(-c2cc[n+](C3=C(F)C(F)(F)C(F)(F)[C-]3F)cc2)s1,ClCCl,430.0,61.9,4.260071388,466.0,61.9,0.76,2.81,deep4chem
O=C1c2ccccc2-c2c(-c3ccccc3)c(-c3ccccc3)c(-c3ccccc3)c3cccc1c23,CO,407.0,78.0,4.079181246,521.0,81.5,1.0,9.2,deep4chem
O=C1c2ccccc2-c2c(-c3ccccc3)c(-c3ccccc3)c(-c3ccccc3)c3cccc1c23,CC#N,401.0,71.2,4.204119983,498.0,79.5,0.04,0.6,deep4chem
O=c1c2ccccc2c2c3c(cccc13)c(-c1ccccc1)c1c3cccc4cccc(c43)c12,CO,461.0,79.2,3.77815125,562.0,91.8,0.97,9.4,deep4chem
O=c1c2ccccc2c2c3c(cccc13)c(-c1ccccc1)c1c3cccc4cccc(c43)c12,CC#N,462.0,71.2,3.949390007,519.0,68.6,0.91,6.6,deep4chem
Cn1nc(-c2ccccc2)c2nc3cc(F)ccc3nc21,C1CCCCC1,426.0,59.9,3.785329835,486.0,70.0,0.61,22.99,deep4chem
Cn1nc(-c2ccccc2)c2nc3cc(F)ccc3nc21,C1CCOC1,425.0,64.6,3.86923172,520.0,93.1,0.38,22.96,deep4chem
Cn1nc(-c2ccccc2)c2nc3cc(F)ccc3nc21,CC#N,424.0,65.3,3.806179974,535.0,107.5,0.11,10.08,deep4chem
Cn1nc(-c2ccccc2)c2nc3cc(Cl)ccc3nc21,C1CCCCC1,428.0,59.3,3.810232518,487.0,71.1,0.58,23.9,deep4chem
Cn1nc(-c2ccccc2)c2nc3cc(Cl)ccc3nc21,C1CCOC1,429.0,62.9,3.794488047,519.0,78.3,0.27,20.11,deep4chem
Cn1nc(-c2ccccc2)c2nc3cc(Cl)ccc3nc21,CC#N,427.0,62.9,3.781755375,540.0,110.0,0.08,7.74,deep4chem
c1cc2cccc3c4cccc5cccc(c(c1)c23)c54,C1CCCCC1,435.0,38.3,4.290034611,438.3950112,37.5,0.98,4.7,deep4chem
CC(C)(C)C#Cc1ccc2c3cccc4cccc(c5cccc1c52)c43,C1CCCCC1,455.0,41.0,4.604226053,459.8849198,44.0,0.91,4.3,deep4chem
C[Si](C)(C)C#Cc1ccc2c3cccc4cccc(c5cccc1c52)c43,C1CCCCC1,459.0,41.3,4.584331224,465.4722961,46.1,0.88,4.2,deep4chem
C[Si](C)(C)C#CC#Cc1ccc2c3cccc4cccc(c5cccc1c52)c43,C1CCCCC1,470.0,42.8,4.643452676,477.0768467,49.1,0.51,2.2,deep4chem
COc1ccccc1C1=[N+]2C(=C(c3ccccc3)c3c4c(c(-c5ccccc5OC)n3[B-]2(F)F)C2CCC4CC2)C2=C1C1CCC2CC1,ClCCl,550.0,41.7,4.81,583.0,39.9,0.77,4.5,deep4chem
COc1ccccc1C1=[N+]2C(=C(c3ccccc3)c3c4c(c(-c5ccccc5OC)n3[B-]2(F)F)C2C=CC4CC2)C2=C1C1C=CC2CC1,ClCCl,556.0,42.1,4.79,587.0,39.9,0.87,5.1,deep4chem
F[B-]1(F)n2c(c3c(c2-c2ccccc2)C2C=CC3CC2)C(c2ccccc2)=C2C3=C(C(c4ccccc4)=[N+]21)C1C=CC3CC1,ClCCl,558.0,40.1,4.85,588.0,36.4,0.87,6.1,deep4chem
COc1ccccc1C1=[N+]2C(=C(c3ccccc3)c3c4ccccc4c(-c4ccccc4OC)n3[B-]2(F)F)c2ccccc21,ClCCl,617.0,33.5,5.01,652.0,39.2,0.91,5.8,deep4chem
c1ccc(C2=C3C4=C(C5=[N+]3[B-]3(Oc6ccccc65)Oc5ccccc5-c5c6c(c2n53)C2CCC6CC2)C2CCC4CC2)cc1,ClCCl,626.0,31.2,4.8,645.0,34.3,0.99,9.6,deep4chem
F[B-]1(F)n2c(c3ccccc3c2-c2ccccc2)C(c2ccccc2)=C2c3ccccc3C(c3ccccc3)=[N+]21,ClCCl,631.0,39.0,5.01,664.0,37.5,0.93,5.2,deep4chem
c1ccc(C2=C3c4ccccc4C4=[N+]3[B-]3(Oc5ccccc54)Oc4ccccc4-c4c5ccccc5c2n43)cc1,ClCCl,711.0,30.4,4.96,733.0,36.4,0.58,7.0,deep4chem
CCN(CC)c1ccc2cc(-c3nc4ccccc4n3-c3ccccc3)c(=O)oc2c1,ClCCl,410.0,67.2,5.556302501,479.0,59.1,0.94,13.2,deep4chem
CCN(CC)c1ccc2cc(-c3nc4c5ccccc5c5ccccc5c4n3-c3ccc(C(C)(C)C)cc3)c(=O)oc2c1,ClCCl,410.0,58.5,5.770852012,492.0,65.1,0.97,12.6,deep4chem
CCN(CC)c1ccc2cc(-c3nc4c5cccc6ccc7cccc(c7c65)c4n3-c3ccc(C(C)(C)C)cc3)c(=O)oc2c1,ClCCl,410.0,79.7,5.462397998,519.0,66.3,0.98,11.4,deep4chem
c1ccc(N(c2ccccc2)c2ccc(-c3ccc4c(c3)C3(c5cc(-c6ccc(N(c7ccccc7)c7ccccc7)cc6)ccc5-4)c4ccccc4N(c4ccccc4)c4ccccc43)cc2)cc1,ClCCl,372.0,54.8,4.870228279,451.0,71.0,0.82,1.2,deep4chem
c1ccc(N(c2ccccc2)c2ccc(-c3ccc4c(c3)C3(c5ccccc5Oc5ccccc53)c3cc(-c5ccc(N(c6ccccc6)c6ccccc6)cc5)ccc3-4)cc2)cc1,ClCCl,372.0,57.7,4.901621764,457.0,66.5,0.91,1.2,deep4chem
O=S1(=O)c2ccccc2C2(c3cc(-c4ccc(N(c5ccccc5)c5ccccc5)cc4)ccc3-c3ccc(-c4ccc(N(c5ccccc5)c5ccccc5)cc4)cc32)c2ccccc21,ClCCl,380.0,55.5,4.941113727,460.0,75.4,0.83,1.5,deep4chem
O=S1(=O)c2ccccc2C2(c3cc(-c4ccc(-n5c6ccccc6c6ccccc65)cc4)ccc3-c3ccc(-c4ccc(-n5c6ccccc6c6ccccc65)cc4)cc32)c2ccccc21,ClCCl,346.0,51.0,4.945173046,427.0,71.9,0.81,0.9,deep4chem
CC(C)(C)c1ccc2c(c1)c1cc(C(C)(C)C)ccc1n2-c1ccc(-c2ccc3c(c2)C2(c4cc(-c5ccc(-n6c7ccc(C(C)(C)C)cc7c7cc(C(C)(C)C)ccc76)cc5)ccc4-3)c3ccccc3S(=O)(=O)c3ccccc32)cc1,ClCCl,353.0,50.8,4.900203213,449.0,75.0,0.88,1.8,deep4chem
c1ccc(N(c2ccccc2)c2ccc(-c3ccc4c(c3)C3(c5ccccc5Sc5ccccc53)c3cc(-c5ccc(N(c6ccccc6)c6ccccc6)cc5)ccc3-4)cc2)cc1,ClCCl,375.0,55.0,4.88303651,457.0,73.2,0.81,1.2,deep4chem
c1ccc2c(c1)OB1Oc3ccccc3-c3c1c-2c1c2c3-c3ccccc3OB2Oc2ccccc2-1,ClCCl,405.0,53.3,4.4,430.0,48.1,0.68,3.75,deep4chem
CC(C)(C)c1ccc2c(c1)-c1c3c(c4c5c1-c1cc(C(C)(C)C)ccc1OB5Oc1ccc(C(C)(C)C)cc1-4)-c1cc(C(C)(C)C)ccc1OB3O2,ClCCl,411.0,52.8,4.39,436.0,48.0,0.65,3.96,deep4chem
F[B-]1(F)n2c(cc3c4ccccc4c4ccccc4c32)-c2ccc3ccccc3[n+]21,ClCCl,476.0,81.7,4.56,585.0,90.2,0.9,4.89,deep4chem
c1cc2c3c(c1)ccc1[n+]3[B-]3(Oc4cccc5ccc6[n+](c45)[B-](O2)(O3)n2c-6cc3c4ccccc4c4ccccc4c32)n2c-1cc1c3ccccc3c3ccccc3c12,ClCCl,472.0,84.3,4.65,568.0,86.4,0.89,3.65,deep4chem
O=[N+]([O-])c1cccc2c1ccc1[n+]2[B-](F)(F)n2c-1cc1c3ccccc3c3ccccc3c12,ClCCl,518.0,93.0,4.08,633.0,88.0,0.03,2.67,deep4chem
Nc1cccc2c1ccc1[n+]2[B-](F)(F)n2c-1cc1c3ccccc3c3ccccc3c12,ClCCl,468.0,82.5,4.34,580.0,93.9,0.1,2.19,deep4chem
O=[N+]([O-])c1ccc2c(ccc3[n+]2[B-](F)(F)n2c-3cc3c4ccccc4c4ccccc4c32)c1,ClCCl,530.0,86.8,4.39,631.0,84.2,0.39,2.18,deep4chem
Nc1ccc2c(ccc3[n+]2[B-](F)(F)n2c-3cc3c4ccccc4c4ccccc4c32)c1,ClCCl,482.0,76.3,4.16,577.0,88.6,0.81,2.96,deep4chem
CCCCOc1ccc(-c2oc3cc4n(c3c2-c2ccc(OCCCC)cc2)[B-](F)(F)[N+]2=Cc3cc5oc(-c6ccc(OCCCC)cc6)c(-c6ccc(OCCCC)cc6)c5n3[B-](F)(F)[N+]2=C4)cc1,ClCCl,606.0,88.8,5.089905111,646.0,43.9,0.43,1.97,deep4chem
CCCCOc1ccc(-c2cc3c(o2)c(-c2ccc(OCCCC)cc2)c2n3[B-](F)(F)[N+]3=Cc4c(-c5ccc(OCCCC)cc5)c5oc(-c6ccc(OCCCC)cc6)cc5n4[B-](F)(F)[N+]3=C2)cc1,ClCCl,622.0,89.3,5.083860801,661.0,37.8,0.4,2.59,deep4chem
CCCCOc1ccc(-c2oc3c(-c4ccc(OCCCC)cc4)c4n(c3c2-c2ccc(OCCCC)cc2)[B-](F)(F)[N+]2=Cc3c(-c5ccc(OCCCC)cc5)c5oc(-c6ccc(OCCCC)cc6)c(-c6ccc(OCCCC)cc6)c5n3[B-](F)(F)[N+]2=C4)cc1,ClCCl,624.0,93.9,5.040206628,667.0,43.0,0.34,2.56,deep4chem
CCC12C(=C3C(=C4c5ccc(-c6ccccc6)cc5S(=O)(=O)C41CC)C(F)(F)C(F)(F)C3(F)F)c1ccc(-c3ccccc3)cc1S2(=O)=O,C1COCCO1,456.0,81.0,4.662757832,561.3832853,93.4,0.87,3.0,deep4chem
CCC12C(=C3C(=C4c5ccc(-c6ccc(C(C)=O)cc6)cc5S(=O)(=O)C41CC)C(F)(F)C(F)(F)C3(F)F)c1ccc(-c3ccc(C(C)=O)cc3)cc1S2(=O)=O,C1COCCO1,456.0,85.8,4.672097858,561.954262,105.0,0.87,2.8,deep4chem
CCC12C(=C3C(=C4c5ccc(-c6ccc(CO)cc6)cc5S(=O)(=O)C41CC)C(F)(F)C(F)(F)C3(F)F)c1ccc(-c3ccc(CO)cc3)cc1S2(=O)=O,C1COCCO1,463.0,89.9,4.698970004,538.5654886,103.4,0.88,2.9,deep4chem
CCC12C(=C3C(=C4c5ccc(-c6ccc(C(C)=O)s6)cc5S(=O)(=O)C41CC)C(F)(F)C(F)(F)C3(F)F)c1ccc(-c3ccc(C(C)=O)s3)cc1S2(=O)=O,C1COCCO1,485.0,93.6,4.799340549,560.3950104,99.3,0.61,1.9,deep4chem
F[B-]1(F)OC(c2ccccc2)=Cc2cc(Cl)nc[n+]21,Cc1ccccc1,377.0,50.0,4.572871602,432.0,63.7,0.05,0.19,deep4chem
F[B-]1(F)OC(c2ccc(C(F)(F)F)cc2)=Cc2cc(Cl)nc[n+]21,Cc1ccccc1,374.0,55.0,4.463892989,434.0,72.7,0.04,0.21,deep4chem
F[B-]1(F)OC(c2ccc(C(F)(F)F)cc2)=Cc2cc(Cl)nc[n+]21,C1CCOC1,371.0,55.0,4.489958479,428.0,67.7,0.01,0.13,deep4chem
CN(C)c1ccc(C2=Cc3cc(Cl)nc[n+]3[B-](F)(F)O2)cc1,CCCCCC,444.0,39.9,4.868644438,456.0,37.5,0.82,1.9,deep4chem
CN(C)c1ccc(C2=Cc3cc(Cl)nc[n+]3[B-](F)(F)O2)cc1,Cc1ccccc1,453.0,48.1,4.838219222,494.0,45.1,0.41,2.3,deep4chem
CN(C)c1ccc(C2=Cc3cc(Cl)nc[n+]3[B-](F)(F)O2)cc1,ClC(Cl)Cl,460.0,52.6,4.828015064,512.0,53.8,0.82,2.5,deep4chem
CN(C)c1ccc(C2=Cc3cc(Cl)nc[n+]3[B-](F)(F)O2)cc1,C1CCOC1,451.0,56.0,4.811575006,532.0,71.1,0.6,2.6,deep4chem
CN(C)c1ccc(C2=Cc3cc(Cl)nc[n+]3[B-](F)(F)O2)cc1,ClCCl,459.0,54.5,4.850033258,529.0,64.3,0.78,2.8,deep4chem
CN(C)c1ccc(C2=Cc3cc(Cl)nc[n+]3[B-](F)(F)O2)cc1,CC#N,452.0,60.5,4.804820679,565.0,112.4,0.03,0.3,deep4chem
F[B-]1(F)OC(c2ccccc2)=Cc2cc3[n+](c[n+]21)[B-](F)(F)OC(c1ccccc1)=C3,ClCCl,475.0,51.7,5.030599722,490.0,37.0,0.55,1.4,deep4chem
Nc1ccccc1/C=C/C(F)(F)F,C1CCOC1,347.0,56.0,3.711807229,427.0,58.0,0.77,7.32,deep4chem
CC[n+]1nc2cc3c(cc2c2cc(C)ccc21)N(C)CCC3,O,487.0,72.5,4.336459734,544.0,71.1,0.54,4.3,deep4chem
CC[n+]1nc2cc3c4c(c2c2cc(C)ccc21)CCCN4CCC3,O,500.0,80.9,4.729974286,571.0,78.5,0.27,4.2,deep4chem
CC[n+]1nc2cc3c4c(c2c2ccccc21)CCCN4CCC3,O,493.0,80.9,4.716837723,570.0,81.8,0.25,3.6,deep4chem
CC[n+]1nc2cc3c4c(c2c2cc(F)ccc21)CCCN4CCC3,O,494.0,80.9,4.589949601,564.0,73.0,0.34,4.4,deep4chem
F[B-]12OC(c3ccccc3)=Nc3cccc([n+]31)N=C(c1ccccc1)O2,ClCCl,394.0,61.8,4.447158031,456.0,61.6,0.2,1.3,deep4chem
Cc1ccc(C2=Nc3cccc4[n+]3[B-](F)(O2)OC(c2ccc(C)cc2)=N4)cc1,ClCCl,394.0,62.4,4.635483747,457.0,70.6,0.3,1.6,deep4chem
COc1ccc(C2=Nc3cccc4[n+]3[B-](F)(O2)OC(c2ccc(OC)cc2)=N4)cc1,ClCCl,399.0,58.1,4.854306042,460.0,67.4,0.39,1.8,deep4chem
c1ccc(C2=Nc3cccc4[n+]3[B-](c3ccccc3)(N2)NC(c2ccccc2)=N4)cc1,ClCCl,440.0,64.2,4.243038049,513.0,75.1,0.13,2.5,deep4chem
Cc1ccc(C2=Nc3cccc4[n+]3[B-](c3ccccc3)(N2)NC(c2ccc(C)cc2)=N4)cc1,ClCCl,435.0,62.8,4.271841607,508.0,47.3,0.21,2.6,deep4chem
c1ccc([B-]23NC(C4CCCCC4)=Nc4cccc([n+]42)N=C(C2CCCCC2)N3)cc1,ClCCl,416.0,49.0,4.346352974,456.0,75.6,0.1,4.6,deep4chem
CCCCCCCCCCCCCCCCCCOc1ccc([B-]23NC(c4ccccc4)=Nc4cccc([n+]42)N=C(c2ccccc2)N3)cc1,ClCCl,431.0,63.2,4.322219295,511.0,75.1,0.14,2.2,deep4chem
c1cc2ccc3cc4[nH]ccc4c4ccc(c1)c2c34,CCOC(C)=O,384.0,34.9,4.571708832,398.0,45.5,0.95,2.8,deep4chem
O=C1/C(=C2\Nc3cc4ccc5cccc6ccc(c3C2=O)c4c56)Nc2cc3ccc4cccc5ccc(c21)c3c45,C1CCOC1,687.0,83.2,4.047274867,707.0,43.8,0.0076,0.42,deep4chem
Clc1cnc2nn3ccccc3c2n1,C1CCOC1,404.0,62.5,3.606918526,448.0,57.0,0.38,6.2,deep4chem
Cc1ccc(-c2cnc3nn4ccccc4c3n2)cc1,C1CCOC1,400.0,60.0,3.994537104,450.0,47.9,0.26,5.2,deep4chem
CC(=O)c1ccc(-c2cnc3nn4ccccc4c3n2)cc1,C1CCOC1,400.0,60.5,4.174931594,455.0,48.5,0.5,5.1,deep4chem
CC1(C)CC(/C=C/c2ccc(-n3cccn3)cc2)=CC(=C(C#N)C#N)C1,CCO,404.0,78.9,5.46686762,532.0,95.4,0.0001,0.05,deep4chem
CC1(C)CC(/C=C/c2ccc(N3CCOCCOCCOCCOCC3)cc2)=CC(=C(C#N)C#N)C1,CCO,504.0,109.6,5.526339277,641.0,71.1,0.111,0.79,deep4chem
C#CCn1c2ccccc2c2cc(/C=C/c3cc(C)c4n3[B-](F)(F)[N+]3=C(C)C=C(C)C3=C4c3ccc(I)cc3)ccc21,ClC(Cl)Cl,588.0,33.2,5.094121596,607.0,36.5,0.66,3.93,deep4chem
C#CCn1c2ccccc2c2cc(/C=C/c3cc(C)c4n3[B-](F)(F)[N+]3=C(C)C=C(C)C3=C4c3ccc(I)cc3)ccc21,CC#N,579.0,32.5,5.082066934,605.0,52.1,0.77,4.03,deep4chem
C#CCn1c2ccccc2c2cc(/C=C/c3cc(C)c4n3[B-](F)(F)[N+]3=C(C)C=C(C)C3=C4c3ccc(I)cc3)ccc21,CS(C)=O,589.0,36.1,5.043755127,614.0,56.2,0.72,3.64,deep4chem
C#CCn1c2ccccc2c2cc(/C=C/c3c(Cl)c(C)c4n3[B-](F)(F)[N+]3=C(C)C(Cl)=C(C)C3=C4c3ccc(I)cc3)ccc21,ClC(Cl)Cl,619.0,39.2,4.967547976,644.0,45.3,0.62,4.24,deep4chem
C#CCn1c2ccccc2c2cc(/C=C/c3c(Cl)c(C)c4n3[B-](F)(F)[N+]3=C(C)C(Cl)=C(C)C3=C4c3ccc(I)cc3)ccc21,CC#N,606.0,48.1,4.96425963,650.0,73.9,0.43,3.95,deep4chem
C#CCn1c2ccccc2c2cc(/C=C/c3c(Cl)c(C)c4n3[B-](F)(F)[N+]3=C(C)C(Cl)=C(C)C3=C4c3ccc(I)cc3)ccc21,CS(C)=O,616.0,55.6,4.891537458,666.0,80.0,0.33,3.06,deep4chem
C#CCn1c2ccccc2c2cc(/C=C/C3=[N+]4C(=C(c5ccc(I)cc5)c5c(C)cc(/C=C/c6ccc7c(c6)c6ccccc6n7CC#C)n5[B-]4(F)F)C(C)=C3)ccc21,ClC(Cl)Cl,674.0,38.5,5.02489596,691.0,41.4,0.99,4.0,deep4chem
C#CCn1c2ccccc2c2cc(/C=C/C3=[N+]4C(=C(c5ccc(I)cc5)c5c(C)cc(/C=C/c6ccc7c(c6)c6ccccc6n7CC#C)n5[B-]4(F)F)C(C)=C3)ccc21,CC#N,665.0,43.4,4.998259338,688.0,47.2,0.96,4.14,deep4chem
C#CCn1c2ccccc2c2cc(/C=C/C3=[N+]4C(=C(c5ccc(I)cc5)c5c(C)cc(/C=C/c6ccc7c(c6)c6ccccc6n7CC#C)n5[B-]4(F)F)C(C)=C3)ccc21,CS(C)=O,678.0,47.2,4.977266212,703.0,49.0,0.97,3.61,deep4chem
C#CCn1c2ccccc2c2cc(/C=C/C3=[N+]4C(=C(c5ccc(I)cc5)c5c(C)c(Cl)c(/C=C/c6ccc7c(c6)c6ccccc6n7CC#C)n5[B-]4(F)F)C(C)=C3Cl)ccc21,ClC(Cl)Cl,703.0,54.0,4.935003151,730.0,49.1,0.55,3.97,deep4chem
C#CCn1c2ccccc2c2cc(/C=C/C3=[N+]4C(=C(c5ccc(I)cc5)c5c(C)c(Cl)c(/C=C/c6ccc7c(c6)c6ccccc6n7CC#C)n5[B-]4(F)F)C(C)=C3Cl)ccc21,CC#N,694.0,65.7,4.836324116,731.0,63.9,0.5,3.94,deep4chem
C#CCn1c2ccccc2c2cc(/C=C/C3=[N+]4C(=C(c5ccc(I)cc5)c5c(C)c(Cl)c(/C=C/c6ccc7c(c6)c6ccccc6n7CC#C)n5[B-]4(F)F)C(C)=C3Cl)ccc21,CS(C)=O,705.0,81.3,4.836956737,749.0,68.9,0.32,3.05,deep4chem
CCN(CC)c1ccc(-c2nc3c(nc2-c2ccc(B(c4c(C)cc(C)cc4C)c4c(C)cc(C)cc4C)cc2)c2ccccc2n3C)cc1,C1CCOC1,405.0,69.0,4.434568904,528.0,97.2,0.21,2.33,deep4chem
COc1ccc(C2=c3sc(-c4ccc(OC)cc4)cc3=[N+]3C2=Nc2c(-c4ccc(OC)cc4)c4sc(-c5ccc(OC)cc5)cc4n2[B-]3(F)F)cc1,ClC(Cl)Cl,788.0,45.0,5.230448921,814.0,40.0,0.1,1.69,deep4chem
CC(C)(C)c1ccc(C2=c3sc(-c4ccc(C(C)(C)C)cc4)cc3=[N+]3C2=Nc2c(-c4ccc(C(C)(C)C)cc4)c4sc(-c5ccc(C(C)(C)C)cc5)cc4n2[B-]3(F)F)cc1,ClC(Cl)Cl,767.0,42.0,5.350054094,793.0,48.0,0.12,1.69,deep4chem
COc1ccc(C2=c3sc(-c4ccc(OC)cc4)c(-c4ccc(OC)cc4)c3=[N+]3C2=Nc2c(-c4ccc(OC)cc4)c4sc(-c5ccc(OC)cc5)c(-c5ccc(OC)cc5)c4n2[B-]3(F)F)cc1,ClC(Cl)Cl,784.0,57.0,5.260071388,816.0,40.0,0.04,1.53,deep4chem
CC(C)(C)c1ccc(C2=c3sc(-c4ccc(C(C)(C)C)cc4)c(-c4ccc(C(C)(C)C)cc4)c3=[N+]3C2=Nc2c(-c4ccc(C(C)(C)C)cc4)c4sc(-c5ccc(C(C)(C)C)cc5)c(-c5ccc(C(C)(C)C)cc5)c4n2[B-]3(F)F)cc1,ClC(Cl)Cl,767.0,59.0,5.159867847,807.0,53.0,0.05,1.18,deep4chem
