smiles,solvent,abs_peakwavs_max,abs_bandwidth,abs_molar_ext_coeff,emi_peakwavs_max,emi_bandwidth,quantum_yield,log_lifetime
Cc1ccc(C2CC(c3ccc(O)cc3)=NN2c2ccc(S(N)(=O)=O)cc2)cc1,CCO,358.0,54.7,5.665580991,428.0,76.6,0.43,0.3089910290001641
Cc1ccc(C2CC(c3ccc(O)cc3)=NN2c2ccc(S(N)(=O)=O)cc2)cc1,CO,357.0,55.2,5.674861141,432.0,78.1,0.33,0.2211533219547051
Cc1ccc(C2CC(c3ccc(O)cc3)=NN2c2ccc(S(N)(=O)=O)cc2)cc1,O,360.0,55.0,5.123851641,449.0,79.2,0.55,0.5247854493212224
COc1ccc(C2CC(c3ccc(O)cc3)=NN2c2ccc(S(N)(=O)=O)cc2)cc1,C1CCOC1,359.0,55.4,5.394451681,417.0,66.0,0.78,0.37254380075907034
COc1ccc(C2CC(c3ccc(O)cc3)=NN2c2ccc(S(N)(=O)=O)cc2)cc1,CCOC(C)=O,358.0,55.2,5.517195898,416.0,66.2,0.76,0.3679147387937527
COc1ccc(C2CC(c3ccc(O)cc3)=NN2c2ccc(S(N)(=O)=O)cc2)cc1,CN(C)C=O,361.0,54.7,5.477121255,422.0,66.2,0.87,0.3986343245383921
COc1ccc(C2CC(c3ccc(O)cc3)=NN2c2ccc(S(N)(=O)=O)cc2)cc1,CS(C)=O,364.0,55.2,5.521138084,425.0,65.2,0.88,0.4008832155483627
COc1ccc(C2CC(c3ccc(O)cc3)=NN2c2ccc(S(N)(=O)=O)cc2)cc1,CC#N,358.0,53.5,5.643452676,418.0,67.0,0.7,0.3439990690571613
COc1ccc(C2CC(c3ccc(O)cc3)=NN2c2ccc(S(N)(=O)=O)cc2)cc1,CC(C)O,358.0,53.5,5.536558443,423.0,75.1,0.55,0.30037806487070257
COc1ccc(C2CC(c3ccc(O)cc3)=NN2c2ccc(S(N)(=O)=O)cc2)cc1,CCO,358.0,53.5,5.625312451,429.0,76.9,0.47,0.26434550705009247
COc1ccc(C2CC(c3ccc(O)cc3)=NN2c2ccc(S(N)(=O)=O)cc2)cc1,CO,357.0,55.7,5.579783597,432.0,78.5,0.38,0.2242740142942577
COc1ccc(C2CC(c3ccc(O)cc3)=NN2c2ccc(S(N)(=O)=O)cc2)cc1,O,360.0,54.7,5.086359831,448.0,79.0,0.54,0.52022143588196
NS(=O)(=O)c1ccc(N2N=C(c3ccc(O)cc3)CC2c2ccc(Br)cc2)cc1,C1CCOC1,358.0,65.6,5.565847819,417.0,64.7,0.7,0.3519894554356322
NS(=O)(=O)c1ccc(N2N=C(c3ccc(O)cc3)CC2c2ccc(Br)cc2)cc1,CCOC(C)=O,357.0,54.6,5.596597096,415.0,64.3,0.75,0.33785842904109437
NS(=O)(=O)c1ccc(N2N=C(c3ccc(O)cc3)CC2c2ccc(Br)cc2)cc1,CN(C)C=O,361.0,57.4,5.605305046,422.0,64.7,0.68,0.3255156633631482
NS(=O)(=O)c1ccc(N2N=C(c3ccc(O)cc3)CC2c2ccc(Br)cc2)cc1,CS(C)=O,364.0,61.0,5.563481085,424.0,64.0,0.69,0.3018977171952081
NS(=O)(=O)c1ccc(N2N=C(c3ccc(O)cc3)CC2c2ccc(Br)cc2)cc1,CC#N,357.0,56.7,5.63748973,417.0,66.2,0.65,0.34183005692051033
NS(=O)(=O)c1ccc(N2N=C(c3ccc(O)cc3)CC2c2ccc(Br)cc2)cc1,CC(C)O,357.0,53.5,5.584331224,423.0,73.9,0.57,0.2957869402516093
NS(=O)(=O)c1ccc(N2N=C(c3ccc(O)cc3)CC2c2ccc(Br)cc2)cc1,CCO,357.0,53.9,5.571708832,428.0,75.8,0.5,0.2648178230095365
NS(=O)(=O)c1ccc(N2N=C(c3ccc(O)cc3)CC2c2ccc(Br)cc2)cc1,CO,356.0,55.7,5.643452676,432.0,77.3,0.38,0.22193559982800534
NS(=O)(=O)c1ccc(N2N=C(c3ccc(O)cc3)CC2c2ccc(Br)cc2)cc1,O,359.0,54.8,5.307496038,449.0,78.6,0.56,0.48756256025637823
NS(=O)(=O)c1ccc(N2N=C(c3ccc(O)cc3)CC2c2ccc(Cl)cc2)cc1,C1CCOC1,358.0,65.7,5.555094449,418.0,65.4,0.68,0.3654879848908996
NS(=O)(=O)c1ccc(N2N=C(c3ccc(O)cc3)CC2c2ccc(Cl)cc2)cc1,CCOC(C)=O,357.0,59.3,5.491361694,416.0,65.7,0.72,0.36921585741014284
NS(=O)(=O)c1ccc(N2N=C(c3ccc(O)cc3)CC2c2ccc(Cl)cc2)cc1,CN(C)C=O,361.0,64.0,5.496929648,422.0,65.6,0.71,0.371990911464915
NS(=O)(=O)c1ccc(N2N=C(c3ccc(O)cc3)CC2c2ccc(Cl)cc2)cc1,CS(C)=O,363.0,68.1,5.557507202,424.0,65.0,0.75,0.395501124305626
NS(=O)(=O)c1ccc(N2N=C(c3ccc(O)cc3)CC2c2ccc(Cl)cc2)cc1,CC#N,357.0,59.6,5.489958479,417.0,67.6,0.65,0.35964579267454294
NS(=O)(=O)c1ccc(N2N=C(c3ccc(O)cc3)CC2c2ccc(Cl)cc2)cc1,CC(C)O,357.0,56.9,5.563481085,423.0,74.1,0.53,0.3005954838899635
NS(=O)(=O)c1ccc(N2N=C(c3ccc(O)cc3)CC2c2ccc(Cl)cc2)cc1,CCO,357.0,59.6,5.660865478,427.0,76.2,0.44,0.2750808984568585
NS(=O)(=O)c1ccc(N2N=C(c3ccc(O)cc3)CC2c2ccc(Cl)cc2)cc1,CO,356.0,58.8,5.610660163,431.0,78.1,0.36,0.2250506961380488
NS(=O)(=O)c1ccc(N2N=C(c3ccc(O)cc3)CC2c2ccc(Cl)cc2)cc1,O,359.0,55.9,5.127104798,448.0,78.9,0.56,0.5054213275832808
NS(=O)(=O)c1ccc(N2N=C(c3ccc(O)cc3)CC2c2ccc(F)cc2)cc1,C1CCOC1,358.0,60.7,5.555094449,417.0,65.5,0.88,0.38381536598043126
NS(=O)(=O)c1ccc(N2N=C(c3ccc(O)cc3)CC2c2ccc(F)cc2)cc1,CCOC(C)=O,356.0,58.6,5.439332694,416.0,65.9,0.87,0.37032800777951047
NS(=O)(=O)c1ccc(N2N=C(c3ccc(O)cc3)CC2c2ccc(F)cc2)cc1,CN(C)C=O,360.0,60.9,5.605305046,421.0,65.9,0.89,0.3889887851247141
NS(=O)(=O)c1ccc(N2N=C(c3ccc(O)cc3)CC2c2ccc(F)cc2)cc1,CS(C)=O,363.0,58.2,5.559906625,424.0,65.5,0.93,0.38934331125207794
NS(=O)(=O)c1ccc(N2N=C(c3ccc(O)cc3)CC2c2ccc(F)cc2)cc1,CC#N,357.0,56.5,5.527629901,417.0,67.5,0.75,0.3508292735829677
NS(=O)(=O)c1ccc(N2N=C(c3ccc(O)cc3)CC2c2ccc(F)cc2)cc1,CC(C)O,357.0,55.6,5.680335513,423.0,74.8,0.52,0.2968844755385471
NS(=O)(=O)c1ccc(N2N=C(c3ccc(O)cc3)CC2c2ccc(F)cc2)cc1,CCO,357.0,56.1,5.660865478,427.0,76.7,0.47,0.250420002308894
NS(=O)(=O)c1ccc(N2N=C(c3ccc(O)cc3)CC2c2ccc(F)cc2)cc1,CO,356.0,56.1,5.593286067,430.0,78.6,0.36,0.21590181320403157
NS(=O)(=O)c1ccc(N2N=C(c3ccc(O)cc3)CC2c2ccc(F)cc2)cc1,O,359.0,57.2,5.267171728,448.0,79.3,0.57,0.5011962420270887
NS(=O)(=O)c1ccc(N2N=C(c3ccc(O)cc3)CC2c2ccc([N+](=O)[O-])cc2)cc1,C1CCOC1,353.0,62.5,5.57054294,420.0,66.1,0.01,0.3412366232386923
NS(=O)(=O)c1ccc(N2N=C(c3ccc(O)cc3)CC2c2ccc([N+](=O)[O-])cc2)cc1,CCOC(C)=O,352.0,50.9,5.450249108,417.0,66.1,0.01,0.37548071461857246
NS(=O)(=O)c1ccc(N2N=C(c3ccc(O)cc3)CC2c2ccc([N+](=O)[O-])cc2)cc1,CC#N,352.0,59.2,5.5289167,419.0,68.5,0.01,0.3439990690571613
NS(=O)(=O)c1ccc(N2N=C(c3ccc(O)cc3)CC2c2ccc([N+](=O)[O-])cc2)cc1,CC(C)O,352.0,58.7,5.603144373,421.0,73.6,0.02,0.15259407792746976
NS(=O)(=O)c1ccc(N2N=C(c3ccc(O)cc3)CC2c2ccc([N+](=O)[O-])cc2)cc1,CCO,352.0,58.9,5.638489257,422.0,75.5,0.01,0.11594317693905512
Cc1ccc(C2CC(c3ccc(O)cc3)=NN2c2ccc(S(N)(=O)=O)cc2)cc1,C1CCOC1,359.0,57.9,5.620136055,417.0,65.5,0.7,0.3794868137172738
Cc1ccc(C2CC(c3ccc(O)cc3)=NN2c2ccc(S(N)(=O)=O)cc2)cc1,CCOC(C)=O,358.0,56.0,5.633468456,415.0,65.0,0.68,0.3823773034681137
Cc1ccc(C2CC(c3ccc(O)cc3)=NN2c2ccc(S(N)(=O)=O)cc2)cc1,CN(C)C=O,362.0,56.9,5.600972896,422.0,64.8,0.76,0.41346741298582484
Cc1ccc(C2CC(c3ccc(O)cc3)=NN2c2ccc(S(N)(=O)=O)cc2)cc1,CS(C)=O,364.0,56.2,5.547774705,424.0,64.6,0.82,0.4077307280263355
Cc1ccc(C2CC(c3ccc(O)cc3)=NN2c2ccc(S(N)(=O)=O)cc2)cc1,CC#N,358.0,56.4,5.689308859,417.0,65.9,0.64,0.36473855505539854
Cc1ccc(C2CC(c3ccc(O)cc3)=NN2c2ccc(S(N)(=O)=O)cc2)cc1,CC(C)O,358.0,55.2,5.661812686,423.0,74.3,0.5,0.32345836684946766
CSc1sc(C(=O)c2ccccc2)c2nn[nH]c(=O)c12,CS(C)=O,405.5,60.5,4.204119983,497.0,96.0,0.0056,-0.8860566476931632
CSc1sc(C(=O)c2ccccc2)c2nn[nH]c(=O)c12,CC#N,396.0,58.9,4.041392685,485.0,84.9,0.013,-0.38721614328026455
CSc1sc(C(=O)c2ccccc2)c2nn[nH]c(=O)c12,CO,400.0,59.3,4.079181246,495.0,92.1,0.0069,-0.6575773191777937
CSc1sc(C(=O)c2ccccc2)c2nn[nH]c(=O)c12,CCO,400.0,59.3,4.079181246,489.0,91.1,0.0088,-0.5528419686577808
CSc1sc(C(=O)c2ccccc2)c2nn[nH]c(=O)c12,C1CCOC1,396.5,59.7,3.875061263,482.0,80.7,0.016,-0.4814860601221125
c1ccc(-c2c3ccccc3cc3ccccc23)cc1,C1CCOC1,386.0,46.6,3.959041392,394.0,49.0,0.69,0.8512583487190752
CCOC(=O)c1c(N)sc(/N=C/c2cccs2)c1C(=O)OCC,CC#N,400.0,73.2,4.278753601,480.0,63.7,0.0029,1.146128035678238
Cn1c2ccccc2c2cc(/C=C/C3=[O+][B-](F)(F)OC(/C=C/c4ccc5c(c4)c4ccccc4n5C)=C3c3ccccc3)ccc21,ClCCl,565.0,85.6,4.843045811,636.0,81.6,0.6,0.33243845991560533
O=C1c2ccccc2-c2c(-c3ccccc3)c(-c3ccccc3)c(-c3ccccc3)c3cccc1c23,CO,407.0,78.0,4.079181246,521.0,81.5,1.0,0.9637878273455552
O=C1c2ccccc2-c2c(-c3ccccc3)c(-c3ccccc3)c(-c3ccccc3)c3cccc1c23,CC#N,401.0,71.2,4.204119983,498.0,79.5,0.04,-0.22184874961635637
CC[n+]1nc2cc3c4c(c2c2cc(C)ccc21)CCCN4CCC3,O,500.0,80.9,4.729974286,571.0,78.5,0.27,0.6232492903979004
CC[n+]1nc2cc3c4c(c2c2ccccc21)CCCN4CCC3,O,493.0,80.9,4.716837723,570.0,81.8,0.25,0.5563025007672873
CC[n+]1nc2cc3c4c(c2c2cc(F)ccc21)CCCN4CCC3,O,494.0,80.9,4.589949601,564.0,73.0,0.34,0.6434526764861874
Cc1cccc2[n+]1[B-](c1ccccc1)(c1ccccc1)c1cccc3c4c5c(cccc5c-2c13)[B-](c1ccccc1)(c1ccccc1)[n+]1c(C)cccc1-4,ClCCl,542.0,84.6,4.283301229,611.0,94.5,0.56,1.0374264979406236
COc1cc2c(cc1-c1ccncc1)Cc1c3c(c4c(c1-2)-c1cc(OC)c(-c2ccncc2)cc1C4)C(=O)N(CCC(C)C)C3=O,C1CCOC1,407.0,80.4,4.38,456.0,61.5,0.42,0.35024801833416286
CCCCN(CCCC)c1ccc2nc3c4ccccc4c(=O)c(-c4ccc5c(c4)C(CCCC)(CCCC)c4ccccc4-5)c-3oc2c1,ClCCl,551.0,90.3,4.582063363,634.0,62.2,0.14,0.07918124604762482
CCCCn1c2ccccc2c2c1c1c3ccccc3n(CCCC)c1c1c3ccccc3n(CCCC)c21,C1CCOC1,316.0,35.2,4.799340549,396.0,46.4,0.19,0.7781512503836436
CN(C)c1ccc(/C=C2/N=C(c3ccccc3)OC2=O)cc1,CCCCCC,443.0,57.3,4.612783857,472.0,52.4,0.045,0.6020599913279624
CN(C)c1ccc(/C=C2/N=C(c3ccccc3)OC2=O)cc1,C1COCCO1,466.0,67.7,4.62324929,513.0,56.1,0.097,0.6020599913279624
CN(C)c1ccc(/C=C2/N=C(c3ccccc3)OC2=O)cc1,CN(C)C=O,482.0,70.8,4.544068044,547.0,53.6,0.2,0.7160033436347992
CN(C)c1ccc(/C=C2/N=C(c3ccccc3)OC2=O)cc1,CO,473.0,72.7,4.505149978,537.0,58.5,0.035,0.7323937598229685
COc1ccc(N(c2ccc(OC)cc2)c2ccc3ccc4c(B(c5c(C)cc(C)cc5C)c5c(C)cc(C)cc5C)ccc5ccc2c3c54)cc1,CCCCCC,463.0,71.8,4.267171728,534.0,65.5,1.0,0.7923916894982539
CC(C)(C)c1ccc(C(C)(C)C)c(N2C(=O)c3cccc4c(-c5ccc(-c6ccccc6)s5)ccc(c34)C2=O)c1,Cc1ccccc1,398.0,70.2,4.184691431,493.0,81.1,0.06,-0.6777807052660807
CC(C)(C)c1ccc(C(C)(C)C)c(N2C(=O)c3cccc4c(-c5ccc(-c6ccccc6)s5)ccc(c34)C2=O)c1,CS(C)=O,405.0,77.7,4.225309282,557.0,106.3,0.43,0.41830129131974547
CC(C)(C)c1ccc(C(C)(C)C)c(N2C(=O)c3cccc4c(-c5ccc(-c6ccccc6)s5)ccc(c34)C2=O)c1,CO,403.0,80.2,4.250420002,572.0,116.6,0.34,0.40312052117581787
CC(C)(C)c1ccc(C(C)(C)C)c(N2C(=O)c3cccc4c(-c5ccc(-c6ccc([N+](=O)[O-])cc6)s5)ccc(c34)C2=O)c1,Cc1ccccc1,392.0,82.3,4.469822016,479.0,76.7,0.07,-0.6575773191777937
CC(C)(C)c1ccc(C(C)(C)C)c(N2C(=O)c3cccc4c(-c5ccc(-c6ccc([N+](=O)[O-])cc6)s5)ccc(c34)C2=O)c1,CS(C)=O,400.0,84.8,4.436162647,538.0,129.1,0.17,-0.2596373105057561
CC(C)(C)c1ccc(C(C)(C)C)c(N2C(=O)c3cccc4c(-c5ccc(-c6ccc([N+](=O)[O-])cc6)s5)ccc(c34)C2=O)c1,CO,393.0,92.2,4.324282455,531.0,108.1,0.03,-0.6989700043360187
c1cc2ccc3cc4cccc5ccc6cc(c1)c2c3c6c54,ClCCl,433.0,12.8,4.8,437.0,35.7,0.24,0.48572142648158
CCCCOc1ccc(-c2cc3c(o2)c(-c2ccc(OCCCC)cc2)c2n3[B-](F)(F)[N+]3=Cc4c(-c5ccc(OCCCC)cc5)c5oc(-c6ccc(OCCCC)cc6)cc5n4[B-](F)(F)[N+]3=C2)cc1,ClCCl,622.0,89.3,5.083860801,661.0,37.8,0.4,0.4132997640812518
CN(C)c1ccc(C2=Cc3ccc4ccccc4[n+]3[B-](F)(F)O2)cc1,ClC(Cl)Cl,477.0,64.2,4.752048448,521.0,56.1,0.86,0.4471580313422192
COc1ccc(C2=Cc3ccc4ccccc4[n+]3[B-](F)(F)O2)cc1,ClC(Cl)Cl,439.0,59.3,4.580924976,457.0,55.3,0.94,0.36172783601759284
Cc1ccc(C2=Cc3ccc4ccccc4[n+]3[B-](F)(F)O2)cc1,ClC(Cl)Cl,432.0,56.5,4.515873844,443.0,53.5,0.75,0.2528530309798932
Cc1cccc(C2=Cc3ccc4ccccc4[n+]3[B-](F)(F)O2)c1,ClC(Cl)Cl,429.0,55.5,4.534026106,440.0,50.8,0.53,0.19865708695442263
F[B-]1(F)OC(c2ccccc2)=Cc2ccc3ccccc3[n+]21,ClC(Cl)Cl,427.0,55.5,4.530199698,438.0,53.9,0.53,0.11058971029924897
F[B-]1(F)OC(c2ccc(Br)cc2)=Cc2ccc3ccccc3[n+]21,ClC(Cl)Cl,430.0,55.5,4.53529412,440.0,56.9,0.49,0.08278537031645007
F[B-]1(F)OC(c2cccc(Br)c2)=Cc2ccc3ccccc3[n+]21,ClC(Cl)Cl,426.0,55.5,4.51054501,435.0,57.2,0.52,0.05307844348341968
Fc1cccc(C2=Cc3ccc4ccccc4[n+]3[B-](F)(F)O2)c1,ClC(Cl)Cl,425.0,55.5,4.487138375,435.0,55.9,0.47,0.04532297878665747
F[B-]1(F)OC(c2ccc(C(F)(F)F)cc2)=Cc2ccc3ccccc3[n+]21,ClC(Cl)Cl,424.0,55.5,4.482873584,434.0,58.9,0.37,-0.03621217265444471
F[B-]1(F)OC(c2ccccc2)=Cc2cc(Cl)nc[n+]21,Cc1ccccc1,377.0,50.0,4.572871602,432.0,63.7,0.05,-0.721246399047171
F[B-]1(F)OC(c2ccc(C(F)(F)F)cc2)=Cc2cc(Cl)nc[n+]21,Cc1ccccc1,374.0,55.0,4.463892989,434.0,72.7,0.04,-0.6777807052660807
F[B-]1(F)OC(c2ccc(C(F)(F)F)cc2)=Cc2cc(Cl)nc[n+]21,C1CCOC1,371.0,55.0,4.489958479,428.0,67.7,0.01,-0.8860566476931632
CN(C)c1ccc(C2=Cc3cc(Cl)nc[n+]3[B-](F)(F)O2)cc1,CCCCCC,444.0,39.9,4.868644438,456.0,37.5,0.82,0.2787536009528289
CN(C)c1ccc(C2=Cc3cc(Cl)nc[n+]3[B-](F)(F)O2)cc1,Cc1ccccc1,453.0,48.1,4.838219222,494.0,45.1,0.41,0.36172783601759284
CN(C)c1ccc(C2=Cc3cc(Cl)nc[n+]3[B-](F)(F)O2)cc1,ClC(Cl)Cl,460.0,52.6,4.828015064,512.0,53.8,0.82,0.3979400086720376
CN(C)c1ccc(C2=Cc3cc(Cl)nc[n+]3[B-](F)(F)O2)cc1,C1CCOC1,451.0,56.0,4.811575006,532.0,71.1,0.6,0.414973347970818
CN(C)c1ccc(C2=Cc3cc(Cl)nc[n+]3[B-](F)(F)O2)cc1,ClCCl,459.0,54.5,4.850033258,529.0,64.3,0.78,0.4471580313422192
CN(C)c1ccc(C2=Cc3cc(Cl)nc[n+]3[B-](F)(F)O2)cc1,CC#N,452.0,60.5,4.804820679,565.0,112.4,0.03,-0.5228787452803376
CCC1(CC)c2cc(C#Cc3cccs3)ccc2-c2c1c1c(c3c2C(CC)(CC)c2cc(C#Cc4cccs4)ccc2-3)C(CC)(CC)c2cc(C#Cc3cccs3)ccc2-1,C1CCOC1,362.0,43.7,5.064457989,390.0,39.4,0.58,0.17609125905568124
CC1=C(c2ccc(N(c3ccccc3)c3ccccc3)cc2)C(C)=[N+]2C1=C(c1c(-c3ccccn3)nc3ccccn13)c1c(C)c(-c3ccc(N(c4ccccc4)c4ccccc4)cc3)c(C)n1[B-]2(F)F,ClCCl,568.0,76.7,4.1,709.0,140.4,0.0078,-0.5228787452803376
CN(C)c1ccc2nc3ccc(N(C)C)cc3[s+]c2c1,O,664.0,79.8,4.591621038,683.0,41.3,0.02,-0.45050628678498683
CN(C)c1ccc2nc3ccc(N(C)C)cc3[s+]c2c1,CC#N,655.0,70.4,4.819346484,672.0,38.2,0.15,-0.46890445312997203
CN(C)c1ccc2nc3ccc(N(C)C)cc3[s+]c2c1,CCO,655.0,44.7,5.049992857,680.0,40.7,0.09,-0.33554607141884246
CN(C)c1ccc2nc3ccc(N(C)C)cc3[s+]c2c1,OCC(O)CO,662.0,53.8,4.819346484,682.0,44.9,0.03,-0.3250470519514347
COc1ccc(C#Cc2ccc(C#Cc3ccc(P(=O)(c4ccccc4)c4ccccc4)cc3)cc2)cc1,ClC(Cl)Cl,335.0,59.2,4.770852012,388.0,58.0,0.76,-0.10790539730951959
CCCCOc1ccc(-c2oc3cc4n(c3c2-c2ccc(OCCCC)cc2)[B-](F)(F)[N+]2=Cc3cc5oc(-c6ccc(OCCCC)cc6)c(-c6ccc(OCCCC)cc6)c5n3[B-](F)(F)[N+]2=C4)cc1,ClCCl,606.0,88.8,5.089905111,646.0,43.9,0.43,0.2944662261615929
CCCCC1=Cc2c3ccc4cccc5ccc(c6cc(-c7ccc(N(c8ccccc8)c8ccccc8)cc7)n(c26)P1(=O)c1ccccc1)c3c45,C1CCCCC1,431.0,67.7,4.49,502.0,67.4,0.56,0.25527250510330607
CCCCC1=Cc2c3ccc4cccc5ccc(c6cc(-c7ccc(N(c8ccccc8)c8ccccc8)cc7)n(c26)P1(=O)c1ccccc1)c3c45,Cc1ccccc1,434.0,70.4,4.49,518.0,77.0,0.61,0.3010299956639812
CCCCC1=Cc2c3ccc4cccc5ccc(c6cc(-c7ccc(N(c8ccccc8)c8ccccc8)cc7)n(c26)P1(=O)c1ccccc1)c3c45,C1COCCO1,432.0,65.5,4.5,526.0,86.2,0.61,0.414973347970818
CCCCC1=Cc2c3ccc4cccc5ccc(c6cc(-c7ccc(N(c8ccccc8)c8ccccc8)cc7)n(c26)P1(=O)c1ccccc1)c3c45,ClC(Cl)Cl,433.0,67.7,4.5,537.0,90.8,0.58,0.4471580313422192
CCCCC1=Cc2c3ccc4cccc5ccc(c6cc(-c7ccc(N(c8ccccc8)c8ccccc8)cc7)n(c26)P1(=O)c1ccccc1)c3c45,ClCCl,431.0,68.7,4.5,551.0,96.1,0.62,0.5797835966168101
CCCCC1=Cc2c3ccc4cccc5ccc(c6cc(-c7ccc(N(c8ccccc8)c8ccccc8)cc7)n(c26)P1(=O)c1ccccc1)c3c45,C1CCOC1,432.0,69.6,4.5,541.0,95.2,0.49,0.505149978319906
CCCCC1=Cc2c3ccc4cccc5ccc(c6cc(-c7ccc(N(c8ccccc8)c8ccccc8)cc7)n(c26)P1(=O)c1ccccc1)c3c45,CC(C)=O,429.0,67.2,4.5,560.0,100.4,0.52,0.6232492903979004
CCCCC1=Cc2c3ccc4cccc5ccc(c6cc(-c7ccc(N(c8ccccc8)c8ccccc8)cc7)n(c26)P1(=O)c1ccccc1)c3c45,CC#N,428.0,68.0,4.51,572.0,112.5,0.39,0.6812412373755872
CCCCC1=Cc2c3ccc4cccc5ccc(c6cc(-c7ccc(N(c8ccccc8)c8ccccc8)cc7)n(c26)P1(=O)c1ccccc1)c3c45,CO,428.0,68.8,4.52,563.0,110.5,0.29,0.6232492903979004
CCOC(=O)c1c(N)sc(/N=C/c2ccc(-c3cccs3)s2)c1C(=O)OCC,CC#N,466.0,129.3,4.40654018,541.0,38.2,0.0006,0.7923916894982539
c1ccc([B-]2(c3ccccc3)Oc3ccc4ccccc4c3-c3c4ccccc4nc[n+]32)cc1,Cc1ccccc1,451.0,72.0,3.707570176,543.0,98.6,0.25,0.9818186071706636
F[B-]12OC(c3ccccc3)=Nc3cccc([n+]31)N=C(c1ccccc1)O2,ClCCl,394.0,61.8,4.447158031,456.0,61.6,0.2,0.11394335230683678
Cc1ccc(C2=Nc3cccc4[n+]3[B-](F)(O2)OC(c2ccc(C)cc2)=N4)cc1,ClCCl,394.0,62.4,4.635483747,457.0,70.6,0.3,0.20411998265592482
COc1ccc(C2=Nc3cccc4[n+]3[B-](F)(O2)OC(c2ccc(OC)cc2)=N4)cc1,ClCCl,399.0,58.1,4.854306042,460.0,67.4,0.39,0.25527250510330607
Cc1cccc(-c2c3ccccc3c(-c3cccc(C)n3)c3ccccc23)n1,ClCCl,393.0,51.3,4.103803721,428.0,63.1,0.77,0.7781512503836436
CCCCOc1ccc(-c2oc3c(-c4ccc(OCCCC)cc4)c4n(c3c2-c2ccc(OCCCC)cc2)[B-](F)(F)[N+]2=Cc3c(-c5ccc(OCCCC)cc5)c5oc(-c6ccc(OCCCC)cc6)c(-c6ccc(OCCCC)cc6)c5n3[B-](F)(F)[N+]2=C4)cc1,ClCCl,624.0,93.9,5.040206628,667.0,43.0,0.34,0.4082399653118496
CC(C)(C)c1ccc2c(c1)c1cc(C(C)(C)C)ccc1n2-c1ccc(C#Cc2ccc3c4ccc(C#Cc5ccc(C=C(C#N)C#N)cc5)cc4n(-c4ccc(C(F)(F)F)cc4)c3c2)cc1,ClCCl,355.0,122.2,4.866570867,454.0,118.4,0.12,-0.5376020021010439
CC(C)(C)c1ccc2c(c1)c1cc(C(C)(C)C)ccc1n2-c1ccc(C#Cc2ccc3c4ccc(C#Cc5ccc(/C=C(/C#N)C(=O)O)cc5)cc4n(-c4ccc(C(F)(F)F)cc4)c3c2)cc1,ClCCl,386.0,114.8,4.738312727,426.0,68.5,0.12,0.10380372095595687
CC(C)(C)c1ccc2c(c1)c1cc(C(C)(C)C)ccc1n2-c1ccc(C#Cc2ccc3c4ccc(C#Cc5ccc(C=O)cc5)cc4n(-c4ccc(C(F)(F)F)cc4)c3c2)cc1,ClCCl,377.0,72.4,4.811662124,422.0,71.7,0.21,-0.07572071393811836
COc1ccc(-c2nc3ccccc3nc2/C=C/N2CCCC2)s1,CC#N,456.0,74.5,4.184691431,583.9416058,121.0,0.21,0.761927838420529
CC1=C(c2ccc(N(c3ccccc3)c3ccccc3)cc2)C(C)=[N+]2C1=C(c1c(-c3ccccn3)nc3ccccn13)c1c(C)cc(C)n1[B-]2(F)F,ClCCl,537.0,53.7,4.6,698.0,138.4,0.0038,-0.6989700043360187
c1ccc(-c2nn(-c3ccccc3)c3nc4ccc(N(c5ccccc5)c5cccc6ccccc56)cc4cc23)cc1,CC#N,445.0378282,66.6,3.893206753,555.247085,123.2,0.41,1.212187604403958
c1ccc(-c2nn(-c3ccccc3)c3nc4ccc(N(c5ccccc5)c5cccc6ccccc56)cc4cc23)cc1,C1CCCCC1,448.0286738,61.5,3.933487288,484.7309743,53.9,0.57,1.0530784434834197
CC(C)(C)c1ccc2cc3c4cccc5cccc(c6cc(C(C)(C)C)cc(c2c1)c63)c54,CC1CCCCC1,438.0,41.7,4.591064607,445.0,44.0,0.74,0.5563025007672873
CCN(CC)c1ccc2c(-c3ccccc3C(=O)O)c3c([o+]c2c1)/C(=C/c1ccc2c(c1)c1ccccc1n2CC)CCC3,ClCCl,646.0,104.9,4.69019608,712.0,98.5,0.08,-0.10237290870955855
CCN(CC)c1ccc2cc(-c3nc4ccccc4n3-c3ccccc3)c(=O)oc2c1,ClCCl,410.0,67.2,5.556302501,479.0,59.1,0.94,1.1205739312058498
COC(=O)C(NC(=O)OC(C)(C)C)c1ccc2oc(-c3cccc(Oc4ccccc4)c3)nc2c1,CO,305.0,66.2,4.41,348.0,54.6,0.13,0.05690485133647255
COc1ccc(C2=c3sc(-c4ccc(OC)cc4)c(-c4ccc(OC)cc4)c3=[N+]3C2=Nc2c(-c4ccc(OC)cc4)c4sc(-c5ccc(OC)cc5)c(-c5ccc(OC)cc5)c4n2[B-]3(F)F)cc1,ClC(Cl)Cl,784.0,57.0,5.260071388,816.0,40.0,0.04,0.1846914308175988
CC(C)(C)c1ccc(C2=c3sc(-c4ccc(C(C)(C)C)cc4)c(-c4ccc(C(C)(C)C)cc4)c3=[N+]3C2=Nc2c(-c4ccc(C(C)(C)C)cc4)c4sc(-c5ccc(C(C)(C)C)cc5)c(-c5ccc(C(C)(C)C)cc5)c4n2[B-]3(F)F)cc1,ClC(Cl)Cl,767.0,59.0,5.159867847,807.0,53.0,0.05,0.07188200730612536
O=S1(=O)c2ccccc2C2(c3cc(-c4ccc(-n5c6ccccc6c6ccccc65)cc4)ccc3-c3ccc(-c4ccc(-n5c6ccccc6c6ccccc65)cc4)cc32)c2ccccc21,ClCCl,346.0,51.0,4.945173046,427.0,71.9,0.81,-0.045757490560675115
CC(C)(C)c1ccc2c(c1)c1cc(C(C)(C)C)ccc1n2-c1ccc(-c2ccc3c(c2)C2(c4cc(-c5ccc(-n6c7ccc(C(C)(C)C)cc7c7cc(C(C)(C)C)ccc76)cc5)ccc4-3)c3ccccc3S(=O)(=O)c3ccccc32)cc1,ClCCl,353.0,50.8,4.900203213,449.0,75.0,0.88,0.25527250510330607
c1ccc(N(c2ccccc2)c2ccc(-c3ccc(-c4ccc(-c5ccc(-c6ccc(N(c7ccccc7)c7ccccc7)cc6)s5)c5nsnc45)s3)cc2)cc1,ClC(Cl)Cl,530.0,128.5,4.181414796,690.0,124.3,0.23,0.7101173651118162
COc1ccc(N(c2ccc(OC)cc2)c2ccc(-c3ccc(-c4ccc(-c5ccc(-c6ccc(N(c7ccc(OC)cc7)c7ccc(OC)cc7)cc6)s5)c5nsnc45)s3)cc2)cc1,ClC(Cl)Cl,545.0,129.8,4.274250243,710.0,134.9,0.18,0.6901960800285137
CC(C)(C)c1ccc(C2=c3sc(-c4ccc(C(C)(C)C)cc4)cc3=[N+]3C2=Nc2c(-c4ccc(C(C)(C)C)cc4)c4sc(-c5ccc(C(C)(C)C)cc5)cc4n2[B-]3(F)F)cc1,ClC(Cl)Cl,767.0,42.0,5.350054094,793.0,48.0,0.12,0.22788670461367355
COc1ccc(C2=c3sc(-c4ccc(OC)cc4)cc3=[N+]3C2=Nc2c(-c4ccc(OC)cc4)c4sc(-c5ccc(OC)cc5)cc4n2[B-]3(F)F)cc1,ClC(Cl)Cl,788.0,45.0,5.230448921,814.0,40.0,0.1,0.22788670461367355
c1ccc(-c2nn(-c3ccccc3)c3nc4ccccc4cc23)cc1,C1CCCCC1,401.4452027,55.8,3.819543936,443.6557232,52.6,0.86,1.252853030979893
c1ccc(-c2nn(-c3ccccc3)c3nc4ccccc4cc23)cc1,CC#N,396.8253968,52.9,3.843855423,478.0114723,75.5,0.73,1.3996737214810382
CN(C)c1ccc2nc3c(cc2c1)c(-c1ccccc1)nn3-c1ccccc1,C1CCCCC1,439.5604396,66.8,3.829946696,444.4444444,43.2,0.84,1.2068258760318498
CN(C)c1ccc2nc3c(cc2c1)c(-c1ccccc1)nn3-c1ccccc1,CC#N,449.2362983,75.6,3.760422483,561.4823133,85.7,0.57,1.3891660843645326
Cc1ccc(-c2cc(C)[o+]c(C)c2)cc1,ClCCl,365.0,37.5,4.477121255,417.0,69.9,0.27,0.5185139398778874
CC(=O)c1ccc(-c2cc(C)[o+]c(C)c2)cc1,ClCCl,336.0,61.0,4.380211242,405.0,90.9,0.03,0.3010299956639812
Cc1cc(-c2ccccc2)cc(C)[o+]1,ClCCl,343.0,44.0,4.380211242,434.0,84.0,0.011,-0.10790539730951959
C(=C/c1nc(/C=C/c2ccc(-n3c4ccccc4c4ccccc43)cc2)nc(/C=C/c2ccc(-n3c4ccccc4c4ccccc43)cc2)n1)\c1ccc(-n2c3ccccc3c3ccccc32)cc1,CC#N,376.0,73.2,3.966141733,574.0,154.8,0.16,0.3074960379132129
C(=C/c1nc(/C=C/c2ccc(-n3c4ccccc4c4ccccc43)cc2)nc(/C=C/c2ccc(-n3c4ccccc4c4ccccc43)cc2)n1)\c1ccc(-n2c3ccccc3c3ccccc32)cc1,Cc1ccccc1,389.0,62.0,5.064457989,453.0,71.0,0.55,0.5877109650189114
CCC1(CC)c2cc(Br)ccc2-c2c1c1c(c3c2C(CC)(CC)c2cc(-c4cccs4)ccc2-3)C(CC)(CC)c2cc(-c3cccs3)ccc2-1,C1CCOC1,338.0,52.8,4.995635195,388.0,49.0,0.38,-0.03621217265444471
O=C1CCCC2=C1CC1=C(CCCC1=O)N2NC(=O)c1ccccc1,CC#N,368.0,57.9,3.7,434.0,59.1,0.46,0.7075701760979364
COC(=O)C(NC(=O)OC(C)(C)C)c1ccc2oc(-c3cc(OC)ccc3OC)nc2c1,CO,337.0,50.6,4.1,405.0,58.5,0.37,0.3074960379132129
COC(=O)C(NC(=O)OC(C)(C)C)c1ccc2oc(-c3cc(OC)c(OC)cc3OC)nc2c1,CO,335.0,47.5,4.39,389.0,56.6,0.81,0.3074960379132129
COC(=O)C(NC(=O)OC(C)(C)C)c1ccc2oc(-c3cc(OC)c(OC)c(OC)c3)nc2c1,CO,313.0,46.4,4.57,373.0,55.3,0.7,0.10720996964786837
COC(=O)C(NC(=O)OC(C)(C)C)c1ccc2oc(-c3ccc(N(C)C)cc3OC)nc2c1,CO,346.0,46.4,4.66,398.0,48.8,0.97,0.1205739312058499
CCN(CC)c1ccc(-c2nc3cc(C(NC(=O)OC(C)(C)C)C(=O)OC)ccc3o2)c(O)c1,CO,364.0,38.9,4.81,391.0,48.2,0.08,-0.6020599913279624
C=CCOc1ccc(-c2nc3cc(C(NC(=O)OC(C)(C)C)C(=O)OC)ccc3o2)cc1,CO,309.0,42.5,4.56,353.0,47.5,0.79,0.08278537031645007
COC(=O)C(NC(=O)OC(C)(C)C)c1ccc2oc(-c3ccc(C#N)cc3)nc2c1,CO,317.0,56.6,4.51,385.0,67.1,0.5,0.28330122870354957
COC(=O)C(NC(=O)OC(C)(C)C)c1ccc2oc(-c3ccc(F)cc3)nc2c1,CO,302.0,61.0,4.47,342.0,51.5,0.48,0.1846914308175988
COC(=O)C(NC(=O)OC(C)(C)C)c1ccc2oc(-c3cc(C(F)(F)F)cc(C(F)(F)F)c3)nc2c1,CO,309.0,57.6,4.37,377.0,63.2,0.44,0.3820170425748684
O=c1c(N(c2ccccc2)c2ccc3ccccc3c2)c([O-])/c1=[N+](\c1ccccc1)c1ccc2ccccc2c1,CN(C)C=O,423.0,45.9,4.55,510.0,73.4,0.001,0.8078055322706246
CC(C)(C)c1ccc(-c2c3cccc4c(-c5ccccc5)cc5c(-c6ccc(C(C)(C)C)cc6)c6cccc7c(-c8ccccc8)cc2c(c76)c5c43)cc1,ClCCl,454.0,42.8,4.87,465.0,29.2,0.26,0.4742162640762552
Cc1ccccc1-c1c2cccc3c(-c4ccc(C(C)(C)C)cc4)cc4c(-c5ccccc5C)c5cccc6c(-c7ccc(C(C)(C)C)cc7)cc1c(c65)c4c32,ClCCl,447.0,43.7,4.68,455.0,37.1,0.28,0.5301996982030822
CCN(CC)c1ccc2c(-c3ccccc3C(=O)O)c3c([o+]c2c1)/C(=C/Nc1ccccc1)CCC3,ClC(Cl)Cl,608.0,66.9,4.806179974,644.0,67.1,0.35,0.49968708261840383
CCN(CC)c1ccc2c(-c3ccccc3C(=O)O)c3c([o+]c2c1)/C(=C/Nc1ccccc1)CCC3,CCO,595.0,63.0,4.832508913,641.0,61.7,0.35,0.7151673578484579
CCN(CC)c1ccc2c(-c3ccccc3C(=O)O)c3c([o+]c2c1)/C(=C/Nc1ccccc1)CCC3,ClCCl,607.0,55.3,4.819543936,644.0,55.7,0.6,0.7634279935629373
CCN(CC)c1ccc2c(-c3ccccc3C(=O)O)c3c([o+]c2c1)/C(=C/Nc1ccccc1)CCC3,ClC(Cl)Cl,608.0,65.9,4.806179974,644.0,69.1,0.35,0.49968708261840383
CCN(CC)c1ccc2c(-c3ccccc3C(=O)O)c3c([o+]c2c1)/C(=C/Nc1ccccc1)CCC3,CCO,595.0,62.1,4.832508913,641.0,62.9,0.35,0.7151673578484579
CCN(CC)c1ccc2c(-c3ccccc3C(=O)O)c3c([o+]c2c1)/C(=C/Nc1ccccc1)CCC3,ClCCl,607.0,55.3,4.819543936,644.0,55.4,0.6,0.7634279935629373
CCCC(=O)c1c2c(c(C(=O)CCC)c3c1OC(CC(=O)OC)(C(=O)O)O3)OCO2,CC#N,424.0,81.5,3.397940009,542.0,96.0,0.25,1.3404441148401183
Cc1cc(C)c(C2=C3C=CC=[N+]3[B-]3(c4cccc5ccccc45)Oc4cc(O)cc5c6ccc(C)cc6c6cc2n3c6c45)c(C)c1,ClC(Cl)Cl,646.0,55.6,4.748188027,669.0,42.4,0.27,0.5440680443502757
[NH3+]C(Cc1ccc(O)cc1)C(=O)[O-],O,274.0,23.5,3.08170727,304.0,31.1,0.13,0.5145477526602861
Nc1ccccc1/C=C/C(F)(F)F,C1CCOC1,347.0,56.0,3.711807229,427.0,58.0,0.77,0.8645110810583918
C(#Cc1cccs1)C(C#Cc1cccs1)=Cc1ccc(C=C(C#Cc2cccs2)C#Cc2cccs2)s1,ClC(Cl)Cl,486.0,98.1,4.707570176,550.0,77.1,0.07,-0.1549019599857432
CCN(CC)c1ccc2c(-c3ccccc3C(=O)O)c3c([o+]c2c1)/C(=C/c1nc(C)n2ccccc12)CCC3,ClCCl,701.0,58.7,6.017033339,735.0,54.0,0.3,0.3443922736851107
COc1ccc(C2=CC(c3ccccc3)=[N+]3C2=Nc2c(-c4ccc(OC)cc4)cc(-c4ccccc4)n2[B-]3(F)F)cc1,Cc1ccccc1,663.0,54.3,4.86,697.0,67.3,0.24,0.1931245983544616
N#Cc1ccc(C#Cc2ccc(C#Cc3ccc(C#Cc4ccccc4C#N)cc3C#N)cc2C#N)cc1,ClC(Cl)Cl,357.0,68.6,4.94,392.0,32.8,0.858,0.05690485133647255
CSc1ccc(C#Cc2ccc(C#Cc3ccc(C#Cc4ccccc4C#N)cc3C#N)cc2C#N)cc1,ClC(Cl)Cl,375.0,82.7,4.89,455.0,78.3,0.972,0.11058971029924897
Cc1ccc(C#Cc2ccc(C#Cc3ccc(C#Cc4ccccc4C#N)cc3C#N)cc2C#N)cc1,ClC(Cl)Cl,360.0,70.5,4.91,403.0,53.8,0.96,0.08990511143939793
COc1ccc(C#Cc2ccc(C#Cc3ccc(C#Cc4ccccc4C#N)cc3C#N)cc2C#N)cc1,ClC(Cl)Cl,371.0,77.6,4.87,434.0,73.6,0.982,0.13353890837021754
CN(C)c1ccc(C#Cc2ccc(C#Cc3ccc(C#Cc4ccccc4C#N)cc3C#N)cc2C#N)cc1,ClC(Cl)Cl,425.0,86.5,4.75,555.0,100.5,0.999,0.250420002308894
Nc1cccc2c1C(=O)c1ccccc1C2=O,ClCCl,464.0,79.0,3.755874856,558.0,91.4,0.0405,0.22010808804005508
c1ccc(-c2nc(-c3ccccc3)c(-c3ccccc3)[nH]2)cc1,CC#N,312.0,51.4,4.308137379,387.0,64.1,0.27,0.2966651902615311
COc1cnc(-c2cc[n+](C3=C(F)C(F)(F)C(F)(F)[C-]3F)cc2)s1,ClCCl,430.0,61.9,4.260071388,466.0,61.9,0.76,0.4487063199050799
COC(=O)c1cc(=O)n(C)c2cc(-c3ccc(N4CCN(C)CC4)cc3)sc12,ClCCl,420.0,73.4,4.378397901,550.0,100.7,0.99,0.17609125905568124
CC(=O)N(Cc1ccccn1)c1c2ccccc2c2c3c(cccc13)C(=O)N(Cc1ccccn1)C2=O,CCO,437.0,70.5,4.033423755,509.0,68.2,0.35,0.22010808804005508
O=C1c2cccc3c(NCc4ccccn4)c4ccccc4c(c23)C(=O)N1Cc1ccccn1,CCO,533.0,112.3,4.008600172,615.0,43.6,0.07,0.5514499979728752
CC(=O)N(Cc1ccccn1)c1c2ccccc2c2c3c(cccc13)C(=O)N(Cc1ccccn1)C2=O,CCO,437.0,72.1,4.033423755,509.0,66.3,0.35,0.22010808804005508
O=C1c2cccc3c(NCc4ccccn4)c4ccccc4c(c23)C(=O)N1Cc1ccccn1,CCO,533.0,112.4,4.008600172,615.0,44.2,0.07,0.5509617522981761
O=C1c2ccc(N(c3ccccc3)c3ccccc3)cc2C(=O)c2ccc(N(c3ccccc3)c3ccccc3)cc21,Cc1ccccc1,449.0,75.5,4.309051494,601.0,91.6,0.2,0.724275869600789
c1ccc([B-]2(c3ccccc3)Oc3ccc4ccccc4c3-c3c4ccccc4cc[n+]32)cc1,Cc1ccccc1,427.0,67.7,3.698970004,522.0,100.7,0.32,0.9763499790032735
CN(C)c1ccc(-c2nc3cnccc3[nH]2)cc1,CCCCO,339.0,46.1,4.49,391.0,59.2,0.74,0.04921802267018165
CN(C)c1ccc(-c2nc3cnccc3[nH]2)cc1,CCCO,339.0,46.1,4.49,393.0,63.9,0.76,0.11394335230683678
CN(C)c1ccc(-c2nc3cnccc3[nH]2)cc1,CCO,340.0,45.1,4.47,395.0,63.1,0.76,0.04139268515822507
CN(C)c1ccc(-c2nc3cnccc3[nH]2)cc1,CO,341.0,47.0,4.47,398.0,56.4,0.22,-0.4559319556497244
CN(C)c1ccc(-c2nc3cnccc3[nH]2)cc1,CC#N,335.0,44.8,4.45,391.0,59.2,0.69,-0.017728766960431602
c1ccc(N(c2ccccc2)c2ccc(-c3ccc4c(c3)C3(c5ccccc5Sc5ccccc53)c3cc(-c5ccc(N(c6ccccc6)c6ccccc6)cc5)ccc3-4)cc2)cc1,ClCCl,375.0,55.0,4.88303651,457.0,73.2,0.81,0.07918124604762482
CC(C)(C)c1ccc2c(c1)c1cc(C(C)(C)C)ccc1n2-c1ccc2c(c1)C(=O)c1ccc(-n3c4ccc(C(C)(C)C)cc4c4cc(C(C)(C)C)ccc43)cc1C2=O,Cc1ccccc1,463.0,82.6,4.002881858,602.0,92.4,0.15,0.8750612633917001
O=S(=O)(c1ccc(-c2ccc(-n3c4ccccc4c4ccccc43)cc2)cc1)c1ccc(-c2ccc(-n3c4ccccc4c4ccccc43)cc2)cc1,Cc1ccccc1,341.0,40.5,4.47,399.0,49.1,1.0,0.4065401804339551
CC(C)(C)c1ccc2c(c1)c1cc(C(C)(C)C)ccc1n2-c1ccc(C#Cc2cccc(C#Cc3ccc(-n4c5ccc(C(C)(C)C)cc5c5cc(C(C)(C)C)ccc54)cc3)c2)cc1,ClCCl,345.0,54.6,4.685965544,416.0,67.2,0.88,0.5587085705331657
CCCCCCCCCCCCN1C(=O)c2c(c3ccc4cc(-c5ccccc5)c(OC)cc4c3c3c2ccc2cc(-c4ccccc4)c(OC)cc23)C1=O,ClCCl,432.0,83.6,4.23,526.0,64.7,0.148,0.7895807121644255
CN1CCN(CCCN2c3ccccc3Sc3ccc(C(F)(F)F)cc32)CC1,CC#N,310.0,59.8,3.612783857,470.0,88.5,0.001,0.42813479402878885
N#CC(C#N)=Cc1ccc(-c2ccc(N(c3ccccc3)c3ccccc3)cc2)cc1,ClC(Cl)Cl,461.0,87.6,4.47558403,634.0,111.4,0.19,0.5611013836490559
Cc1ccc(N(c2ccc(C)cc2)c2ccc(-c3ccc(C=C(C#N)C#N)cc3)cc2)cc1,ClC(Cl)Cl,477.0,94.5,4.663135315,676.0,140.8,0.02,0.02530586526477026
CC(C)(C)c1ccc(C(C)(C)C)c(N2C(=O)c3cccc4c(-c5ccc(-c6ccc(N(c7ccccc7)c7ccccc7)cc6)s5)ccc(c34)C2=O)c1,Cc1ccccc1,440.0,91.7,4.26245109,575.0,108.4,0.56,0.414973347970818
CCOC(=O)c1ccccc1-c1c2ccc(=[N+](CC)CC)cc-2oc2c1c(=O)oc1cc3c(cc12)CCCN3C,CCO,602.0,56.3,4.890979597,658.0,67.3,0.04,-0.06550154875643228
CCOC(=O)c1ccccc1-c1c2ccc(=[N+](CC)CC)cc-2oc2c1c(=O)oc1cc3c(cc12)CCCN3C,ClC(Cl)Cl,608.0,45.2,5.033423755,647.0,53.2,0.33,0.6095944092252201
CC[N+](CC)=c1ccc2c(-c3ccccc3C(=O)O)c3c(=O)oc4cc5c(cc4c3oc-2c1)CCCN5C,ClC(Cl)Cl,610.0,49.0,4.88422877,647.0,53.1,0.27,0.5786392099680724
CC[N+](CC)=c1ccc2c(-c3ccccc3C(=O)O)c3c(=O)oc4cc5c(cc4c3oc-2c1)CCCN5C,CCO,598.0,58.5,4.811575006,651.0,67.1,0.05,-0.00877392430750515
F[B-]1(F)n2c(cc3c4ccccc4c4ccccc4c32)-c2ccc3ccccc3[n+]21,ClCCl,476.0,81.7,4.56,585.0,90.2,0.9,0.6893088591236203
O=[N+]([O-])c1cccc2c1ccc1[n+]2[B-](F)(F)n2c-1cc1c3ccccc3c3ccccc3c12,ClCCl,518.0,93.0,4.08,633.0,88.0,0.03,0.4265112613645752
Nc1cccc2c1ccc1[n+]2[B-](F)(F)n2c-1cc1c3ccccc3c3ccccc3c12,ClCCl,468.0,82.5,4.34,580.0,93.9,0.1,0.34044411484011833
O=[N+]([O-])c1ccc2c(ccc3[n+]2[B-](F)(F)n2c-3cc3c4ccccc4c4ccccc4c32)c1,ClCCl,530.0,86.8,4.39,631.0,84.2,0.39,0.3384564936046049
Nc1ccc2c(ccc3[n+]2[B-](F)(F)n2c-3cc3c4ccccc4c4ccccc4c32)c1,ClCCl,482.0,76.3,4.16,577.0,88.6,0.81,0.4712917110589386
COC(=O)c1cc(=O)n(C)c2cc(-c3ccccc3)sc12,ClCCl,394.0,62.2,3.880813592,462.0,67.9,0.63,0.367355921026019
COC(=O)c1cc(=O)n(C)c2cc(-c3ccc(OC)cc3)sc12,ClCCl,400.0,71.2,4.204119983,472.0,68.4,0.9,0.36172783601759284
COC(=O)c1cc(=O)n(C)c2cc(-c3cccc(OC)c3)sc12,ClCCl,394.0,61.9,4.662757832,464.0,67.0,0.48,0.4132997640812518
COC(=O)c1cc(=O)n(C)c2cc(-c3ccccc3OC)sc12,ClCCl,398.0,63.1,4.322219295,469.0,67.6,0.51,0.11727129565576427
COc1ccc(-c2cc3c(s2)c(C(C)=O)cc(=O)n3C)cc1,ClCCl,418.0,72.1,4.123851641,510.0,82.5,0.98,0.17897694729316943
COC(=O)c1cc(=O)n(C)c2cc(-c3cc(OC)c(OC)c(OC)c3)sc12,ClCCl,400.0,64.3,4.392696953,485.0,82.5,0.53,0.13353890837021754
COC(=O)c1cc(=O)n(C)c2cc(-c3ccc(N(C)C)cc3)sc12,ClCCl,434.0,74.6,4.463892989,554.0,93.3,0.82,0.3159703454569177
COC(=O)c1cc(=O)n(C)c2cc(-c3ccccc3N(C)C)sc12,ClCCl,406.0,65.8,4.247973266,537.0,105.6,0.17,0.08990511143939793
CC(=O)c1cc(=O)n(C)c2cc(-c3ccc(N(C)C)cc3)sc12,ClCCl,448.0,86.2,4.434568904,610.0,120.3,0.18,-0.14874165128092473
CCN(CC)c1ccc(-c2cc3c(s2)c(C(=O)OC)cc(=O)n3C)cc1,ClCCl,442.0,76.6,4.567026366,562.0,93.4,0.91,0.8188854145940099
CC1=CC(c2ccc3cc(N(C)C)ccc3c2)=[O+][B-](F)(F)O1,Cc1ccccc1,455.0,60.7,4.707570176,521.0,70.4,0.93,0.6106601630898799
CC1=CC(c2ccc3cc(N(C)C)ccc3c2)=[O+][B-](F)(F)O1,ClCCl,469.0,71.4,4.741939078,574.0,82.4,0.99,0.5670263661590604
CC1=CC(c2ccc3cc(N(C)C)ccc3c2)=[O+][B-](F)(F)O1,ClC(Cl)Cl,466.0,68.8,4.77815125,552.0,76.6,0.97,0.5390760987927766
CC1=CC(c2ccc3cc(N(C)C)ccc3c2)=[O+][B-](F)(F)O1,C1CCOC1,456.0,71.4,4.753583059,566.0,82.7,0.91,0.5514499979728752
CC1=CC(c2ccc3cc(N(C)C)ccc3c2)=[O+][B-](F)(F)O1,CC(C)=O,460.0,75.7,4.748962861,492.0,90.2,0.53,0.43456890403419873
CC1=CC(c2ccc3cc(N(C)C)ccc3c2)=[O+][B-](F)(F)O1,CC#N,465.0,78.8,4.737192643,611.0,92.6,0.14,0.008600171761917567
CC1=CC(c2ccc3cc(N(C)C)ccc3c2)=[O+][B-](F)(F)O1,CS(C)=O,477.0,80.6,4.620136055,624.0,96.5,0.22,0.16731733474817606
c1csc(-c2ccc(-c3cccs3)c3nsnc23)c1,ClC(Cl)Cl,445.0,93.1,3.903957709,565.0,93.1,0.59,1.0102999566398119
c1cc2cccc3c4cccc5cccc(c(c1)c23)c54,C1CCCCC1,435.0,38.3,4.290034611,438.3950112,37.5,0.98,0.6720978579357175
CC(C)(C)C#Cc1ccc2c3cccc4cccc(c5cccc1c52)c43,C1CCCCC1,455.0,41.0,4.604226053,459.8849198,44.0,0.91,0.6334684555795865
C[Si](C)(C)C#Cc1ccc2c3cccc4cccc(c5cccc1c52)c43,C1CCCCC1,459.0,41.3,4.584331224,465.4722961,46.1,0.88,0.6232492903979004
C[Si](C)(C)C#CC#Cc1ccc2c3cccc4cccc(c5cccc1c52)c43,C1CCCCC1,470.0,42.8,4.643452676,477.0768467,49.1,0.51,0.3424226808222063
CCN(CC)c1ccc2cc(/C=C/C(=C(C#N)C#N)c3ccc4c(c3)c3ccccc3n4CC)c(=O)oc2c1,Cc1ccccc1,510.0,88.0,4.498310554,571.0,107.3,0.041,0.06069784035361165
CCN(CC)c1ccc2cc(/C=C/C(=C(C#N)C#N)c3ccc4c(c3)c3ccccc3n4CC)c(=O)oc2c1,ClCCl,522.0,102.0,4.58546073,604.0,96.0,0.146,0.5211380837040362
CCN(CC)c1ccc2cc(/C=C/C(=C(C#N)C#N)c3ccc4c(c3)c3ccccc3n4CC)c(=O)oc2c1,CCOC(C)=O,500.0,104.0,4.544068044,590.0,84.4,0.125,0.5428254269591799
CCN(CC)c1ccc2cc(/C=C/C(=C(C#N)C#N)c3ccc4c(c3)c3ccccc3n4CC)c(=O)oc2c1,CC(C)=O,514.0,102.0,4.602059991,614.0,80.4,0.174,0.6522463410033232
CCN(CC)c1ccc2cc(/C=C/C(=C(C#N)C#N)c3ccc4c(c3)c3ccccc3n4CC)c(=O)oc2c1,CN(C)C=O,528.0,106.0,4.556302501,629.0,80.7,0.194,0.6821450763738317
CCN(CC)c1ccc2cc(/C=C/C(=C(C#N)C#N)c3ccc4c(c3)c3ccccc3n4CC)c(=O)oc2c1,CS(C)=O,534.0,106.0,4.531478917,638.0,81.0,0.185,0.6683859166900001
CCN(CC)c1ccc2c(-c3ccccc3C(=O)O)c3c([o+]c2c1)/C(=C/c1ccc(N(C)C)cc1)CCC3,ClCCl,689.0,92.3,4.876916077,757.0,77.7,0.04,-0.6020599913279624
O=S1(=O)c2ccccc2-c2c1c1ccccc1p2-c1ccccc1,ClCCl,357.0,68.4,4.21,453.0,129.9,0.14,1.0522320902523343
C#CCn1c2ccccc2c2cc(/C=C/C3=[N+]4C(=C(c5ccc(I)cc5)c5c(C)cc(/C=C/c6ccc7c(c6)c6ccccc6n7CC#C)n5[B-]4(F)F)C(C)=C3)ccc21,ClC(Cl)Cl,674.0,38.5,5.02489596,691.0,41.4,0.99,0.6020599913279624
C#CCn1c2ccccc2c2cc(/C=C/C3=[N+]4C(=C(c5ccc(I)cc5)c5c(C)cc(/C=C/c6ccc7c(c6)c6ccccc6n7CC#C)n5[B-]4(F)F)C(C)=C3)ccc21,CC#N,665.0,43.4,4.998259338,688.0,47.2,0.96,0.617000341120899
C#CCn1c2ccccc2c2cc(/C=C/C3=[N+]4C(=C(c5ccc(I)cc5)c5c(C)cc(/C=C/c6ccc7c(c6)c6ccccc6n7CC#C)n5[B-]4(F)F)C(C)=C3)ccc21,CS(C)=O,678.0,47.2,4.977266212,703.0,49.0,0.97,0.557507201905658
C#CCn1c2ccccc2c2cc(/C=C/C3=[N+]4C(=C(c5ccc(I)cc5)c5c(C)c(Cl)c(/C=C/c6ccc7c(c6)c6ccccc6n7CC#C)n5[B-]4(F)F)C(C)=C3Cl)ccc21,ClC(Cl)Cl,703.0,54.0,4.935003151,730.0,49.1,0.55,0.5987905067631151
C#CCn1c2ccccc2c2cc(/C=C/C3=[N+]4C(=C(c5ccc(I)cc5)c5c(C)c(Cl)c(/C=C/c6ccc7c(c6)c6ccccc6n7CC#C)n5[B-]4(F)F)C(C)=C3Cl)ccc21,CC#N,694.0,65.7,4.836324116,731.0,63.9,0.5,0.5954962218255742
C#CCn1c2ccccc2c2cc(/C=C/C3=[N+]4C(=C(c5ccc(I)cc5)c5c(C)c(Cl)c(/C=C/c6ccc7c(c6)c6ccccc6n7CC#C)n5[B-]4(F)F)C(C)=C3Cl)ccc21,CS(C)=O,705.0,81.3,4.836956737,749.0,68.9,0.32,0.4842998393467858
CC[N+](CC)=c1ccc2c(-c3ccccc3C(=O)O)c3c(=O)oc4c5c6c(cc4c3oc-2c1)CCCN6CCC5,ClC(Cl)Cl,623.0,57.7,4.875061263,664.0,56.4,0.09,0.4578818967339924
CC[N+](CC)=c1ccc2c(-c3ccccc3C(=O)O)c3c(=O)oc4c5c6c(cc4c3oc-2c1)CCCN6CCC5,CCO,612.0,65.0,4.840106094,674.0,79.2,0.01,-0.3279021420642826
CCOC(=O)c1ccccc1-c1c2ccc(=[N+](CC)CC)cc-2oc2c1c(=O)oc1c3c4c(cc12)CCCN4CCC3,CCO,616.0,65.1,4.942504106,681.0,78.2,0.01,-0.36653154442041347
CCOC(=O)c1ccccc1-c1c2ccc(=[N+](CC)CC)cc-2oc2c1c(=O)oc1c3c4c(cc12)CCCN4CCC3,ClC(Cl)Cl,625.0,52.5,5.032618761,669.0,54.7,0.11,0.5365584425715302
c12c3c4c5c1c1c6c7c2c2c8c3c3c9c4c4c%10c5c5c1c1c6c6c%11c%12c%13c%14c%15c%16c%17c%14c%14c%18c%13c%11c1c1c5c%10c5c(c%14c%10c%17c%11c%13c%16c%14c%16c%15c%12c%12c%16c(c2c7c%126)c2c8c3c(c%13c%142)c2c9c4c5c%10c%112)c%181,CC1CCCCC1,470.0,114.3,4.204119983,650.0,93.7,0.0006,-0.1870866433571444
CCCCCCCCN(CCCCCCCC)c1ccc(/C=C/c2ccc(C#Cc3ccc(-c4ccc(C#Cc5ccc(/C=C/c6ccc(N(CCCCCCCC)CCCCCCCC)cc6)cc5)cc4)cc3)cc2)cc1,Cc1ccccc1,406.0,70.6,5.13,463.0,68.5,0.5,-0.3979400086720376
COc1cc2cc(C#Cc3ccc(/C=C(\C#N)C(=O)O)cc3)c(=O)oc2cc1OC,CC#N,398.0,69.4,4.239949808,464.0,78.1,0.05,0.06445798922691845
O=C(O)c1ccc(-c2nc(-c3ccccc3)c3c4ccccc4ccn23)cc1,CC#N,353.0,90.7,4.17,473.0,42.2,0.38,0.3979400086720376
O=c1c2ccccc2c2c3c(cccc13)c(-c1ccccc1)c1c3cccc4cccc(c43)c12,CO,461.0,79.2,3.77815125,562.0,91.8,0.97,0.9731278535996987
O=c1c2ccccc2c2c3c(cccc13)c(-c1ccccc1)c1c3cccc4cccc(c43)c12,CC#N,462.0,71.2,3.949390007,519.0,68.6,0.91,0.8195439355418687
COC(=O)c1cc(=O)n(C)c2cc(-c3cc4c5c(c3)CCCN5CCC4)sc12,ClCCl,454.0,87.6,4.494154594,605.0,99.6,0.25,0.3521825181113625
F[B-]1(F)OC(c2ccc3c(c2)Cc2ccccc2-3)=CC(c2ccccc2)=[O+]1,CC#N,412.0,50.8,4.805500858,491.0,74.4,0.96,0.414973347970818
COc1ccc(C2=[O+][B-](F)(F)OC(c3ccc4c(c3)Cc3ccccc3-4)=C2)cc1,CC#N,424.0,54.4,4.855519156,466.0,56.0,0.94,0.20411998265592482
COC(=O)c1nc(Cl)c(-c2ccccc2)o1,C1CCCCC1,307.0,48.4,4.383815366,344.0,49.3,0.368,-0.17392519729917352
c1ccc(-c2cc3cc4cccc5c(-c6ccccc6)cc6cc7cccc2c7c3c6c45)cc1,ClCCl,439.0,17.6,4.68,442.0,13.6,0.33,0.6242820958356683
CC1(C)CC(/C=C/c2ccc(N3CCOCCOCCOCCOCC3)cc2)=CC(=C(C#N)C#N)C1,CCO,504.0,109.6,5.526339277,641.0,71.1,0.111,-0.10237290870955855
CC1=[N+]2C(=C(c3ccc(Br)cc3)c3ccc(C)n3[B-]2(F)F)C=C1c1cc2n(c1)[B-](F)(F)[N+]1=CC=CC1=C2c1c(C)cc(C)cc1C,CCOC(C)=O,601.5,90.3,4.853698212,670.0,123.2,0.21,-0.027982401325984573
CC1=[N+]2C(=C(c3ccccc3C)c3ccc(C)n3[B-]2(F)F)C=C1c1cc2n(c1)[B-](F)(F)[N+]1=CC=CC1=C2c1c(C)cc(C)cc1C,C1CCCCC1,595.0,90.8,4.797267541,640.0,66.9,0.84,0.45331834004703764
CC1=[N+]2C(=C(c3ccccc3C)c3ccc(C)n3[B-]2(F)F)C=C1c1cc2n(c1)[B-](F)(F)[N+]1=CC=CC1=C2c1c(C)cc(C)cc1C,CCOC(C)=O,599.0,93.0,4.751279104,679.0,132.3,0.16,-0.09151498112135022
CC1=[N+]2C(=C(c3ccc(C=O)cc3)c3ccc(C)n3[B-]2(F)F)C=C1c1cc2n(c1)[B-](F)(F)[N+]1=CC=CC1=C2c1c(C)cc(C)cc1C,C1CCCCC1,604.5,92.8,4.894316063,657.0,72.9,0.92,0.43136376415898736
CC1=[N+]2C(=C(c3ccc(C=O)cc3)c3ccc(C)n3[B-]2(F)F)C=C1c1cc2n(c1)[B-](F)(F)[N+]1=CC=CC1=C2c1c(C)cc(C)cc1C,CCOC(C)=O,604.5,97.5,4.875639937,669.0,114.4,0.2,-0.045757490560675115
CC1=[N+]2C(=C(c3ccc(Br)cc3)c3ccc(C)n3[B-]2(F)F)C=C1c1cc2n(c1)[B-](F)(F)[N+]1=CC=CC1=C2c1c(C)cc(C)cc1C,C1CCCCC1,598.5,88.6,4.872738827,642.0,69.7,0.85,0.47856649559384334
CCC1(CC)c2cc(/C=C/c3cccs3)ccc2-c2c1c1c(c3c2C(CC)(CC)c2cc(/C=C/c4cccs4)ccc2-3)C(CC)(CC)c2cc(/C=C/c3cccs3)ccc2-1,C1CCOC1,386.0,64.9,4.919078092,400.0,51.9,0.56,0.20411998265592482
CN(C)c1ccc(C2=Cc3c4ccccc4c4ccccc4[n+]3[B-](F)(F)O2)cc1,ClC(Cl)Cl,483.0,61.5,4.744292983,521.0,56.6,0.811,0.41413736218447667
COc1cc(C=C(C#Cc2ccccc2)C#Cc2ccccc2)c(OC)cc1C=C(C#Cc1ccccc1)C#Cc1ccccc1,ClC(Cl)Cl,455.0,90.4,4.505149978,522.0,61.1,0.34,0.146128035678238
C(#Cc1ccccc1)C(C#Cc1ccccc1)=Cc1ccc(C=C(C#Cc2ccccc2)C#Cc2ccccc2)cc1,ClC(Cl)Cl,416.0,90.4,4.740362689,475.0,60.6,0.35,0.07918124604762482
CC1(C)CC(/C=C/c2ccc(-n3cccn3)cc2)=CC(=C(C#N)C#N)C1,CCO,404.0,78.9,5.46686762,532.0,95.4,0.0001,-1.3010299956639813
NC(=O)Cc1cccc2ccccc12,O,280.0,32.8,3.815577748,324.0,30.9,0.066,1.5440680443502757
Cc1cccc(-c2c3ccccc3cc3ccccc23)n1,ClCCl,385.0,48.8,3.982271233,418.0,63.1,0.48,0.7558748556724915
COc1ccccc1C1=[N+]2C(=C(c3ccccc3)c3c4c(c(-c5ccccc5OC)n3[B-]2(F)F)C2CCC4CC2)C2=C1C1CCC2CC1,ClCCl,550.0,41.7,4.81,583.0,39.9,0.77,0.6532125137753437
c1ccc(-c2nn(-c3ccccc3)c3nc4ccc(-n5c6ccccc6c6ccccc65)cc4cc23)cc1,C1CCCCC1,419.1114837,60.9,3.86923172,461.6805171,53.3,0.88,1.24551266781415
c1ccc(-c2nn(-c3ccccc3)c3nc4ccc(-n5c6ccccc6c6ccccc65)cc4cc23)cc1,CC#N,411.0152076,63.3,3.908485019,482.6254826,86.5,0.72,1.3384564936046048
C[P+]1(c2ccccc2)C2=C(c3ccccc31)S(=O)(=O)c1ccccc12,ClCCl,395.0,69.6,4.33,483.0,128.5,0.99,1.10595276923698
Cn1ccc(-c2nc3ccccc3nc2/C=C/N2CCCC2)c1,CC#N,445.0,75.3,4.311753861,579.0754258,105.8,0.33,0.7752462597402364
COc1ccc(-c2cc3c(s2)c(-c2ccccc2)cc(=O)n3C)cc1,ClCCl,386.0,56.8,4.447158031,437.0,64.1,0.46,0.6711728427150833
O=C1c2cccc3cc4ccccc4c(c23)C(=O)N1Cc1ccccn1,CCO,436.0,72.7,3.982271233,500.0,70.5,0.91,1.1812717715594616
O=C1c2cccc3cc4ccccc4c(c23)C(=O)N1Cc1ccccn1,CCO,436.0,71.5,3.982271233,500.0,69.7,0.91,1.1812717715594616
Cn1c(=O)cc(C(=O)c2ccccc2)c2sc(-c3ccc(OC(F)(F)F)cc3)cc21,ClCCl,400.0,83.9,3.995635195,518.0,88.8,0.85,0.6785183790401139
CC[B-]1(CC)c2cccc3c4c5c(cccc5c(c23)-c2cccc(C)[n+]21)[B-](CC)(CC)[n+]1c(C)cccc1-4,ClCCl,538.0,96.1,4.123851641,620.0,97.7,0.53,1.0453229787866574
COc1ccccc1C1=[N+]2C(=C(c3ccccc3)c3c4ccccc4c(-c4ccccc4OC)n3[B-]2(F)F)c2ccccc21,ClCCl,617.0,33.5,5.01,652.0,39.2,0.91,0.7634279935629373
F[B-]1(F)n2c(c3ccccc3c2-c2ccccc2)C(c2ccccc2)=C2c3ccccc3C(c3ccccc3)=[N+]21,ClCCl,631.0,39.0,5.01,664.0,37.5,0.93,0.7160033436347992
C(#Cc1ccc2ccc3cccc4ccc1c2c34)c1ccccc1,Cc1ccccc1,362.0,48.7,4.770852012,391.0,32.1,0.61,0.47712125471966244
CCCCCCCCC1(CCCCCCCC)c2cc(-c3ccc([N+](=O)[O-])cc3)ccc2-c2ccc(-c3ccc([N+](=O)[O-])cc3)cc21,CN(C)C=O,380.0,66.6,4.654176542,569.0,138.6,0.31,0.28330122870354957
CCCCCCCCC1(CCCCCCCC)c2cc(-c3ccc([N+](=O)[O-])cc3)ccc2-c2ccc(-c3ccc([N+](=O)[O-])cc3)cc21,CS(C)=O,382.0,72.0,4.624282096,589.0,147.5,0.28,0.2600713879850748
CCCCCCCCCCCCN1C(=O)c2cccc3c(N(Cc4ccccn4)Cc4ccccn4)c4ccccc4c(c23)C1=O,CCO,488.0,104.0,3.982723388,597.0,56.4,0.1,0.7419390777291989
CCCCCCCCCCCCN1C(=O)c2cccc3c(N(Cc4ccccn4)Cc4ccccn4)c4ccccc4c(c23)C1=O,CCO,488.0,103.7,3.982723388,597.0,56.8,0.1,0.7419390777291989
CN(C)c1ccc(C2=Cc3c4ccccc4cc[n+]3[B-](F)(F)O2)cc1,ClC(Cl)Cl,466.0,68.5,4.498310554,512.4,53.2,0.743,0.3695312559413108
COc1ccc(C2=Cc3c4ccccc4cc[n+]3[B-](F)(F)O2)cc1,ClC(Cl)Cl,410.5,61.0,4.588831726,478.2,68.2,0.313,-0.018770512579999232
Cc1ccc(C2=Cc3c4ccccc4cc[n+]3[B-](F)(F)O2)cc1,ClC(Cl)Cl,404.0,59.1,4.546542663,471.0,74.5,0.087,-0.4240043797967324
Cc1cccc(C2=Cc3c4ccccc4cc[n+]3[B-](F)(F)O2)c1,ClC(Cl)Cl,401.5,58.4,4.5132176,464.8,75.9,0.06,-0.5984271543235541
F[B-]1(F)OC(c2ccccc2)=Cc2c3ccccc3cc[n+]21,ClC(Cl)Cl,400.0,58.4,4.496929648,463.2,76.0,0.046,-0.6940041172291953
F[B-]1(F)OC(c2ccc(Br)cc2)=Cc2c3ccccc3cc[n+]21,ClC(Cl)Cl,403.0,60.0,4.579783597,466.4,77.8,0.049,-0.6343248595440822
F[B-]1(F)OC(c2cccc(Br)c2)=Cc2c3ccccc3cc[n+]21,ClC(Cl)Cl,399.5,59.4,4.484299839,465.0,78.4,0.033,-0.7614521123186722
F[B-]1(F)OC(c2ccc(C(F)(F)F)cc2)=Cc2c3ccccc3cc[n+]21,ClC(Cl)Cl,398.5,58.9,4.421603927,464.6,81.1,0.026,-0.8548035938858181
CC1=CC(C)=[N+]2C1=C(c1c(-c3ccccn3)nc3ccccn13)c1c(C)cc(C)n1[B-]2(F)F,ClCCl,518.0,21.1,4.9,536.0,32.7,0.6354,0.8388490907372553
Cc1cc(=O)oc2cc3cc(O)ccc3cc12,CC#N,343.0,33.1,4.311753861,450.0,68.1,0.02,0.8260748027008264
c1ccc(N2c3ccc4ccccc4c3-c3c4ccccc4nc[n+]3[B-]2(c2ccccc2)c2ccccc2)cc1,Cc1ccccc1,539.0,82.4,3.934498451,654.0,135.1,0.03,0.1931245983544616
O=P1(c2ccccc2)C(c2cc(C(F)(F)F)cc(C(F)(F)F)c2)=Cc2c3ccc4cccc5ccc(c6cc(-c7ccc(N(c8ccccc8)c8ccccc8)cc7)n1c26)c3c45,Cc1ccccc1,441.0,90.7,4.58,586.0,107.7,0.49,0.7923916894982539
O=P1(c2ccccc2)C(c2cc(C(F)(F)F)cc(C(F)(F)F)c2)=Cc2c3ccc4cccc5ccc(c6cc(-c7ccc(N(c8ccccc8)c8ccccc8)cc7)n1c26)c3c45,C1COCCO1,436.0,88.0,4.62,595.0,109.2,0.48,0.8195439355418687
O=P1(c2ccccc2)C(c2cc(C(F)(F)F)cc(C(F)(F)F)c2)=Cc2c3ccc4cccc5ccc(c6cc(-c7ccc(N(c8ccccc8)c8ccccc8)cc7)n1c26)c3c45,ClC(Cl)Cl,441.0,87.4,4.61,603.0,97.6,0.49,0.8573324964312685
O=P1(c2ccccc2)C(c2cc(C(F)(F)F)cc(C(F)(F)F)c2)=Cc2c3ccc4cccc5ccc(c6cc(-c7ccc(N(c8ccccc8)c8ccccc8)cc7)n1c26)c3c45,ClCCl,437.0,88.5,4.62,622.0,114.0,0.23,0.7634279935629373
O=P1(c2ccccc2)C(c2cc(C(F)(F)F)cc(C(F)(F)F)c2)=Cc2c3ccc4cccc5ccc(c6cc(-c7ccc(N(c8ccccc8)c8ccccc8)cc7)n1c26)c3c45,C1CCOC1,437.0,89.1,4.61,620.0,114.3,0.17,0.6037937041369629
O=P1(c2ccccc2)C(c2cc(C(F)(F)F)cc(C(F)(F)F)c2)=Cc2c3ccc4cccc5ccc(c6cc(-c7ccc(N(c8ccccc8)c8ccccc8)cc7)n1c26)c3c45,CC(C)=O,435.0,86.6,4.62,635.0,121.5,0.11,0.3372595397502757
O=P1(c2ccccc2)C(c2cc(C(F)(F)F)cc(C(F)(F)F)c2)=Cc2c3ccc4cccc5ccc(c6cc(-c7ccc(N(c8ccccc8)c8ccccc8)cc7)n1c26)c3c45,CC#N,434.0,86.3,4.62,645.0,128.7,0.004,0.08849047018239622
O=P1(c2ccccc2)C(c2cc(C(F)(F)F)cc(C(F)(F)F)c2)=Cc2c3ccc4cccc5ccc(c6cc(-c7ccc(N(c8ccccc8)c8ccccc8)cc7)n1c26)c3c45,CO,444.0,85.5,4.63,636.0,128.4,0.004,-0.12493873660829993
O=P1(c2ccccc2)C(c2cc(C(F)(F)F)cc(C(F)(F)F)c2)=Cc2c3ccc4cccc5ccc(c6cc(-c7ccc(N(c8ccccc8)c8ccccc8)cc7)n1c26)c3c45,C1CCCCC1,434.0,88.5,4.61,558.0,86.4,0.44,0.6334684555795865
O=P1(c2ccccc2)C(c2ccc(N(c3ccccc3)c3ccccc3)cc2)=Cc2cc3ccccc3cc21,ClCCl,414.0,76.5,4.49,533.0,102.6,0.85,0.6720978579357175
CCN(CC)c1ccc2c(-c3ccccc3C(=O)O)c3c([o+]c2c1)/C(=C/c1ccc(N2CCCC2)s1)CCC3,ClCCl,738.0,40.9,5.193983985,770.0,63.7,0.04,-0.7958800173440752
F[B-]1(F)n2c(c3c(c2-c2ccccc2)C2C=CC3CC2)C(c2ccccc2)=C2C3=C(C(c4ccccc4)=[N+]21)C1C=CC3CC1,ClCCl,558.0,40.1,4.85,588.0,36.4,0.87,0.785329835010767
COc1ccccc1C1=[N+]2C(=C(c3ccccc3)c3c4c(c(-c5ccccc5OC)n3[B-]2(F)F)C2C=CC4CC2)C2=C1C1C=CC2CC1,ClCCl,556.0,42.1,4.79,587.0,39.9,0.87,0.7075701760979364
CCN(CC)c1ccc2cc3c([o+]c2c1)/C(=C/Nc1ccccc1)CCC3,ClCCl,615.0,59.7,4.84509804,647.0,61.1,0.31,0.6963563887333322
CCN(CC)c1ccc2cc3c([o+]c2c1)/C(=C/Nc1ccccc1)CCC3,ClC(Cl)Cl,616.0,71.3,4.806179974,642.0,65.7,0.22,0.42324587393680785
CCN(CC)c1ccc2cc3c([o+]c2c1)/C(=C/Nc1ccccc1)CCC3,CCO,605.0,62.5,4.62324929,647.0,60.6,0.18,0.6074550232146685
CCN(CC)c1ccc2cc3c([o+]c2c1)/C(=C/Nc1ccccc1)CCC3,ClCCl,615.0,59.1,4.84509804,647.0,59.6,0.31,0.6963563887333322
CCN(CC)c1ccc2cc3c([o+]c2c1)/C(=C/Nc1ccccc1)CCC3,ClC(Cl)Cl,616.0,72.1,4.806179974,642.0,65.6,0.22,0.42324587393680785
CCN(CC)c1ccc2cc3c([o+]c2c1)/C(=C/Nc1ccccc1)CCC3,CCO,605.0,64.0,4.62324929,647.0,59.7,0.18,0.6074550232146685
Cn1nc(-c2ccccc2)c2nc3cc(F)ccc3nc21,C1CCCCC1,426.0,59.9,3.785329835,486.0,70.0,0.61,1.3615389712692791
Cn1nc(-c2ccccc2)c2nc3cc(F)ccc3nc21,C1CCOC1,425.0,64.6,3.86923172,520.0,93.1,0.38,1.360971883725936
Cn1nc(-c2ccccc2)c2nc3cc(F)ccc3nc21,CC#N,424.0,65.3,3.806179974,535.0,107.5,0.11,1.0034605321095065
Cc1ccc2nc3c(nc2c1)c(-c1ccccc1)nn3C,C1CCCCC1,424.0,54.9,3.860338007,472.0,64.4,0.29,0.9694159123539814
Cc1ccc2nc3c(nc2c1)c(-c1ccccc1)nn3C,C1CCOC1,425.0,59.6,3.878521796,500.0,80.7,0.47,1.3729120029701067
Cc1ccc2nc3c(nc2c1)c(-c1ccccc1)nn3C,CC#N,423.0,53.4,3.833784375,516.0,94.2,0.31,1.2964457942063963
COc1ccc2nc3c(nc2c1)c(-c1ccccc1)nn3C,C1CCCCC1,431.0,54.9,3.86569606,478.0,55.7,0.22,0.7299742856995556
COc1ccc2nc3c(nc2c1)c(-c1ccccc1)nn3C,C1CCOC1,435.0,57.4,3.959041392,495.0,66.3,0.34,1.0948203803547998
COc1ccc2nc3c(nc2c1)c(-c1ccccc1)nn3C,CC#N,434.0,55.9,3.793790385,507.0,80.9,0.35,1.2234959409623944
Cn1nc(-c2ccccc2)c2nc3cc(Cl)ccc3nc21,C1CCCCC1,428.0,59.3,3.810232518,487.0,71.1,0.58,1.3783979009481377
Cn1nc(-c2ccccc2)c2nc3cc(Cl)ccc3nc21,C1CCOC1,429.0,62.9,3.794488047,519.0,78.3,0.27,1.303412070596742
Cn1nc(-c2ccccc2)c2nc3cc(Cl)ccc3nc21,CC#N,427.0,62.9,3.781755375,540.0,110.0,0.08,0.8887409606828927
c1ccc2c(c1)Nc1ccccc1B2c1c2ccccc2cc2ccccc12,ClCCl,394.0,32.8,5.079181246,424.0,67.7,0.19,1.2253092817258628
C(=C/c1nc(-c2ccccc2)c2ccccn12)\c1nc(-c2ccccc2)c2ccccn12,CC#N,438.0,98.2,4.35,491.0,31.6,0.1,0.0
COc1cc2c(cc1/C=C/C(=C(C#N)C#N)c1ccccc1)c1ccccc1n2C,CCO,466.0,58.2,4.446878752,575.0,79.3,0.012,0.7419390777291989
COc1cc2c(cc1/C=C/C(=C(C#N)C#N)c1ccccc1)c1ccccc1n2C,CN(C)C=O,470.0,53.4,4.420961881,573.0,80.9,0.022,0.8573324964312685
CCOc1cc2c(cc1/C=C/C(=C(C#N)C#N)c1ccccc1)c1ccccc1n2CC,CCOC(C)=O,458.0,75.1,4.585922979,537.0,77.2,0.011,0.7151673578484579
CCOc1cc2c(cc1/C=C/C(=C(C#N)C#N)c1ccccc1)c1ccccc1n2CC,ClCCl,468.0,78.0,4.610266139,558.0,79.4,0.051,0.7101173651118162
CCOc1cc2c(cc1/C=C/C(=C(C#N)C#N)c1ccccc1)c1ccccc1n2CC,ClC(Cl)Cl,470.0,80.1,4.423802725,550.0,78.1,0.048,0.890979596989689
CCOc1cc2c(cc1/C=C/C(=C(C#N)C#N)c1ccccc1)c1ccccc1n2CC,CC#N,462.0,77.5,4.53545869,569.0,79.2,0.045,0.7573960287930241
CCOc1cc2c(cc1/C=C/C(=C(C#N)C#N)c1ccccc1)c1ccccc1n2CC,CCO,468.0,83.5,4.579314763,575.0,81.2,0.057,0.7193312869837267
CCOc1cc2c(cc1/C=C/C(=C(C#N)C#N)c1ccccc1)c1ccccc1n2CC,CN(C)C=O,471.0,85.9,4.56368276,573.0,79.4,0.088,0.7331972651065695
CCOc1cc2c(cc1/C=C/C(=C(C#N)C#N)c1ccccc1)c1ccccc1n2CC,CS(C)=O,476.0,87.2,4.451095312,575.0,80.3,0.139,0.850033257689769
COc1cc2c(cc1/C=C/C(=C(C#N)C#N)c1ccccc1)c1ccccc1n2C,Cc1ccccc1,461.0,47.5,4.381692552,566.0,107.7,0.007,0.9020028913507294
COc1cc2c(cc1/C=C/C(=C(C#N)C#N)c1ccccc1)c1ccccc1n2C,C1CCOC1,463.0,49.0,4.407067826,568.0,83.5,0.008,0.8662873390841949
COc1cc2c(cc1/C=C/C(=C(C#N)C#N)c1ccccc1)c1ccccc1n2C,CCOC(C)=O,458.0,50.8,4.421044248,549.0,77.0,0.009,0.8286598965353198
COc1cc2c(cc1/C=C/C(=C(C#N)C#N)c1ccccc1)c1ccccc1n2C,ClCCl,466.0,51.8,4.473618333,560.0,83.2,0.022,0.8088858673598122
COc1cc2c(cc1/C=C/C(=C(C#N)C#N)c1ccccc1)c1ccccc1n2C,ClC(Cl)Cl,470.0,48.7,4.433369747,554.0,80.0,0.018,0.909020854211156
COc1cc2c(cc1/C=C/C(=C(C#N)C#N)c1ccccc1)c1ccccc1n2C,CC#N,460.0,52.4,4.380283618,589.0,81.1,0.014,0.8830933585756899
c1cc2c3c(c1)ccc1[n+]3[B-]3(Oc4cccc5ccc6[n+](c45)[B-](O2)(O3)n2c-6cc3c4ccccc4c4ccccc4c32)n2c-1cc1c3ccccc3c3ccccc3c12,ClCCl,472.0,84.3,4.65,568.0,86.4,0.89,0.5622928644564746
CC1=[N+]2C(=Cc3ccc(C)n3[B-]2(F)F)C=C1c1cc2n(c1)[B-](F)(F)[N+]1=CC=CC1=C2c1c(C)cc(C)cc1C,C1CCCCC1,592.5,95.7,4.793790385,636.0,62.0,0.98,0.437750562820388
CC1=[N+]2C(=Cc3ccc(C)n3[B-]2(F)F)C=C1c1cc2n(c1)[B-](F)(F)[N+]1=CC=CC1=C2c1c(C)cc(C)cc1C,CCOC(C)=O,589.0,96.6,4.790988475,683.0,133.3,0.11,-0.23657200643706278
CCOC(=O)c1c(/N=C/c2ccc(-c3cccs3)s2)sc(/N=C/c2ccc(-c3cccs3)s2)c1C(=O)OCC,CC#N,492.0,120.6,4.501059262,592.0,64.0,0.0042,0.7634279935629373
CCCCCCN(CCCCCC)c1ccc(C#Cc2ccc(/C=C/c3ccc(-c4ccc(/C=C/c5ccc(C#Cc6ccc(N(CCCCCC)CCCCCC)cc6)cc5)cc4)cc3)cc2)cc1,Cc1ccccc1,400.0,71.6,5.22,452.0,60.1,0.8,-0.3010299956639812
CCN(CC)c1ccc2c(-c3ccccc3C(=O)O)c3c([o+]c2c1)/C(=C/C=C/c1ccc(N(C)C)cc1)CCC3,ClCCl,749.0,151.1,4.833714322,857.0,75.3,0.2,0.012837224705172217
N#C[Se]CCCCCOc1ccc2ccc(=O)oc2c1,C1COCCO1,319.0,57.7,3.96890303,386.0,87.6,0.004,-0.7695510786217261
N#C[Se]CCCCCOc1ccc2ccc(=O)oc2c1,CC#N,321.0,53.7,3.994449137,387.0,66.3,0.015,-0.25181197299379954
N#C[Se]CCCCCOc1ccc2ccc(=O)oc2c1,CO,322.0,52.4,3.998608029,391.0,61.7,0.053,-0.3565473235138126
N#C[Se]CCCCCOc1ccc2ccc(=O)oc2c1,O,324.0,47.6,3.977586438,397.0,60.9,0.497,0.24303804868629442
CC(C)c1ccc(/C=C/c2nc3ccc(N(C)C)cc3s2)cc1,C1CCCCC1,388.0,68.6,4.482873584,454.0,79.8,0.51,0.3096301674258988
CC(C)c1ccc(/C=C/c2nc3ccc(N(C)C)cc3s2)cc1,CC#N,392.0,79.8,4.474216264,517.0,80.8,0.54,0.5145477526602861
c1cc2ccc3cc4[nH]ccc4c4ccc(c1)c2c34,CCOC(C)=O,384.0,34.9,4.571708832,398.0,45.5,0.95,0.4471580313422192
c1ccc(-c2nc(-c3ccc(-c4nc(-c5ccccc5)c(-c5ccccc5)[nH]4)cc3)[nH]c2-c2ccccc2)cc1,CC#N,358.0,77.8,4.172018809,424.0,63.2,0.75,0.04532297878665747
COc1ccc(-c2nc(-c3ccc(-c4nc(-c5ccc(OC)cc5)c(-c5ccc(OC)cc5)[nH]4)cc3)[nH]c2-c2ccc(OC)cc2)cc1,CC#N,365.0,96.8,4.642563437,440.0,65.7,0.9,0.09342168516223506
Cn1c(-c2ccc(-c3nc(-c4ccccc4)c(-c4ccccc4)n3C)cc2)nc(-c2ccccc2)c1-c1ccccc1,CC#N,334.0,98.6,4.189490314,417.0,62.2,0.66,0.04139268515822507
COC(=O)c1cc(=O)n(C)c2cc(-c3ccc4c(c3)OCCO4)sc12,ClCCl,402.0,64.2,4.456366033,473.0,68.9,0.83,0.33243845991560533
O=Cc1ccc(-c2cccs2)s1,CC#N,350.0,55.1,4.339451441,425.0,64.5,0.023,-0.045757490560675115
CC1=[N+]2C(=C(Oc3ccccc3)c3ccc(C)n3[B-]2(F)F)C=C1c1cc2n(c1)[B-](F)(F)[N+]1=CC=CC1=C2c1c(C)cc(C)cc1C,C1CCCCC1,582.0,95.5,4.783903579,630.0,80.4,0.89,0.4409090820652177
CC1=[N+]2C(=C(Oc3ccccc3)c3ccc(C)n3[B-]2(F)F)C=C1c1cc2n(c1)[B-](F)(F)[N+]1=CC=CC1=C2c1c(C)cc(C)cc1C,CCOC(C)=O,577.0,94.9,4.769377326,665.0,127.3,0.16,-0.03621217265444471
F[B-]1(F)OC(c2ccccc2)=Cc2cc3[n+](c[n+]21)[B-](F)(F)OC(c1ccccc1)=C3,ClCCl,475.0,51.7,5.030599722,490.0,37.0,0.55,0.146128035678238
CC1=C(C(C)(C)C)C(C)=[N+]2C1=C(C)c1c(C)c(C(C)(C)C)c(C)n1[B-]2(F)F,CC(C)CC(C)(C)C,527.5,31.0,4.90579588,569.0,74.3,0.4,0.6464037262230695
CCC1=C(C)C2=C(C)c3c(C)c(CC)c(C)n3[B-](F)(F)[N+]2=C1C,CO,516.2,26.6,4.897627091,531.6,36.0,0.91,0.785329835010767
CC1=C(C(C)(C)C)C(C)=[N+]2C1=C(C)c1c(C)c(C(C)(C)C)c(C)n1[B-]2(F)F,OCC(F)(F)F,521.6,34.7,4.845718018,561.2,70.6,0.49,0.6665179805548809
C(=C/c1nc2ccccc2o1)\c1ccccc1,CO,320.0,58.6,1.338456494,380.0,69.0,0.006,-0.5086383061657274
c1ccc(N(c2ccccc2)c2ccc(-c3ccc(-c4ccc(-c5cccs5)c5nsnc45)s3)cc2)cc1,ClC(Cl)Cl,495.0,127.2,3.954580163,670.0,127.2,0.33,0.8208579894396999
COc1ccc(N(c2ccc(OC)cc2)c2ccc(-c3ccc(-c4ccc(-c5cccs5)c5nsnc45)s3)cc2)cc1,ClC(Cl)Cl,510.0,111.4,4.178458936,705.0,143.9,0.28,0.8162412999917831
CN(C)c1ccc(C2=Nc3scc(-c4ccccc4)[n+]3[B-](F)(F)O2)cc1,C1CCOC1,406.0,51.5,4.758154622,456.0,49.7,0.75,0.31386722036915343
CN(C)c1ccc(C2=Nc3scc(-c4ccc(N(C)C)cc4)[n+]3[B-](F)(F)O2)cc1,C1CCOC1,406.0,61.7,4.679427897,616.0,178.2,0.01,-0.6777807052660807
CN(C)c1ccc(C2=Nc3scc(-c4ccc(C#N)cc4)[n+]3[B-](F)(F)O2)cc1,C1CCOC1,411.0,50.2,4.730782276,462.0,51.5,0.23,0.22788670461367355
CN(C)c1ccc(C2=Nc3scc(-c4ccc([N+](=O)[O-])cc4)[n+]3[B-](F)(F)O2)cc1,C1CCOC1,412.0,50.9,4.778874472,454.0,66.5,0.001,0.21484384804769785
O=P1(c2ccccc2)C(c2cc(C(F)(F)F)cc(C(F)(F)F)c2)=Cc2c3ccc4cccc5ccc(c6cc(-c7ccccc7)n1c26)c3c45,C1CCCCC1,451.0,74.0,4.5,501.0,64.9,0.54,0.2787536009528289
O=P1(c2ccccc2)C(c2cc(C(F)(F)F)cc(C(F)(F)F)c2)=Cc2c3ccc4cccc5ccc(c6cc(-c7ccccc7)n1c26)c3c45,Cc1ccccc1,453.0,75.3,4.49,514.0,68.1,0.66,0.3979400086720376
O=P1(c2ccccc2)C(c2cc(C(F)(F)F)cc(C(F)(F)F)c2)=Cc2c3ccc4cccc5ccc(c6cc(-c7ccccc7)n1c26)c3c45,C1COCCO1,448.0,73.7,4.51,514.0,70.5,0.62,0.414973347970818
O=P1(c2ccccc2)C(c2cc(C(F)(F)F)cc(C(F)(F)F)c2)=Cc2c3ccc4cccc5ccc(c6cc(-c7ccccc7)n1c26)c3c45,ClC(Cl)Cl,452.0,72.4,4.5,514.0,69.5,0.6,0.38021124171160603
O=P1(c2ccccc2)C(c2cc(C(F)(F)F)cc(C(F)(F)F)c2)=Cc2c3ccc4cccc5ccc(c6cc(-c7ccccc7)n1c26)c3c45,ClCCl,450.0,74.0,4.51,521.0,71.4,0.61,0.4623979978989561
O=P1(c2ccccc2)C(c2cc(C(F)(F)F)cc(C(F)(F)F)c2)=Cc2c3ccc4cccc5ccc(c6cc(-c7ccccc7)n1c26)c3c45,C1CCOC1,451.0,74.2,4.5,521.0,81.3,0.61,0.4913616938342727
O=P1(c2ccccc2)C(c2cc(C(F)(F)F)cc(C(F)(F)F)c2)=Cc2c3ccc4cccc5ccc(c6cc(-c7ccccc7)n1c26)c3c45,CC(C)=O,446.0,72.1,4.5,526.0,77.9,0.64,0.5563025007672873
O=P1(c2ccccc2)C(c2cc(C(F)(F)F)cc(C(F)(F)F)c2)=Cc2c3ccc4cccc5ccc(c6cc(-c7ccccc7)n1c26)c3c45,CC#N,445.0,72.4,4.51,531.0,78.4,0.63,0.568201724066995
O=P1(c2ccccc2)C(c2cc(C(F)(F)F)cc(C(F)(F)F)c2)=Cc2c3ccc4cccc5ccc(c6cc(-c7ccccc7)n1c26)c3c45,CO,444.0,72.4,4.5,524.0,85.2,0.65,0.5797835966168101
CCOC(=O)c1c(/N=C/c2cccs2)sc(/N=C/c2cccs2)c1C(=O)OCC,CC#N,440.0,101.2,4.436162647,534.0,172.3,0.0028,1.1205739312058498
O=c1oc2ccccc2cc1-c1nc2ccccc2o1,CO,352.0,76.7,4.33,440.0,77.4,0.67,0.5403294747908738
C(=C/c1nc2ccccc2[nH]1)\c1ccc(/C=C/c2nc3ccccc3[nH]2)cc1,CN(C)C=O,390.0,64.8,4.712649702,433.0,83.6,0.775,-0.0013048416883442813
CCCCN(CCCC)c1ccc2nc3c4ccccc4c(=O)c(-c4c5ccccc5cc5ccccc45)c-3oc2c1,ClCCl,555.0,83.5,4.685741739,619.0,61.0,0.2,0.25527250510330607
CCN(CC)c1ccc2cc(/C=C3\CCCc4c3[o+]c3cc(N(CC)CC)ccc3c4-c3ccccc3C(=O)O)c(=O)oc2c1,ClCCl,678.0,146.4,4.591064607,797.0,104.9,0.07,-0.44369749923271273
CC(=O)O[B-]1(OC(C)=O)OC(/C=C/c2ccccc2)=CC(/C=C/c2ccccc2)=[O+]1,ClCCl,424.0,70.8,4.51,473.0,54.9,0.67,0.5599066250361124
CC(=O)O[B-]1(OC(C)=O)OC(/C=C/c2ccc(C)cc2)=CC(/C=C/c2ccc(C)cc2)=[O+]1,ClCCl,440.0,68.9,4.64,492.0,56.5,0.56,0.10037054511756291
COc1ccc(/C=C/C2=CC(/C=C/c3ccc(OC)cc3)=[O+][B-](OC(C)=O)(OC(C)=O)O2)cc1,Cc1ccccc1,456.0,74.1,4.72,510.0,57.5,0.98,0.3891660843645325
COc1ccc(/C=C/C2=CC(/C=C/c3ccc(OC)cc3)=[O+][B-](OC(C)=O)(OC(C)=O)O2)cc1,C1CCOC1,456.0,78.6,4.69,518.0,63.9,0.95,0.37657695705651195
COc1ccc(/C=C/C2=CC(/C=C/c3ccc(OC)cc3)=[O+][B-](OC(C)=O)(OC(C)=O)O2)cc1,ClC(Cl)Cl,464.0,79.8,4.64,529.0,60.6,0.91,0.4014005407815441
COc1ccc(/C=C/C2=CC(/C=C/c3ccc(OC)cc3)=[O+][B-](OC(C)=O)(OC(C)=O)O2)cc1,ClCCl,464.0,77.4,4.66,535.0,62.8,0.92,0.41995574848975786
COc1ccc(/C=C/C2=CC(/C=C/c3ccc(OC)cc3)=[O+][B-](OC(C)=O)(OC(C)=O)O2)cc1,CC(C)=O,458.0,78.3,4.7,531.0,69.7,0.88,0.359835482339888
COc1ccc(/C=C/C2=CC(/C=C/c3ccc(OC)cc3)=[O+][B-](OC(C)=O)(OC(C)=O)O2)cc1,CC#N,462.0,79.4,4.69,541.0,70.7,0.85,0.320146286111054
COc1ccc(/C=C/C2=CC(/C=C/c3ccc(OC)cc3)=[O+][B-](OC(C)=O)(OC(C)=O)O2)cc1,CS(C)=O,468.0,86.0,4.74,548.0,72.1,0.83,0.35410843914740087
CC(C)(C)c1cc(-n2c(-c3ccc(C(=C(c4ccccc4)c4ccccc4)c4ccccc4)cc3)cc3c2cc(-c2ccc(C(=C(c4ccccc4)c4ccccc4)c4ccccc4)cc2)n3-c2cc(C(C)(C)C)cc(C(C)(C)C)c2)cc(C(C)(C)C)c1,ClCCl,398.0,73.9,4.73239376,586.0,146.4,0.0085,-1.2006594505464183
CCCCCCN(CCCCCC)c1ccc(C#Cc2ccc(-c3ccc(C#Cc4ccc(N(CCCCCC)CCCCCC)cc4)cc3)cc2)cc1,Cc1ccccc1,374.0,59.8,4.92,424.0,52.5,0.87,0.0
c1ccc(N(c2ccccc2)c2ccc(-c3ccc4c(c3)C3(c5cc(-c6ccc(N(c7ccccc7)c7ccccc7)cc6)ccc5-4)c4ccccc4N(c4ccccc4)c4ccccc43)cc2)cc1,ClCCl,372.0,54.8,4.870228279,451.0,71.0,0.82,0.07918124604762482
O=C(O)C1=C/C(=C/C=[NH+]/c2ccc3c(C(F)(F)F)cc(=O)oc3c2)CC(C(=O)O)N1,O,519.0,74.3,4.812913357,570.0,60.8,0.021,-1.0
Cc1cc(=O)oc2cc(/[NH+]=C/C=C3/C=C(C(=O)O)NC(C(=O)O)C3)ccc12,O,520.0,74.3,4.812913357,570.0,75.7,0.006,-1.4202164033831899
O=P1(c2ccccc2)C(c2ccc(N(c3ccccc3)c3ccccc3)cc2)=Cc2ccccc21,ClCCl,415.0,71.0,4.29,544.0,112.8,0.81,0.7781512503836436
COC(=O)c1noc(-c2ccccc2)c1Br,C1CCCCC1,307.0,48.8,4.31344537,344.0,44.1,0.044,-0.3098039199714863
COc1ccc(C2=C(c3ccccc3)C(c3ccccc3)=[N+]3C2=Nc2c(-c4ccc(OC)cc4)c(-c4ccccc4)c(-c4ccccc4)n2[B-]3(F)F)cc1,Cc1ccccc1,656.0,62.3,4.92,695.0,72.9,0.04,-0.585026652029182
COc1cc2c(cc1/C=C/C1=CC(=C(C#N)C#N)CC(C)(C)C1)c1ccccc1n2C,Cc1ccccc1,468.0,58.4,4.30263392,576.0,106.9,0.007,0.919078092376074
COc1cc2c(cc1/C=C/C1=CC(=C(C#N)C#N)CC(C)(C)C1)c1ccccc1n2C,C1CCOC1,475.0,62.3,4.404080743,609.0,90.0,0.013,0.8115750058705934
COc1cc2c(cc1/C=C/C1=CC(=C(C#N)C#N)CC(C)(C)C1)c1ccccc1n2C,CCOC(C)=O,462.0,62.3,4.367765791,590.0,100.3,0.009,0.8048206787211624
COc1cc2c(cc1/C=C/C1=CC(=C(C#N)C#N)CC(C)(C)C1)c1ccccc1n2C,ClCCl,478.0,56.7,4.418351017,615.0,90.7,0.022,0.8260748027008264
COc1cc2c(cc1/C=C/C1=CC(=C(C#N)C#N)CC(C)(C)C1)c1ccccc1n2C,ClC(Cl)Cl,485.0,61.7,4.331467788,601.0,90.7,0.018,0.9745116927373283
COc1cc2c(cc1/C=C/C1=CC(=C(C#N)C#N)CC(C)(C)C1)c1ccccc1n2C,CC#N,477.0,55.2,4.26587866,622.0,86.6,0.031,1.0170333392987803
COc1cc2c(cc1/C=C/C1=CC(=C(C#N)C#N)CC(C)(C)C1)c1ccccc1n2C,CCO,479.0,63.6,4.331953395,627.0,82.4,0.021,0.890979596989689
COc1cc2c(cc1/C=C/C1=CC(=C(C#N)C#N)CC(C)(C)C1)c1ccccc1n2C,CN(C)C=O,484.0,67.8,4.267124775,632.0,81.5,0.038,0.9609461957338314
COc1cc2c(cc1/C=C/C1=CC(=C(C#N)C#N)CC(C)(C)C1)c1ccccc1n2C,CS(C)=O,489.0,65.7,4.332094928,639.0,82.9,0.059,0.9175055095525466
CCOc1cc2c(cc1/C=C/C1=CC(=C(C#N)C#N)CC(C)(C)C1)c1ccccc1n2CC,Cc1ccccc1,474.0,97.0,4.6785639,578.0,102.6,0.008,0.5843312243675307
CCOc1cc2c(cc1/C=C/C1=CC(=C(C#N)C#N)CC(C)(C)C1)c1ccccc1n2CC,C1CCOC1,476.0,103.9,4.581824549,610.0,87.9,0.021,0.6503075231319364
CCOc1cc2c(cc1/C=C/C1=CC(=C(C#N)C#N)CC(C)(C)C1)c1ccccc1n2CC,CCOC(C)=O,469.0,90.7,4.414889822,591.0,101.5,0.026,0.850033257689769
CCOc1cc2c(cc1/C=C/C1=CC(=C(C#N)C#N)CC(C)(C)C1)c1ccccc1n2CC,ClCCl,479.0,96.1,4.466956545,617.0,93.4,0.028,0.795184589682424
CCOc1cc2c(cc1/C=C/C1=CC(=C(C#N)C#N)CC(C)(C)C1)c1ccccc1n2CC,ClC(Cl)Cl,480.0,99.0,4.634698895,608.0,85.3,0.017,0.6404814369704218
CCOc1cc2c(cc1/C=C/C1=CC(=C(C#N)C#N)CC(C)(C)C1)c1ccccc1n2CC,CC#N,474.0,103.9,4.639705573,629.0,82.2,0.018,0.5809249756756193
CCOc1cc2c(cc1/C=C/C1=CC(=C(C#N)C#N)CC(C)(C)C1)c1ccccc1n2CC,CCO,480.0,107.0,4.599926718,632.0,82.4,0.025,0.631443769013172
CCOc1cc2c(cc1/C=C/C1=CC(=C(C#N)C#N)CC(C)(C)C1)c1ccccc1n2CC,CN(C)C=O,487.0,108.4,4.640014095,635.0,78.9,0.035,0.6031443726201823
CCOc1cc2c(cc1/C=C/C1=CC(=C(C#N)C#N)CC(C)(C)C1)c1ccccc1n2CC,CS(C)=O,491.0,106.1,4.550937326,641.0,82.4,0.05,0.693726948923647
c1ccc2c(-c3cc(-c4c5ccccc5cc5ccccc45)cc(-c4c5ccccc5cc5ccccc45)c3)c3ccccc3cc2c1,C1CCOC1,389.0,47.3,4.579783597,400.0,43.3,0.85,0.8325089127062363
N#Cc1ccc(C#Cc2ccc(C#Cc3ccccc3C#N)cc2C#N)cc1,ClC(Cl)Cl,340.0,70.9,4.74,370.0,37.4,0.783,0.26245108973042947
CCCCn1c2ccc(-c3cccs3)cc2c2c1c1c3ccc(-c4cccs4)cc3n(CCCC)c1c1c3ccc(-c4cccs4)cc3n(CCCC)c21,C1CCOC1,337.0,76.6,5.079181246,424.0,70.8,0.37,0.6232492903979004
CCCCC1=Cc2c3ccc4cccc5ccc(c6cc(-c7ccccc7)n(c26)P1(=O)c1ccccc1)c3c45,C1COCCO1,430.0,58.0,4.59,460.0,59.6,0.55,0.25527250510330607
CCCCC1=Cc2c3ccc4cccc5ccc(c6cc(-c7ccccc7)n(c26)P1(=O)c1ccccc1)c3c45,ClC(Cl)Cl,431.0,55.8,4.58,458.0,59.4,0.56,0.20411998265592482
CCCCC1=Cc2c3ccc4cccc5ccc(c6cc(-c7ccccc7)n(c26)P1(=O)c1ccccc1)c3c45,ClCCl,430.0,56.6,4.58,459.0,60.6,0.57,0.20411998265592482
CCCCC1=Cc2c3ccc4cccc5ccc(c6cc(-c7ccccc7)n(c26)P1(=O)c1ccccc1)c3c45,C1CCOC1,430.0,56.6,4.58,459.0,61.3,0.51,0.2304489213782739
CCCCC1=Cc2c3ccc4cccc5ccc(c6cc(-c7ccccc7)n(c26)P1(=O)c1ccccc1)c3c45,CC#N,426.0,55.8,4.58,459.0,62.3,0.54,0.25527250510330607
CCCCC1=Cc2c3ccc4cccc5ccc(c6cc(-c7ccccc7)n(c26)P1(=O)c1ccccc1)c3c45,CO,426.0,55.8,4.57,459.0,62.3,0.51,0.2304489213782739
O=c1c2ccccc2[nH]c2ccccc12,CS(C)=O,398.0,36.1,3.995635195,408.0,38.7,0.75,0.9590413923210935
Cn1c2ccccc2c(=O)c2ccccc21,CS(C)=O,403.0,36.4,4.020775488,417.0,43.9,0.65,0.9469432706978254
CCCCCn1c2ccccc2c(=O)c2ccccc21,CS(C)=O,403.0,35.8,4.052693942,414.0,38.7,0.68,0.9084850188786497
CCCCCCCCn1c2ccccc2c(=O)c2ccccc21,CS(C)=O,404.0,35.0,4.067442843,414.0,41.4,0.66,0.9009130677376691
O=c1c2cc(S(=O)(=O)Cl)ccc2[nH]c2ccc(S(=O)(=O)Cl)cc12,CS(C)=O,399.0,41.3,3.859738566,417.0,45.1,0.7,1.0326187608507198
Cn1c2ccc(S(=O)(=O)Cl)cc2c(=O)c2cc(S(=O)(=O)Cl)ccc21,CS(C)=O,406.0,40.5,3.939019776,424.0,46.1,0.7,1.024895960107485
CCCCCn1c2ccc(S(=O)(=O)Cl)cc2c(=O)c2cc(S(=O)(=O)Cl)ccc21,CS(C)=O,406.0,37.9,3.925312091,422.0,44.4,0.76,1.0034605321095065
O=c1c2cc(S(=O)(=O)O)ccc2[nH]c2ccc(S(=O)(=O)O)cc12,CS(C)=O,399.0,41.3,3.77815125,417.0,44.9,0.66,1.0394141191761372
Cn1c2ccc(S(=O)(=O)O)cc2c(=O)c2cc(S(=O)(=O)O)ccc21,CS(C)=O,405.0,39.4,3.874481818,424.0,46.1,0.64,1.0269416279590293
CCCCCn1c2ccc(S(=O)(=O)O)cc2c(=O)c2cc(S(=O)(=O)O)ccc21,CS(C)=O,406.0,37.9,3.86923172,421.0,43.9,0.7,1.0073209529227445
Cc1ccc(-c2cnc3nn4ccccc4c3n2)cc1,C1CCOC1,400.0,60.0,3.994537104,450.0,47.9,0.26,0.7160033436347992
CC(=O)c1ccc(-c2cnc3nn4ccccc4c3n2)cc1,C1CCOC1,400.0,60.5,4.174931594,455.0,48.5,0.5,0.7075701760979364
COc1cc2cc(/C=C/c3ccc(/C=C(\C#N)C(=O)O)cc3)c(=O)oc2cc1OC,CC#N,400.0,73.5,4.283074975,483.0,91.4,0.13,0.31386722036915343
CC(=O)Nc1ccccc1C(=O)OC1CC(C)CCC1C(C)C,CCO,310.0,36.1,3.73239376,370.0,59.1,0.13,0.5563025007672873
COc1ccc2cc(/C=C/C3=[O+][B-](F)(F)OC(/C=C/c4ccc5cc(OC)ccc5c4)=C3c3ccccc3)ccc2c1,ClCCl,526.0,96.0,4.858055718,600.0,88.5,0.51,0.26951294421791633
N#CC(C#N)=Cc1ccc(-c2ccc(N(c3ccccc3)c3ccccc3)cc2)s1,ClC(Cl)Cl,506.0,90.7,4.644694561,634.0,92.6,0.18,0.3979400086720376
Cc1ccc(N(c2ccc(C)cc2)c2ccc(-c3ccc(C=C(C#N)C#N)s3)cc2)cc1,ClC(Cl)Cl,521.0,90.1,4.551949881,670.0,114.5,0.07,0.3364597338485295
CCN(CC)c1ccc2cc(-c3nc4c5cccc6ccc7cccc(c7c65)c4n3-c3ccc(C(C)(C)C)cc3)c(=O)oc2c1,ClCCl,410.0,79.7,5.462397998,519.0,66.3,0.98,1.0569048513364727
Clc1cnc2nn3ccccc3c2n1,C1CCOC1,404.0,62.5,3.606918526,448.0,57.0,0.38,0.7923916894982539
CC1(C)OB(c2cc3ccc4cccc5ccc(c2)c3c45)OC1(C)C,Cc1ccccc1,385.0,20.7,3.278753601,386.0,6.7,0.72,1.9138138523837167
c1ccc(-c2nc(-c3ccc(-c4nc(-c5ccccc5)c(-c5ccccc5)[nH]4)s3)[nH]c2-c2ccccc2)cc1,CC#N,385.0,79.5,4.542451947,458.0,72.2,0.55,0.012837224705172217
CCCC1(CCC)c2cc(C=C(C#Cc3ccccc3)C#Cc3ccccc3)ccc2-c2ccc(C=C(C#Cc3ccccc3)C#Cc3ccccc3)cc21,ClC(Cl)Cl,422.0,79.0,4.72427587,473.0,57.5,0.31,-0.22184874961635637
CCN(CC)c1ccc2c(-c3ccccc3C(=O)O)c3c([o+]c2c1)/C(=C/c1nc(-c2ccccc2)n2ccccc12)CCC3,ClCCl,703.0,70.7,4.954242509,746.0,61.6,0.4,0.4727564493172124
CC1(C)C(/C=C/C2=C(Oc3ccc(CCN=C=S)cc3I)/C(=C/C=C3/N(CCCS(=O)(=O)[O-])c4ccccc4C3(C)C)CCC2)=[N+](CCCS(=O)(=O)[O-])c2ccccc21,CO,766.0,46.8,5.334453751,796.0,39.4,0.15,-0.0236500209967266
CC1(C)C(/C=C/C2=C(Oc3ccc(CCN=C=S)cc3Br)/C(=C/C=C3/N(CCCS(=O)(=O)[O-])c4ccccc4C3(C)C)CCC2)=[N+](CCCS(=O)(=O)[O-])c2ccccc21,CO,768.0,44.7,5.404833717,798.0,39.7,0.14,-0.0400051616715838
CC1(C)C(/C=C/C2=C(Oc3ccc(CCN=C=S)cc3Cl)/C(=C/C=C3/N(CCCS(=O)(=O)[O-])c4ccccc4C3(C)C)CCC2)=[N+](CCCS(=O)(=O)[O-])c2ccccc21,CO,768.0,44.3,5.378397901,797.0,40.8,0.14,-0.05551732784983137
CC1(C)C(/C=C/C2=C(Oc3ccc(CCN=C=S)cc3F)/C(=C/C=C3/N(CCCS(=O)(=O)[O-])c4ccccc4C3(C)C)CCC2)=[N+](CCCS(=O)(=O)[O-])c2ccccc21,CO,768.0,45.9,5.344392274,797.0,41.4,0.14,-0.07417242537525769
CCN(CC)c1ccc2cc(-c3ccc(-c4ccc(-c5cc6ccccc6oc5=O)cc4)cc3)c(=O)oc2c1,ClCCl,409.0,65.6,5.190331698,478.0,75.1,0.59,0.9947569445876281
CCN(CC)c1ccc2cc(-c3ccc(-c4ccc(-c5cc6ccc(N(CC)CC)cc6oc5=O)cc4)cc3)c(=O)oc2c1,ClCCl,417.0,64.9,5.342422681,484.0,52.0,0.75,1.0038911662369105
O=c1oc2ccccc2cc1-c1ccc(-c2ccc(-c3cc4ccccc4oc3=O)cc2)cc1,ClCCl,341.0,76.6,5.06069784,430.0,76.7,0.49,0.9763499790032735
O=C1/C(=C2\Nc3cc4ccc5cccc6ccc(c3C2=O)c4c56)Nc2cc3ccc4cccc5ccc(c21)c3c45,C1CCOC1,687.0,83.2,4.047274867,707.0,43.8,0.0076,-0.37675070960209955
CCN(CC)c1ccc2c(-c3ccccc3C(=O)O)c3c([o+]c2c1)/C(=C/c1ccc(N(C)C)s1)CCC3,ClCCl,733.0,43.2,5.245251025,766.0,55.8,0.04,-0.7695510786217261
CCCCCCCCCC1(CCCCCCCCC)c2cc(C#Cc3ccc(C#Cc4ccc(N(CCCCCC)CCCCCC)cc4)cc3)ccc2-c2ccc(C#Cc3ccc(C#Cc4ccc(N(CCCCCC)CCCCCC)cc4)cc3)cc21,Cc1ccccc1,387.0,70.1,5.11,433.0,47.5,0.82,-0.1549019599857432
c1ccc(N2c3ccc4ccccc4c3-c3c4ccccc4cc[n+]3[B-]2(c2ccccc2)c2ccccc2)cc1,Cc1ccccc1,511.0,75.5,3.799340549,623.0,129.3,0.17,0.8000293592441343
CC(C)(C)c1ccc2c(c1)c1cc(C(C)(C)C)ccc1n2-c1ccc(-c2ccc3c(c2)C(=O)c2ccc(-c4ccc(-n5c6ccc(C(C)(C)C)cc6c6cc(C(C)(C)C)ccc65)cc4)cc2C3=O)cc1,Cc1ccccc1,426.0,82.9,3.999421326,558.0,94.2,0.6,1.100370545117563
CCN(CC)c1ccc(-c2nc3c(nc2-c2ccc(B(c4c(C)cc(C)cc4C)c4c(C)cc(C)cc4C)cc2)c2ccccc2n3C)cc1,C1CCOC1,405.0,69.0,4.434568904,528.0,97.2,0.21,0.367355921026019
C(#Cc1ccccc1)C(C#Cc1ccccc1)=Cc1ccc(-c2ccc(C=C(C#Cc3ccccc3)C#Cc3ccccc3)cc2)cc1,ClC(Cl)Cl,394.0,91.1,4.934498451,461.0,60.9,0.39,-0.1549019599857432
COC(=O)c1cc(=O)n(C)c2cc(-c3ccc4c(c3)OCO4)sc12,ClCCl,404.0,65.6,3.643452676,474.0,70.5,0.62,0.23552844690754893
BrCCCCCCCCCCCCOc1cc2ccc3cccc4ccc(c1)c2c34,Cc1ccccc1,384.0,21.2,3.579783597,384.0,6.0,0.59,1.7781512503836436
O=C(O)CCCc1ccc2ccc3cccc4ccc1c2c34,CO,375.0,25.6,3.230448921,375.0,5.9,0.68,2.6627578316815743
CCCCN(CCCC)c1ccc2nc3c4ccccc4c(=O)c(-c4ccccc4)c-3oc2c1,ClCCl,549.0,87.7,4.6599162,625.0,76.3,0.54,0.5440680443502757
Cc1cc(C)c(C2=C3C=CC=[N+]3[B-]3(F)Oc4cc(O)cc5c6ccc(C)cc6c6cc2n3c6c45)c(C)c1,ClC(Cl)Cl,629.0,75.4,4.880813592,649.0,37.5,0.35,0.6020599913279624
CC1=C(c2ccccc2)C(C)=[N+]2C1=C(c1c(-c3ccccn3)nc3ccccn13)c1c(C)c(-c3ccccc3)c(C)n1[B-]2(F)F,ClCCl,548.0,39.1,4.8,585.0,45.5,0.7852,0.5314789170422551
COc1ccc(C2=C(C)C3=C(c4c(-c5ccccn5)nc5ccccn45)c4c(C)c(-c5ccc(OC)cc5)c(C)n4[B-](F)(F)[N+]3=C2C)cc1,ClCCl,555.0,53.2,4.7,608.0,53.3,0.4164,0.5440680443502757
CC1=C(c2ccc(N(C)C)cc2)C(C)=[N+]2C1=C(c1c(-c3ccccn3)nc3ccccn13)c1c(C)c(-c3ccc(N(C)C)cc3)c(C)n1[B-]2(F)F,ClCCl,574.0,90.3,4.7,722.0,141.2,0.0029,-0.6989700043360187
COc1cc2c(cc1-c1ccccc1)Cc1c3c(c4c(c1-2)-c1cc(OC)c(-c2ccccc2)cc1C4)C(=O)N(CCC(C)C)C3=O,Cc1ccccc1,405.0,82.9,4.38,460.0,58.3,0.48,0.4065401804339551
COc1cc2c(cc1-c1ccccc1)Cc1c3c(c4c(c1-2)-c1cc(OC)c(-c2ccccc2)cc1C4)C(=O)N(CCC(C)C)C3=O,ClCCl,411.0,85.3,4.36,489.0,69.4,0.63,0.7512791039833423
COc1cc2c(cc1-c1ccccc1)Cc1c3c(c4c(c1-2)-c1cc(OC)c(-c2ccccc2)cc1C4)C(=O)N(CCC(C)C)C3=O,CCOC(C)=O,405.0,83.0,4.4,468.0,63.4,0.61,0.6009728956867483
COc1cc2c(cc1-c1ccccc1)Cc1c3c(c4c(c1-2)-c1cc(OC)c(-c2ccccc2)cc1C4)C(=O)N(CCC(C)C)C3=O,ClC(Cl)Cl,414.0,87.9,4.34,492.0,68.7,0.64,0.7745169657285496
COc1cc2c(cc1-c1ccccc1)Cc1c3c(c4c(c1-2)-c1cc(OC)c(-c2ccccc2)cc1C4)C(=O)N(CCC(C)C)C3=O,CC(C)=O,407.0,83.9,4.43,486.0,70.4,0.38,0.72916478969277
COc1cc2c(cc1-c1ccccc1)Cc1c3c(c4c(c1-2)-c1cc(OC)c(-c2ccccc2)cc1C4)C(=O)N(CCC(C)C)C3=O,CC#N,406.0,84.4,4.38,497.0,76.6,0.46,0.8014037100173551
COc1cc2c(cc1-c1ccccc1)Cc1c3c(c4c(c1-2)-c1cc(OC)c(-c2ccccc2)cc1C4)C(=O)N(CCC(C)C)C3=O,CS(C)=O,413.0,89.0,4.36,503.0,75.8,0.47,0.8068580295188175
COc1cc2c(cc1-c1ccc(C(F)(F)F)cc1)Cc1c3c(c4c(c1-2)-c1cc(OC)c(-c2ccc(C(F)(F)F)cc2)cc1C4)C(=O)N(CCC(C)C)C3=O,C1CCOC1,404.0,80.1,4.43,458.0,58.3,0.45,0.38560627359831223
COc1cc2c(cc1-c1ccc(C#N)cc1)Cc1c3c(c4c(c1-2)-c1cc(OC)c(-c2ccc(C#N)cc2)cc1C4)C(=O)N(CCC(C)C)C3=O,C1CCOC1,409.0,80.8,4.53,460.0,57.0,0.51,0.3222192947339193
COc1cc2c(cc1-c1ccc(C=O)cc1)Cc1c3c(c4c(c1-2)-c1cc(OC)c(-c2ccc(C=O)cc2)cc1C4)C(=O)N(CCC(C)C)C3=O,C1CCOC1,414.0,84.5,4.57,462.0,56.2,0.52,0.26245108973042947
COc1cc2c(cc1-c1ccc(Cl)cc1)Cc1c3c(c4c(c1-2)-c1cc(OC)c(-c2ccc(Cl)cc2)cc1C4)C(=O)N(CCC(C)C)C3=O,C1CCOC1,406.0,83.8,4.46,466.0,60.3,0.52,0.4842998393467858
COc1cc2c(cc1-c1ccc(F)cc1)Cc1c3c(c4c(c1-2)-c1cc(OC)c(-c2ccc(F)cc2)cc1C4)C(=O)N(CCC(C)C)C3=O,C1CCOC1,405.0,84.9,4.47,468.0,61.3,0.52,0.5763413502057928
COc1cc2c(cc1-c1ccccc1)Cc1c3c(c4c(c1-2)-c1cc(OC)c(-c2ccccc2)cc1C4)C(=O)N(CCC(C)C)C3=O,C1CCOC1,405.0,83.9,4.41,469.0,62.3,0.53,0.5877109650189114
COc1cc2c(cc1-c1ccc(C)cc1)Cc1c3c(c4c(c1-2)-c1cc(OC)c(-c2ccc(C)cc2)cc1C4)C(=O)N(CCC(C)C)C3=O,C1CCOC1,411.0,86.3,4.47,476.0,63.3,0.67,0.5932860670204572
Cc1ccc(N(c2ccc(C)cc2)c2c([O-])c(=[N+](c3ccc(C)cc3)c3ccc(C)cc3)c2=O)cc1,CN(C)C=O,415.0,44.4,4.67,506.0,76.9,0.001,0.4976206497812877
COc1ccc(N(c2ccc(C)cc2)c2c([O-])/c(=[N+](\c3ccc(C)cc3)c3ccc(OC)cc3)c2=O)cc1,CN(C)C=O,418.0,47.9,4.67,510.0,73.4,0.001,0.4548448600085102
O=c1c(N(c2ccccc2)c2ccccc2)c([O-])c1=[N+](c1ccccc1)c1ccccc1,CN(C)C=O,411.0,40.4,4.59,510.0,84.5,0.001,0.5211380837040362
c1ccc2c(c1)ccc1ccc3ccc4ccccc4c3c12,ClC(Cl)Cl,393.0,34.5,2.301029996,424.0,47.5,0.04,1.414973347970818
c1ccc(N(c2ccccc2)c2ccc(-c3ccc4c(c3)C3(c5ccccc5Oc5ccccc53)c3cc(-c5ccc(N(c6ccccc6)c6ccccc6)cc5)ccc3-4)cc2)cc1,ClCCl,372.0,57.7,4.901621764,457.0,66.5,0.91,0.07918124604762482
COc1cc(OC)cc(C2=[O+][B-](F)(F)OC(c3ccccc3)=C2)c1,ClCCl,369.0,53.4,4.521138084,554.0,141.0,0.05,0.8369567370595504
COc1ccc(C2=CC(c3cc(OC)cc(OC)c3)=[O+][B-](F)(F)O2)cc1,ClCCl,396.0,55.2,4.674861141,525.0,140.0,0.08,0.8692317197309762
c1ccc(C2=C3C4=C(C5=[N+]3[B-]3(Oc6ccccc65)Oc5ccccc5-c5c6c(c2n53)C2CCC6CC2)C2CCC4CC2)cc1,ClCCl,626.0,31.2,4.8,645.0,34.3,0.99,0.9822712330395684
Cc1cc(C)c(C2=C3C=CC=[N+]3[B-]3(c4ccccc4)Oc4cc(O)cc5c6ccc(C)cc6c6cc2n3c6c45)c(C)c1,ClC(Cl)Cl,643.0,82.5,4.792391689,669.0,44.6,0.21,0.47712125471966244
COc1cc(OC)cc(C2=[O+][B-](F)(F)OC(c3cccs3)=C2)c1,ClCCl,391.0,54.4,4.649334859,567.0,137.7,0.04,0.6560982020128319
CCCCCCCCCC1(CCCCCCCCC)c2cc(C#Cc3ccc(/C=C/c4ccc(N(CCCCCCCC)CCCCCCCC)cc4)cc3)ccc2-c2ccc(C#Cc3ccc(/C=C/c4ccc(N(CCCCCCCC)CCCCCCCC)cc4)cc3)cc21,Cc1ccccc1,411.0,71.9,5.1,464.0,63.6,0.61,-0.3010299956639812
CCN(CC)c1ccc2cc(/C=C/C(=C(C#N)C#N)c3ccc(N(c4ccccc4)c4ccccc4)cc3)c(=O)oc2c1,Cc1ccccc1,493.0,119.0,4.7355989,576.0,102.0,0.013,-0.07572071393811836
CCN(CC)c1ccc2cc(/C=C/C(=C(C#N)C#N)c3ccc(N(c4ccccc4)c4ccccc4)cc3)c(=O)oc2c1,ClCCl,518.0,95.0,4.82672252,581.0,86.1,0.037,0.4593924877592308
CCN(CC)c1ccc2cc(/C=C/C(=C(C#N)C#N)c3ccc(N(c4ccccc4)c4ccccc4)cc3)c(=O)oc2c1,CCOC(C)=O,507.0,100.0,4.84260924,599.0,88.4,0.018,0.11727129565576427
CCN(CC)c1ccc2cc(/C=C/C(=C(C#N)C#N)c3ccc(N(c4ccccc4)c4ccccc4)cc3)c(=O)oc2c1,CC(C)=O,516.0,98.0,4.823474229,621.0,88.0,0.007,-0.22914798835785583
CCN(CC)c1ccc2cc(/C=C/C(=C(C#N)C#N)c3ccc(N(c4ccccc4)c4ccccc4)cc3)c(=O)oc2c1,CN(C)C=O,528.0,97.0,4.829303773,636.0,88.4,0.004,-0.4814860601221125
CCN(CC)c1ccc2cc(/C=C/C(=C(C#N)C#N)c3ccc(N(c4ccccc4)c4ccccc4)cc3)c(=O)oc2c1,CS(C)=O,536.0,104.0,4.851869601,643.0,90.7,0.005,-0.4814860601221125
CCC12C(=C3C(=C4c5ccc(-c6ccc(C)s6)cc5S(=O)(=O)C41CC)C(F)(F)C(F)(F)C3(F)F)c1ccc(-c3ccc(C)s3)cc1S2(=O)=O,CCCCCC,489.0,93.2,4.77815125,560.0,80.0,0.72,0.38021124171160603
CCC12C(=C3C(=C4c5ccc(-c6ccc(C)s6)cc5S(=O)(=O)C41CC)C(F)(F)C(F)(F)C3(F)F)c1ccc(-c3ccc(C)s3)cc1S2(=O)=O,C1COCCO1,506.0,100.0,4.763427994,591.0,89.2,0.78,0.414973347970818
CCC12C(=C3C(=C4c5ccc(-c6ccc(C)s6)cc5S(=O)(=O)C41CC)C(F)(F)C(F)(F)C3(F)F)c1ccc(-c3ccc(C)s3)cc1S2(=O)=O,CCO,508.0,102.1,4.763427994,618.0,110.3,0.62,0.38021124171160603
CCC12C(=C3C(=C4c5ccc(-c6ccc(C)s6)cc5S(=O)(=O)C41CC)C(F)(F)C(F)(F)C3(F)F)c1ccc(-c3ccc(C)s3)cc1S2(=O)=O,CC#N,507.0,101.5,4.755874856,633.0,119.6,0.67,0.3979400086720376
CCC12C(=C3C(=C4c5ccc(-c6ccc(C(C)=O)s6)cc5S(=O)(=O)C41CC)C(F)(F)C(F)(F)C3(F)F)c1ccc(-c3ccc(C(C)=O)s3)cc1S2(=O)=O,C1COCCO1,485.0,93.6,4.799340549,560.3950104,99.3,0.61,0.2787536009528289
CCN(CC)c1ccc2c(c1)oc(=O)c1c(-c3ccccc3C(=O)O)c3ccc(=[N+](CC)CC)cc-3oc12,ClC(Cl)Cl,602.0,46.2,4.888740961,636.0,52.4,0.51,0.6190933306267428
CCN(CC)c1ccc2c(c1)oc(=O)c1c(-c3ccccc3C(=O)O)c3ccc(=[N+](CC)CC)cc-3oc12,CCO,591.0,56.4,4.850033258,637.0,59.4,0.21,0.359835482339888
CCN(CC)c1ccc2c(c1)oc(=O)c1c(-c3ccccc3C(=O)O)c3ccc(=[N+](CC)CC)cc-3oc12,O,594.0,65.0,4.428134794,646.0,71.8,0.01,-0.5086383061657274
CCOC(=O)c1ccccc1-c1c2ccc(=[N+](CC)CC)cc-2oc2c1c(=O)oc1cc(N(CC)CC)ccc12,ClC(Cl)Cl,601.0,43.1,4.995635195,640.0,53.2,0.49,0.6344772701607315
CCOC(=O)c1ccccc1-c1c2ccc(=[N+](CC)CC)cc-2oc2c1c(=O)oc1cc(N(CC)CC)ccc12,CCO,595.0,58.5,4.806179974,642.0,61.4,0.2,0.32633586092875144
CCOC(=O)c1ccccc1-c1c2ccc(=[N+](CC)CC)cc-2oc2c1c(=O)oc1cc(N(CC)CC)ccc12,O,596.0,65.7,4.854913022,652.0,70.1,0.01,-0.5686362358410126
CCOC(=O)c1c(/N=C/c2cccs2)sc(/N=C/c2ccc(-c3cccs3)s2)c1C(=O)OCC,CC#N,470.0,123.8,4.481442629,581.0,33.6,0.0038,0.8573324964312685
CSc1sc(C(N)=O)c2nnn(C)c(=O)c12,CS(C)=O,398.5,61.7,3.939519253,527.0,124.1,0.1,0.7323937598229685
CSc1sc(C(N)=O)c2nnn(C)c(=O)c12,CN(C)C=O,396.5,58.0,3.84509804,514.0,108.3,0.27,1.1760912590556813
CSc1sc(C(N)=O)c2nnn(C)c(=O)c12,CC#N,394.5,57.2,3.949390007,505.0,102.9,0.38,1.3222192947339193
CSc1sc(C(N)=O)c2nnn(C)c(=O)c12,CO,397.0,60.6,3.812913357,521.0,122.9,0.16,1.041392685158225
CSc1sc(C(N)=O)c2nnn(C)c(=O)c12,CCO,397.0,59.3,3.851258349,519.0,120.2,0.22,1.146128035678238
CSc1sc(C(N)=O)c2nnn(C)c(=O)c12,C1CCOC1,393.0,61.4,3.832508913,496.0,97.1,0.5,1.2787536009528289
CCOC(=O)c1sc(SC)c2c(=O)n(C)nnc12,CS(C)=O,393.5,59.6,4.041392685,501.0,107.0,0.0077,-0.494850021680094
CCOC(=O)c1sc(SC)c2c(=O)n(C)nnc12,CN(C)C=O,391.5,53.7,3.949390007,487.0,95.1,0.013,-0.24412514432750865
CCOC(=O)c1sc(SC)c2c(=O)n(C)nnc12,CC#N,388.0,55.6,3.977723605,484.0,92.6,0.029,0.07918124604762482
CCOC(=O)c1sc(SC)c2c(=O)n(C)nnc12,CO,391.5,58.3,4.0,508.0,111.1,0.052,0.4913616938342727
CCOC(=O)c1sc(SC)c2c(=O)n(C)nnc12,CCO,391.0,56.4,4.0,501.0,102.5,0.054,0.4623979978989561
CCOC(=O)c1sc(SC)c2c(=O)n(C)nnc12,C1CCOC1,387.5,53.7,4.041392685,470.0,82.7,0.016,-0.24412514432750865
CCOC(=O)c1sc(SC)c2c(=O)[nH]nnc12,CS(C)=O,387.5,55.7,3.959041392,491.0,105.3,0.0054,-0.744727494896694
CCOC(=O)c1sc(SC)c2c(=O)[nH]nnc12,CC#N,381.0,56.5,3.380211242,478.0,89.9,0.018,-0.1366771398795441
CCOC(=O)c1sc(SC)c2c(=O)[nH]nnc12,CO,384.5,56.5,3.826074803,499.0,111.4,0.029,0.20411998265592482
CCOC(=O)c1sc(SC)c2c(=O)[nH]nnc12,CCO,385.0,56.1,3.949390007,492.0,103.5,0.023,0.11394335230683678
CCOC(=O)c1sc(SC)c2c(=O)[nH]nnc12,C1CCOC1,380.5,56.1,3.86923172,465.0,92.5,0.0075,-0.6777807052660807
CSc1sc(C(C)=O)c2nn[nH]c(=O)c12,CS(C)=O,400.5,57.2,4.146128036,497.0,100.9,0.0048,-0.8239087409443188
CSc1sc(C(C)=O)c2nn[nH]c(=O)c12,CC#N,393.0,57.6,3.69019608,483.0,90.8,0.017,-0.12493873660829993
CSc1sc(C(C)=O)c2nn[nH]c(=O)c12,CO,396.0,56.0,4.0,498.0,100.9,0.0077,-0.4814860601221125
CSc1sc(C(C)=O)c2nn[nH]c(=O)c12,CCO,397.0,56.8,4.041392685,489.0,98.7,0.0091,-0.38721614328026455
CSc1sc(C(C)=O)c2nn[nH]c(=O)c12,C1CCOC1,392.5,65.5,3.672097858,476.0,86.4,0.015,-0.37675070960209955
O=C1NC(=O)C(c2c[nH]c3ccccc23)=C1c1c[nH]c2ccccc12,CC#N,446.0,100.5,3.835690571,585.0,93.7,0.1,0.9294189257142927
c1cc(-c2c3ccccc3cc3ccccc23)cc(-c2c3ccccc3cc3ccccc23)c1,C1CCOC1,387.0,47.1,4.230448921,397.0,43.6,0.71,0.8195439355418687
CC(=O)O[B-]1(OC(C)=O)OC(/C=C/c2cccc3ccccc23)=CC(/C=C/c2cccc3ccccc23)=[O+]1,ClCCl,472.0,85.8,4.65,554.0,74.2,0.64,0.7774268223893114
O=C(O)c1ccc(-c2nc(-c3ccccc3)c3ccccn23)cc1,CC#N,372.0,70.0,4.29,501.0,48.0,0.13,0.17609125905568124
