smiles,solvent,emi_peakwavs_max,emi_bandwidth
COC(=O)C(Cc1ccc2oc(-c3ccncc3)nc2c1)NC(=O)OC(C)(C)C,CO,404.1155774442533,68.91032815230213
COC(=O)C([NH3+])Cc1ccc2oc(-c3ccncc3)nc2c1,CO,373.90624624733675,35.22110458503273
COC(=O)C(Cc1ccc2oc(-c3ccncc3)nc2c1)NC(=O)OC(C)(C)C,CC#N,397.994552636388,64.22193882086266
COC(=O)C([NH3+])Cc1ccc2oc(-c3ccncc3)nc2c1,CC#N,370.18204913095263,33.64067016060872
COC(=O)C(Cc1ccc2oc(-c3ccncc3)nc2c1)NC(=O)OC(C)(C)C,CC1CCCCC1,385.6863345985359,52.70412084827217
COC(=O)C([NH3+])Cc1ccc2oc(-c3ccncc3)nc2c1,CC1CCCCC1,351.6280365165423,29.79743988325216
COC(=O)C([NH3+])Cc1ccc2oc(-c3ccncc3)nc2c1,O,402.1757532781503,44.36485894007432
CCn1c2sccc2c2c3nsnc3c3c4ccsc4n(CC)c3c21,Cc1ccccc1,501.4457861133382,84.42086495636346
CCn1c2sccc2c2c3nsnc3c3c4ccsc4n(CC)c3c21,C1CCOC1,517.0008843301553,95.05543688854618
CCn1c2sccc2c2c3nsnc3c3c4ccsc4n(CC)c3c21,CCOC(C)=O,514.325022086802,93.365575796413
CCn1c2sccc2c2c3nsnc3c3c4ccsc4n(CC)c3c21,ClCCl,512.7932614393196,98.26464517464143
CCn1c2sccc2c2c3nsnc3c3c4ccsc4n(CC)c3c21,CN(C)C=O,522.3679332320738,98.56353365998912
c1cc2c([nH]c3c4[nH]c5sccc5c4c4nsnc4c23)s1,Cc1ccccc1,512.5671026432699,75.26962935312973
c1cc2c([nH]c3c4[nH]c5sccc5c4c4nsnc4c23)s1,C1CCOC1,514.8491521500098,80.18643634030566
c1cc2c([nH]c3c4[nH]c5sccc5c4c4nsnc4c23)s1,CCOC(C)=O,514.7314982591148,77.99653715113477
c1cc2c([nH]c3c4[nH]c5sccc5c4c4nsnc4c23)s1,ClCCl,521.0089854006557,84.85053387944738
c1cc2c([nH]c3c4[nH]c5sccc5c4c4nsnc4c23)s1,CN(C)C=O,521.8706154593696,82.10679120948708
C#CCn1c2ccccc2c2cc(/C=C/C3=[N+]4C(=C(c5ccc(I)cc5)c5c(C)cc(/C=C/c6ccc7c(c6)c6ccccc6n7CC#C)n5[B-]4(F)F)C(C)=C3)ccc21,ClC(Cl)Cl,666.2515993064322,39.1377111323297
C#CCn1c2ccccc2c2cc(/C=C/C3=[N+]4C(=C(c5ccc(I)cc5)c5c(C)cc(/C=C/c6ccc7c(c6)c6ccccc6n7CC#C)n5[B-]4(F)F)C(C)=C3)ccc21,CC#N,655.651822529723,48.952257285669475
C#CCn1c2ccccc2c2cc(/C=C/C3=[N+]4C(=C(c5ccc(I)cc5)c5c(C)cc(/C=C/c6ccc7c(c6)c6ccccc6n7CC#C)n5[B-]4(F)F)C(C)=C3)ccc21,CS(C)=O,670.6190956946701,46.945081099785064
C#CCn1c2ccccc2c2cc(/C=C/C3=[N+]4C(=C(c5ccc(I)cc5)c5c(C)c(Cl)c(/C=C/c6ccc7c(c6)c6ccccc6n7CC#C)n5[B-]4(F)F)C(C)=C3Cl)ccc21,ClC(Cl)Cl,663.931072960079,38.18490395011711
C#CCn1c2ccccc2c2cc(/C=C/C3=[N+]4C(=C(c5ccc(I)cc5)c5c(C)c(Cl)c(/C=C/c6ccc7c(c6)c6ccccc6n7CC#C)n5[B-]4(F)F)C(C)=C3Cl)ccc21,CC#N,655.7441169325144,47.50599095204497
C#CCn1c2ccccc2c2cc(/C=C/C3=[N+]4C(=C(c5ccc(I)cc5)c5c(C)c(Cl)c(/C=C/c6ccc7c(c6)c6ccccc6n7CC#C)n5[B-]4(F)F)C(C)=C3Cl)ccc21,CS(C)=O,670.287546888789,46.383842821554936
COc1ccc(C2=c3sc(-c4ccc(OC)cc4)c(-c4ccc(OC)cc4)c3=[N+]3C2=Nc2c(-c4ccc(OC)cc4)c4sc(-c5ccc(OC)cc5)c(-c5ccc(OC)cc5)c4n2[B-]3(F)F)cc1,ClC(Cl)Cl,756.6703458626519,29.467964340084862
CC(C)(C)c1ccc(C2=c3sc(-c4ccc(C(C)(C)C)cc4)c(-c4ccc(C(C)(C)C)cc4)c3=[N+]3C2=Nc2c(-c4ccc(C(C)(C)C)cc4)c4sc(-c5ccc(C(C)(C)C)cc5)c(-c5ccc(C(C)(C)C)cc5)c4n2[B-]3(F)F)cc1,ClC(Cl)Cl,692.6881562410497,29.355865084321678
c1ccc2c(c1)c1ccccc1c1[nH]c(-c3ccc(-c4nc5c6ccccc6c6ccccc6c5[nH]4)cc3)nc21,CS(C)=O,430.5417350861071,44.96962495443237
COc1ccc2c3c([nH]c2c1)C(C)=NCC3,CS(C)=O,464.75503318617075,52.07077656139386
COc1ccc2c3c([nH]c2c1)C(C)=NCC3,O,491.78358467477494,63.288739016613235
COc1ccc2c3c([nH]c2c1)C(C)=NCC3,CC#N,455.20685974813483,50.83466983234625
O=C1c2ccc(N(c3ccccc3)c3ccccc3)cc2C(=O)c2ccc(N(c3ccccc3)c3ccccc3)cc21,c1ccc2c(c1)c1ccccc1n2-c1ccc(-c2ccc(-n3c4ccccc4c4ccccc43)cc2)cc1,555.5305195167329,86.24975449611476
O=C1c2ccc(N(c3ccccc3)c3ccccc3)cc2C(=O)c2ccc(N(c3ccccc3)c3ccccc3)cc21,Cc1ccccc1,562.9231337479083,88.23887072904387
CN(C)c1ccc2c(c1)C(C)(C)C1=CC(=[N+](C)C)C=CC1=C2C#Cc1ccccc1,CO,684.9042013476906,31.424920893485066
CN(C)c1ccc(C2=Cc3ccc4ccccc4[n+]3[B-](F)(F)O2)cc1,ClC(Cl)Cl,497.3361669076907,60.792803298557516
COc1ccc(C2=Cc3ccc4ccccc4[n+]3[B-](F)(F)O2)cc1,ClC(Cl)Cl,470.41739917088137,65.06388138568163
Cc1ccc(C2=Cc3ccc4ccccc4[n+]3[B-](F)(F)O2)cc1,ClC(Cl)Cl,464.55280146126523,64.65044695797775
Cc1cccc(C2=Cc3ccc4ccccc4[n+]3[B-](F)(F)O2)c1,ClC(Cl)Cl,468.6817501416875,67.50142201049431
F[B-]1(F)OC(c2ccccc2)=Cc2ccc3ccccc3[n+]21,ClC(Cl)Cl,463.91275570573083,68.61719928535821
F[B-]1(F)OC(c2ccc(Br)cc2)=Cc2ccc3ccccc3[n+]21,ClC(Cl)Cl,464.5837601503863,64.91905422132994
F[B-]1(F)OC(c2cccc(Br)c2)=Cc2ccc3ccccc3[n+]21,ClC(Cl)Cl,465.2066196204674,66.53691269817595
Fc1cccc(C2=Cc3ccc4ccccc4[n+]3[B-](F)(F)O2)c1,ClC(Cl)Cl,459.38396699342513,65.64448115682313
F[B-]1(F)OC(c2ccc(C(F)(F)F)cc2)=Cc2ccc3ccccc3[n+]21,ClC(Cl)Cl,449.2031545099387,62.610296109601286
F[B-]1(F)OC(c2ccccc2)=Cc2ccc3ccccc3[n+]21,ClCCl,462.28093380258923,75.13644654024091
c1ccc(N2c3ccccc3Sc3cc(-c4cccc5nc6ccccc6cc45)ccc32)cc1,CCCCCC,491.8999556419417,64.10061496582466
c1ccc(N2c3ccccc3Sc3cc(-c4cccc5nc6ccccc6cc45)ccc32)cc1,CCOCC,531.4431970649479,88.30396771043857
c1ccc(N2c3ccccc3Sc3cc(-c4cccc5nc6ccccc6cc45)ccc32)cc1,CC#N,560.5191901786291,107.74965322748625
Cc1nc(-c2ccccc2O)n2c1CCCC2,ClCCl,409.3951728060076,66.47836164603966
Cc1ccc(O)c(-c2nc(C)c3n2CCCC3)c1,ClCCl,409.9943851649954,65.04135987887153
COc1ccc(O)c(-c2nc(C)c3n2CCCC3)c1,ClCCl,401.3260120083929,65.77167236788478
Cc1nc(-c2cc(F)ccc2O)n2c1CCCC2,ClCCl,402.8164105969026,62.638339169429315
Cc1nc(-c2cc(C(F)(F)F)ccc2O)n2c1CCCC2,ClCCl,380.6117732802546,49.357037949713444
Cc1nc(-c2cc(N)ccc2O)n2c1CCCC2,ClCCl,423.6716513405671,55.34008680004037
CC(C)(C)c1ccc(-c2nnc(-c3c(-n4c5ccccc5c5ccccc54)c(-n4c5ccccc5c5ccccc54)c(-n4c5ccccc5c5ccccc54)c(-n4c5ccccc5c5ccccc54)c3-n3c4ccccc4c4ccccc43)o2)cc1,Cc1ccccc1,526.7834685905949,83.67872131275615
N#Cc1cc(-c2ccccc2)c(N2c3ccccc3Oc3ccccc32)c(-c2ccccc2)c1,C1CCCCC1,453.1513658740217,68.32684770310696
CN(C)c1ccc(C2=Nc3scc[n+]3[B-](F)(F)O2)cc1,Cc1ccccc1,525.2573356837468,68.04333398430987
CN(C)c1ccc(C2=Nc3scc[n+]3[B-](F)(F)O2)cc1,ClCCl,539.0932467941674,76.35206487562746
CN(C)c1ccc(C2=Nc3scc[n+]3[B-](F)(F)O2)cc1,C1CCOC1,534.0211643454627,73.48575757599394
CN(C)c1ccc(C2=Nc3scc[n+]3[B-](F)(F)O2)cc1,CC#N,548.9528445311264,86.5788546953161
Cc1csc2[n+]1[B-](F)(F)OC(c1ccc(N(C)C)cc1)=N2,Cc1ccccc1,491.89215345431023,65.1191664240029
Cc1csc2[n+]1[B-](F)(F)OC(c1ccc(N(C)C)cc1)=N2,ClCCl,487.19307020736875,68.93821004012625
Cc1csc2[n+]1[B-](F)(F)OC(c1ccc(N(C)C)cc1)=N2,C1CCOC1,488.4741116799694,65.1061614506634
Cc1csc2[n+]1[B-](F)(F)OC(c1ccc(N(C)C)cc1)=N2,CC#N,498.6471111035894,70.78574687663146
CCOC(=O)c1csc2[n+]1[B-](F)(F)OC(c1ccc(N(C)C)cc1)=N2,Cc1ccccc1,515.1371440644805,81.67271981446895
CCOC(=O)c1csc2[n+]1[B-](F)(F)OC(c1ccc(N(C)C)cc1)=N2,ClCCl,524.1714358798118,87.79323317922245
CCOC(=O)c1csc2[n+]1[B-](F)(F)OC(c1ccc(N(C)C)cc1)=N2,C1CCOC1,520.4173292449827,83.81656464655579
CCOC(=O)c1csc2[n+]1[B-](F)(F)OC(c1ccc(N(C)C)cc1)=N2,CC#N,524.2025630885752,88.9031374505262
Cc1cc(C)c(B(c2ccc(-n3c4ccccc4c4ccccc43)cc2)c2c(C)cc(C)cc2C)c(C)c1,Cc1ccccc1,457.3820080043803,54.52703095012111
Cc1cc(C)c(B(c2ccc(-n3c4ccccc4c4ccccc43)cc2)c2c(C)cc(C)cc2C)c(C)c1,C1CCCCC1,426.42416419959716,42.88193748784698
Cc1cc(C)c(B(c2ccc(-n3c4ccccc4c4ccccc43)cc2)c2c(C)cc(C)cc2C)c(C)c1,C1CCOC1,455.7472234172052,62.141038824328604
Cc1cc(C)c(B(c2ccc(-n3c4ccccc4c4ccccc43)cc2)c2c(C)cc(C)cc2C)c(C)c1,ClCCl,469.6735752143522,66.75828831029158
Cc1cc(C)c(B(c2ccc(-n3c4ccccc4c4ccccc43)cc2)c2c(C)cc(C)cc2C)c(C)c1,CN(C)C=O,480.979772741182,74.74122644959178
O=c1c2ccccc2c2c3c(cccc13)c(-c1ccccc1)c1c3cccc4cccc(c43)c12,CC#N,523.7717371869832,50.41256078853992
O=c1c2ccccc2c2c3c(cccc13)c(-c1ccccc1)c1c3cccc4cccc(c43)c12,CO,543.6892367909181,50.01765028063818
CN(C)c1ccc(/C=C/c2cnc(C#Cc3ccc(C#N)cc3)o2)cc1,ClCCl,522.1553919103434,93.79965935535596
C(=C/c1cccc2ccccc12)\c1ccc(-c2nnc(-c3ccc(-c4cc5ccccc5s4)cc3)o2)cc1,CO,455.10779737906495,83.68532979934221
C(=C/c1cccc2ccccc12)\c1ccc(-c2nnc(-c3ccc(-c4cc5ccccc5s4)cc3)o2)cc1,CCCO,458.4538608807141,80.84777416246092
C(=C/c1cccc2ccccc12)\c1ccc(-c2nnc(-c3ccc(-c4cc5ccccc5s4)cc3)o2)cc1,CCCCCO,450.2049766026725,77.62910538383446
C(=C/c1cccc2ccccc12)\c1ccc(-c2nnc(-c3ccc(-c4cc5ccccc5s4)cc3)o2)cc1,CCCCCCCCO,432.8428762374814,71.50523260370032
C(=C/c1cccc2ccccc12)\c1ccc(-c2nnc(-c3ccc(-c4cc5ccccc5s4)cc3)o2)cc1,CCCCCCCCCCO,426.0637713542996,69.1380229233634
C(=C/c1cccc2ccccc12)\c1ccc(-c2nnc(-c3ccc(-c4cc5ccccc5s4)cc3)o2)cc1,CS(C)=O,455.7938163802353,80.46915896956337
C(=C/c1cccc2ccccc12)\c1ccc(-c2nnc(-c3ccc(-c4cc5ccccc5s4)cc3)o2)cc1,CN(C)C=O,467.0782585648592,83.93865222230234
C(=C/c1cccc2ccccc12)\c1ccc(-c2nnc(-c3ccc(-c4cc5ccccc5s4)cc3)o2)cc1,CC#N,459.51266163894786,86.29005184135036
C(=C/c1cccc2ccccc12)\c1ccc(-c2nnc(-c3ccc(-c4cc5ccccc5s4)cc3)o2)cc1,CC(C)=O,454.26345417397783,84.63313587074894
C(=C/c1cccc2ccccc12)\c1ccc(-c2nnc(-c3ccc(-c4cc5ccccc5s4)cc3)o2)cc1,CCCCCCCC,404.4030665178559,59.6985983099416
c1cc2cc(c1)c1cccc(c1)c1ccc3ccc4ccc(cc4c3c1)c1cccc(c1)c1cccc2c1,Cc1ccccc1,420.7054283945457,40.09558198267582
CCCCNC(=O)c1nc2c(N(C)C)nc(N(C)C)nc2n1Cc1ccccc1,ClCCl,385.6104572705725,56.51244587449688
N#Cc1nc2cnc(N)nc2n1Cc1ccccc1,C1COCCO1,358.34330507200707,37.52243575180506
CN(C)c1nc(N(C)C)c2nc(C#N)n(Cc3ccccc3)c2n1,C1COCCO1,351.9221413451336,39.355709517603344
COC(=O)c1nc2cnc(N)nc2n1Cc1ccccc1,C1COCCO1,360.11185892038435,42.97506797170021
COC(=O)c1nc2c(N(C)C)nc(N(C)C)nc2n1Cc1ccccc1,C1COCCO1,346.02099661761383,42.64863340973871
CCCCNC(=O)c1nc2c(N(C)C)nc(N(C)C)nc2n1Cc1ccccc1,C1COCCO1,365.901748067298,44.56624140403953
N#Cc1nc2cnc(N)nc2n1Cc1ccccc1,CC#N,402.3300194203588,54.3679181249164
CN(C)c1nc(N(C)C)c2nc(C#N)n(Cc3ccccc3)c2n1,CC#N,385.6763103978793,51.25804044892709
COC(=O)c1nc2cnc(N)nc2n1Cc1ccccc1,CC#N,396.0155231909274,55.1735001118836
COC(=O)c1nc2c(N(C)C)nc(N(C)C)nc2n1Cc1ccccc1,CC#N,379.0379955216415,53.40077662615148
CCCCNC(=O)c1nc2c(N(C)C)nc(N(C)C)nc2n1Cc1ccccc1,CC#N,393.7077064872721,55.00655198138922
N#Cc1nc2cnc(N)nc2n1Cc1ccccc1,CO,398.1035141754121,53.88560286634605
N#Cc1nc2cnc(N)nc2n1Cc1ccccc1,O,436.9637903362494,59.802954358703076
CN(C)c1nc(N(C)C)c2nc(C#N)n(Cc3ccccc3)c2n1,CO,392.37144357415104,56.709056604524314
COC(=O)c1nc2cnc(N)nc2n1Cc1ccccc1,CO,398.9219542806464,58.558306816726045
COC(=O)c1nc2cnc(N)nc2n1Cc1ccccc1,O,436.05334394245085,63.62907520694408
COC(=O)c1nc2c(N(C)C)nc(N(C)C)nc2n1Cc1ccccc1,CO,387.63255163881036,61.0959396002238
CCCCNC(=O)c1nc2c(N(C)C)nc(N(C)C)nc2n1Cc1ccccc1,CO,401.9544706794915,62.80440020226337
N#Cc1nc2cnc(N)nc2n1Cc1ccccc1,ClCCl,385.72521371084383,45.64236993151644
CNc1ncc2nc(C#N)n(Cc3ccccc3)c2n1,ClCCl,371.89541551454386,40.27584092233383
CN(C)c1ncc2nc(C#N)n(Cc3ccccc3)c2n1,ClCCl,385.8795015975223,42.751554115371036
CN(C)c1nc(N)nc2c1nc(C#N)n2Cc1ccccc1,ClCCl,388.99454913214197,56.1438667884302
CN(C)c1nc(N)c2nc(C#N)n(Cc3ccccc3)c2n1,ClCCl,376.4542958552305,44.38928410111923
CN(C)c1nc(N(C)C)c2nc(C#N)n(Cc3ccccc3)c2n1,ClCCl,374.6924827925442,50.76184267672642
COC(=O)c1nc2cnc(N)nc2n1Cc1ccccc1,ClCCl,386.6579644947151,51.39714188009415
CNc1ncc2nc(C(=O)OC)n(Cc3ccccc3)c2n1,ClCCl,376.95142879994,46.45562909275061
COC(=O)c1nc2cnc(N(C)C)nc2n1Cc1ccccc1,ClCCl,388.70235781690815,49.015311596545665
COC(=O)c1nc2c(N(C)C)nc(N)nc2n1Cc1ccccc1,ClCCl,381.4502182978621,58.76709016009438
COC(=O)c1nc2c(N)nc(N(C)C)nc2n1Cc1ccccc1,ClCCl,370.56614344851846,48.53070778240502
COC(=O)c1nc2c(N(C)C)nc(N(C)C)nc2n1Cc1ccccc1,ClCCl,369.98762095270797,53.74587412419882
CCCCCCCCCCCCCCCCOc1cc(C#Cc2ccc3ccccc3c2-c2c(C#Cc3cc(OCCCCCCCCCCCCCCCC)c(C#Cc4ccc(C=C(C#N)C#N)cc4)cc3OCCCCCCCCCCCCCCCC)ccc3ccccc23)c(OCCCCCCCCCCCCCCCC)cc1C#Cc1ccc(C=C(C#N)C#N)cc1,CCCCCC,504.9680165155446,62.74194018599998
CCCCCCCCCCCCCCCCOc1cc(C#Cc2ccc3ccccc3c2-c2c(C#Cc3cc(OCCCCCCCCCCCCCCCC)c(C#Cc4ccc(C=C(C#N)C#N)cc4)cc3OCCCCCCCCCCCCCCCC)ccc3ccccc23)c(OCCCCCCCCCCCCCCCC)cc1C#Cc1ccc(C=C(C#N)C#N)cc1,ClC(Cl)(Cl)Cl,525.8801244843005,78.24575598717063
CCCCCCCCCCCCCCCCOc1cc(C#Cc2ccc3ccccc3c2-c2c(C#Cc3cc(OCCCCCCCCCCCCCCCC)c(C#Cc4ccc(C=C(C#N)C#N)cc4)cc3OCCCCCCCCCCCCCCCC)ccc3ccccc23)c(OCCCCCCCCCCCCCCCC)cc1C#Cc1ccc(C=C(C#N)C#N)cc1,CCCCOCCCC,554.7132046878195,91.56767124859338
CCCCCCCCCCCCCCCCOc1cc(C#Cc2ccc3ccccc3c2-c2c(C#Cc3cc(OCCCCCCCCCCCCCCCC)c(C#Cc4ccc(C=C(C#N)C#N)cc4)cc3OCCCCCCCCCCCCCCCC)ccc3ccccc23)c(OCCCCCCCCCCCCCCCC)cc1C#Cc1ccc(C=C(C#N)C#N)cc1,Cc1ccccc1,550.3786402993526,73.56104651450633
CCCCCCCCCCCCCCCCOc1cc(C#Cc2ccc3ccccc3c2-c2c(C#Cc3cc(OCCCCCCCCCCCCCCCC)c(C#Cc4ccc(C=C(C#N)C#N)cc4)cc3OCCCCCCCCCCCCCCCC)ccc3ccccc23)c(OCCCCCCCCCCCCCCCC)cc1C#Cc1ccc(C=C(C#N)C#N)cc1,CCOCC,562.9918354007813,94.83094296741696
CCCCCCCCCCCCCCCCOc1cc(C#Cc2ccc3ccccc3c2-c2c(C#Cc3cc(OCCCCCCCCCCCCCCCC)c(C#Cc4ccc(C=C(C#N)C#N)cc4)cc3OCCCCCCCCCCCCCCCC)ccc3ccccc23)c(OCCCCCCCCCCCCCCCC)cc1C#Cc1ccc(C=C(C#N)C#N)cc1,C1COCCO1,569.164035818723,82.5220606521357
CCCCCCCCCCCCCCCCOc1cc(C#Cc2ccc3ccccc3c2-c2c(C#Cc3cc(OCCCCCCCCCCCCCCCC)c(C#Cc4ccc(C=C(C#N)C#N)cc4)cc3OCCCCCCCCCCCCCCCC)ccc3ccccc23)c(OCCCCCCCCCCCCCCCC)cc1C#Cc1ccc(C=C(C#N)C#N)cc1,Brc1ccccc1,583.0265811867993,97.2399926393126
CCCCCCCCCCCCCCCCOc1cc(C#Cc2ccc3ccccc3c2-c2c(C#Cc3cc(OCCCCCCCCCCCCCCCC)c(C#Cc4ccc(C=C(C#N)C#N)cc4)cc3OCCCCCCCCCCCCCCCC)ccc3ccccc23)c(OCCCCCCCCCCCCCCCC)cc1C#Cc1ccc(C=C(C#N)C#N)cc1,C1CCOC1,591.0712250945219,106.21436781659874
CCCCCCCCCCCCCCCCOc1cc(C#Cc2ccc3ccccc3c2-c2c(C#Cc3cc(OCCCCCCCCCCCCCCCC)c(C#Cc4ccc(C=C(C#N)C#N)cc4)cc3OCCCCCCCCCCCCCCCC)ccc3ccccc23)c(OCCCCCCCCCCCCCCCC)cc1C#Cc1ccc(C=C(C#N)C#N)cc1,CCOC(C)=O,568.456068493176,97.66782046548937
CCCCCCCCCCCCCCCCOc1cc(C#Cc2ccc3ccccc3c2-c2c(C#Cc3cc(OCCCCCCCCCCCCCCCC)c(C#Cc4ccc(C=C(C#N)C#N)cc4)cc3OCCCCCCCCCCCCCCCC)ccc3ccccc23)c(OCCCCCCCCCCCCCCCC)cc1C#Cc1ccc(C=C(C#N)C#N)cc1,ClC(Cl)Cl,613.0433379215361,106.43041649849359
CCCCCCCCCCCCCCCCOc1cc(C#Cc2ccc3ccccc3c2-c2c(C#Cc3cc(OCCCCCCCCCCCCCCCC)c(C#Cc4ccc(C=C(C#N)C#N)cc4)cc3OCCCCCCCCCCCCCCCC)ccc3ccccc23)c(OCCCCCCCCCCCCCCCC)cc1C#Cc1ccc(C=C(C#N)C#N)cc1,ClCCl,600.3824463252262,107.40729782563477
CCCCCCCCCCCCCCCCOc1cc(C#Cc2ccc3ccccc3c2-c2c(C#Cc3cc(OCCCCCCCCCCCCCCCC)c(C#Cc4ccc(C=C(C#N)C#N)cc4)cc3OCCCCCCCCCCCCCCCC)ccc3ccccc23)c(OCCCCCCCCCCCCCCCC)cc1C#Cc1ccc(C=C(C#N)C#N)cc1,CCCCCCCCO,571.6439165132581,103.19400967649374
CCCCCCCCCCCCCCCCOc1cc(C#Cc2ccc3ccccc3c2-c2c(C#Cc3cc(OCCCCCCCCCCCCCCCC)c(C#Cc4ccc(C=C(C#N)C#N)cc4)cc3OCCCCCCCCCCCCCCCC)ccc3ccccc23)c(OCCCCCCCCCCCCCCCC)cc1C#Cc1ccc(C=C(C#N)C#N)cc1,C1CCCCC1,524.4709007202509,63.117033053809465
Cc1cc(C)c(B(c2ccc(-c3cc4ccc5cccc6ccc(c3)c4c56)cc2)c2c(C)cc(C)cc2C)c(C)c1,Cc1ccccc1,455.5207574805171,47.21872422801405
CN(C)c1ccc(/C=C/c2nc3ccc(N(C)C)cc3oc2=O)cc1,CCCCCCC,527.9427967515628,61.34014950578782
CN(C)c1ccc(/C=C/c2nc3ccc(N(C)C)cc3oc2=O)cc1,C1CCCCC1,535.3747032399757,58.96910167274329
CN(C)c1ccc(/C=C/c2nc3ccc(N(C)C)cc3oc2=O)cc1,Cc1ccccc1,589.9433068204269,80.68678852725934
CN(C)c1ccc(/C=C/c2nc3ccc(N(C)C)cc3oc2=O)cc1,C1COCCO1,597.29848251043,82.15814208697984
CN(C)c1ccc(/C=C/c2nc3ccc(N(C)C)cc3oc2=O)cc1,ClC(Cl)Cl,641.4257422404385,92.37640542979332
CN(C)c1ccc(/C=C/c2nc3ccc(N(C)C)cc3oc2=O)cc1,CCOC(C)=O,634.4807107430263,100.81699456947167
CN(C)c1ccc(/C=C/c2nc3ccc(N(C)C)cc3oc2=O)cc1,ClCCl,653.9712359346129,99.0362481064669
CN(C)c1ccc(/C=C/c2nc3ccc(N(C)C)cc3oc2=O)cc1,CS(C)=O,660.5005783995916,115.57876534171125
CN(C)c1ccc(/C=C/c2nc3ccc(N(C)C)cc3oc2=O)cc1,CN(C)C=O,648.5908386461911,106.16169802211444
CN(C)c1ccc(/C=C/c2nc3ccc(N(C)C)cc3oc2=O)cc1,CC(C)=O,637.9738728659697,98.17883389812465
CN(C)c1ccc(/C=C/c2nc3ccc(N(C)C)cc3oc2=O)cc1,CC#N,654.383500213026,111.83289164323219
CN(C)c1ccc(/C=C/c2nc3ccc(N(C)C)cc3oc2=O)cc1,CCO,651.4455505140842,102.2719980765263
c1ccc(-c2nc(-c3ccccc3)nc(-c3ccc(N4c5ccccc5C(c5ccccc5)(c5ccccc5)c5ccccc54)cc3)n2)cc1,O=P(c1ccccc1)(c1ccccc1)c1ccccc1Oc1ccccc1P(=O)(c1ccccc1)c1ccccc1,452.47764065256115,65.67931863751667
O=C(c1ccc(-n2c3ccccc3c3ccccc32)cc1)c1ccc(-n2c3ccccc3c3ccccc32)cc1,Cc1ccccc1,438.07480228494205,65.53502147274658
F[B-]1(F)Oc2ccccc2-c2nc(-c3ccccc3)c3cc(Cl)ccc3[n+]21,Cc1ccccc1,473.0395498553478,79.86753515764266
CC(C)(C)c1cc2c(c(C(C)(C)C)c1)O[B-](F)(F)[n+]1c-2nc(-c2ccccc2)c2ccccc21,Cc1ccccc1,472.176176161948,77.38861025402625
CC(C)(C)c1cc2c(c(C(C)(C)C)c1)O[B-](F)(F)[n+]1c-2nc(-c2ccccc2)c2cc(Cl)ccc21,Cc1ccccc1,478.3424253902647,78.017737134398
F[B-]1(F)Oc2ccccc2-c2nc(-c3ccccc3)c3ccccc3[n+]21,Cc1ccccc1,468.30075441109256,79.90127049986205
Cc1cc(=O)oc2cc(-c3cn(Cc4ccccc4)nn3)ccc12,CCO,419.9961455285653,57.291135161383615
CCOC(=O)/C=C/c1cc2ccc(-c3cn(Cc4ccccc4)nn3)cc2oc1=O,CCO,437.13201099206174,54.93692220029435
CCn1c2ccccc2c2c(N(c3ccccc3)c3ccccc3)cccc21,ClCCl,384.5552307595902,38.19553174500546
c1ccc(-c2nc(-c3ccc(-c4ccc(-n5c6ccccc6c6ccccc65)cc4)cn3)oc2-c2ccccc2)cc1,CCOCC,443.2234415762967,62.20986578638515
c1ccc(-c2nc(-c3ccc(-c4ccc(-n5c6ccccc6c6ccccc65)cc4)cn3)oc2-c2ccccc2)cc1,CCOC(C)=O,447.79875530016386,65.21113699073906
c1ccc(-c2nc(-c3ccc(-c4ccc(-n5c6ccccc6c6ccccc65)cc4)cn3)oc2-c2ccccc2)cc1,C1CCOC1,453.9485262973307,66.84789473135318
c1ccc(-c2nc(-c3ccc(-c4ccc(-n5c6ccccc6c6ccccc65)cc4)cn3)oc2-c2ccccc2)cc1,CC(C)=O,470.19040321273775,76.95937097814411
c1ccc(-c2nc(-c3ccc(-c4ccc(-n5c6ccccc6c6ccccc65)cc4)cn3)oc2-c2ccccc2)cc1,CC#N,472.4778834008528,74.05305566091545
c1ccc(-c2nc(-c3ccc(-c4ccc(-n5c6ccccc6c6ccccc65)cc4)cn3)oc2-c2ccccc2)cc1,CCCCCC,408.8967243208649,46.511668294410924
c1ccc(-c2nc(-c3ccc(-c4ccc(-n5c6ccccc6c6ccccc65)cc4)cn3)oc2-c2ccccc2)cc1,CCN(CC)CC,427.247409832695,56.49912463911197
c1ccc2c(-c3cc(-c4c5ccccc5cc5ccccc45)cc(-c4c5ccccc5cc5ccccc45)c3)c3ccccc3cc2c1,C1CCOC1,443.73567061928344,62.03671144767564
CCC1(CC)c2cc(/C=C/c3ccc(N(c4ccccc4)c4ccccc4)cc3)ccc2-c2ccc(/C=C/c3ccc(N(c4ccccc4)c4ccccc4)cc3)cc21,Cc1ccccc1,416.0791619414193,39.42831772257635
CC(C)(C)c1ccc2c(c1)c1cc(C(C)(C)C)ccc1n2-c1ccc(-n2c3ccc(C(C)(C)C)cc3c3cc(C(C)(C)C)ccc32)c(-c2nccnc2C#N)c1,Cc1ccccc1,501.29566908780606,75.00723476007774
O=P(c1ccccc1)(c1ccccc1)c1ccc(N2c3ccccc3Oc3ccccc32)cc1,O=P(c1ccccc1)(c1ccccc1)c1ccccc1Oc1ccccc1P(=O)(c1ccccc1)c1ccccc1,445.4083639717941,69.70900320209921
O=P(c1ccccc1)(c1ccccc1)c1ccc(N2c3ccccc3Oc3ccccc32)cc1,Cc1ccccc1,451.7172745905016,69.72154333974012
O=P(c1ccccc1)(c1ccccc1)c1ccc(N2c3ccccc3Oc3ccccc32)cc1,ClCCl,452.4829354309991,75.63716190723574
O=P(c1ccccc1)(c1ccccc1)c1ccc(N2c3ccccc3Oc3ccccc32)cc1,C1CCOC1,434.9969106133851,73.48074864552213
O=P(c1ccccc1)(c1ccccc1)c1ccc(N2c3ccccc3Oc3ccccc32)cc1,CC#N,477.8036599397372,95.74874237398849
O=P(c1ccccc1)(c1ccccc1)c1ccc(N2c3ccccc3Oc3ccccc32)cc1,CO,488.2099693719686,105.98138000053586
CC1(C)c2ccccc2-c2cc3c(cc21)N(c1ccc(-c2nc(-c4ccc(N5c6ccccc6C(c6ccccc6)(c6ccccc6)c6cc7c(cc65)C(C)(C)c5ccccc5-7)cc4)nc(-c4ccc(N5c6ccccc6C(c6ccccc6)(c6ccccc6)c6cc7c(cc65)C(C)(C)c5ccccc5-7)cc4)n2)cc1)c1ccccc1C3(c1ccccc1)c1ccccc1,Cc1ccccc1,478.4473003279636,65.86470380263587
c1ccc2c(-c3ccc(-n4c5ccccc5c5ccccc54)cc3)c3c(nc2c1)-c1cc2c(cc1CC3)-c1nc3ccccc3c(-c3ccc(-n4c5ccccc5c5ccccc54)cc3)c1CC2,ClC(Cl)Cl,433.9842325940184,56.90250123869063
CC(C)(C)c1ccc(-n2c(-c3ccc(-c4cc(-c5ccccc5)c(-c5ccccc5)c(-c5ccccc5)c4-c4ccccc4)cc3)nc3c4ccccc4c4ccccc4c32)cc1,C1CCOC1,400.88076136903396,54.895342429841676
F[B-]1(F)Oc2ccccc2-c2c3c(c4c([n+]21)CCc1ccccc1-4)CCc1ccccc1-3,ClCCl,455.930708690937,76.75646932685368
CCOc1cccc2c1O[B-](F)(F)[n+]1c3c(c4c(c1-2)-c1ccccc1CC4)-c1ccccc1CC3,ClCCl,476.6765557242368,78.66592401611588
O=[N+]([O-])c1ccc2c(c1)-c1c3c(c4c([n+]1[B-](F)(F)O2)CCc1ccccc1-4)CCc1ccccc1-3,ClCCl,489.21159848253143,81.86736172637858
F[B-]1(F)Oc2ccc(Br)cc2-c2c3c(c4c([n+]21)CCc1ccccc1-4)CCc1ccccc1-3,ClCCl,462.64060364426024,75.4968477762064
COc1ccc(-c2c3ccccc3c(C#Cc3ccccc3)c3cc4cc(C)sc4cc23)cc1,ClCCl,531.347467035901,54.14930980569805
CCOC(=O)c1c(/N=C/c2ccc(-c3cccs3)s2)sc(/N=C/c2ccc(-c3cccs3)s2)c1C(=O)OCC,CC#N,556.33739700006,75.84776592949456
c1ccc(-c2nc(-c3ccccc3)nc(-c3ccc(N4c5ccccc5C5(c6ccccc64)c4ccccc4C4(c6ccccc6Sc6ccccc64)c4ccccc45)cc3)n2)cc1,Cc1ccccc1,467.938722576371,66.416277842594
CN1/C(=C/C=C(/C=C/C2=[N+](C)c3ccccc3C2(C)C)c2ccccc2)C(C)(C)c2ccccc21,CS(C)=O,666.2694515162783,35.26787313827424
CN1/C(=C/C=C(/C=C/C2=[N+](C)c3ccccc3C2(C)C)c2ccccc2)C(C)(C)c2ccccc21,CO,656.3050590243535,32.11422270995701
CN1/C(=C/C=C(/C=C/C2=[N+](C)c3ccccc3C2(C)C)c2ccccc2)C(C)(C)c2ccccc21,CCO,654.4600842362635,37.806115855716705
CN1/C(=C/C=C(/C=C/C2=[N+](C)c3ccccc3C2(C)C)c2ccccc2)C(C)(C)c2ccccc21,O,639.9667317943317,40.11889848885828
CN1/C(=C/C=C(/C=C/C2=[N+](C)c3ccccc3C2(C)C)c2ccc(F)cc2)C(C)(C)c2ccccc21,CS(C)=O,664.9705456025673,34.952375682432304
CN1/C(=C/C=C(/C=C/C2=[N+](C)c3ccccc3C2(C)C)c2ccc(F)cc2)C(C)(C)c2ccccc21,CO,655.3852244556449,32.43512442382753
CN1/C(=C/C=C(/C=C/C2=[N+](C)c3ccccc3C2(C)C)c2ccc(F)cc2)C(C)(C)c2ccccc21,CCO,654.1990744909679,38.25207314299062
CN1/C(=C/C=C(/C=C/C2=[N+](C)c3ccccc3C2(C)C)c2ccc(F)cc2)C(C)(C)c2ccccc21,O,638.9322712521716,40.381326478400304
CN1/C(=C/C=C(/C=C/C2=[N+](C)c3ccccc3C2(C)C)c2cc(F)cc(F)c2)C(C)(C)c2ccccc21,CS(C)=O,651.5860415345661,35.90653132259672
CN1/C(=C/C=C(/C=C/C2=[N+](C)c3ccccc3C2(C)C)c2cc(F)cc(F)c2)C(C)(C)c2ccccc21,CO,642.5167492767579,34.253401808022396
CN1/C(=C/C=C(/C=C/C2=[N+](C)c3ccccc3C2(C)C)c2cc(F)cc(F)c2)C(C)(C)c2ccccc21,CCO,643.1415005157264,40.00520054583262
CN1/C(=C/C=C(/C=C/C2=[N+](C)c3ccccc3C2(C)C)c2cc(F)cc(F)c2)C(C)(C)c2ccccc21,O,627.4354263668133,42.367000320604454
CN1/C(=C/C=C(/C=C/C2=[N+](C)c3ccccc3C2(C)C)c2ccc(C(F)(F)F)cc2)C(C)(C)c2ccccc21,CS(C)=O,665.3429413952888,41.88518030754476
CN1/C(=C/C=C(/C=C/C2=[N+](C)c3ccccc3C2(C)C)c2ccc(C(F)(F)F)cc2)C(C)(C)c2ccccc21,CO,657.3467604750138,40.27387384191957
CN1/C(=C/C=C(/C=C/C2=[N+](C)c3ccccc3C2(C)C)c2ccc(C(F)(F)F)cc2)C(C)(C)c2ccccc21,CCO,657.27862417836,46.21079187620643
CN1/C(=C/C=C(/C=C/C2=[N+](C)c3ccccc3C2(C)C)c2ccc(C(F)(F)F)cc2)C(C)(C)c2ccccc21,O,645.7371813850914,50.683461820573044
CN1/C(=C/C=C(/C=C/C2=[N+](C)c3ccccc3C2(C)C)c2cccc(C(F)(F)F)c2)C(C)(C)c2ccccc21,CS(C)=O,666.7550055307283,41.03590202720566
CN1/C(=C/C=C(/C=C/C2=[N+](C)c3ccccc3C2(C)C)c2cccc(C(F)(F)F)c2)C(C)(C)c2ccccc21,CO,658.9414564137389,39.41999412259022
CN1/C(=C/C=C(/C=C/C2=[N+](C)c3ccccc3C2(C)C)c2cccc(C(F)(F)F)c2)C(C)(C)c2ccccc21,CCO,658.3749151208824,45.37108660470315
O=c1c2ccccc2n2c3ccccc3c(=O)c3cccc1c32,Cc1ccccc1,472.8982610846238,26.415893110262324
C1=[N+](c2ccccc2)[B-](c2ccccc2)(c2ccccc2)Oc2c1ccc1c3c(ccc21)C=[N+](c1ccccc1)[B-](c1ccccc1)(c1ccccc1)O3,ClCCl,575.8660783003281,101.32678292110691
C1=[N+](c2ccccc2)[B-](c2ccccc2)(c2ccccc2)Oc2c1ccc1c3c(ccc21)C=[N+](c1ccccc1)[B-](c1ccccc1)(c1ccccc1)O3,Cc1ccccc1,585.0613199643252,103.49471927515779
Fc1cccc(F)c1[B-]1(c2c(F)cccc2F)Oc2c(ccc3c4c(ccc23)C=[N+](c2ccccc2)[B-](c2c(F)cccc2F)(c2c(F)cccc2F)O4)C=[N+]1c1ccccc1,ClCCl,514.2724222139425,64.17970654272841
Fc1cccc(F)c1[B-]1(c2c(F)cccc2F)Oc2c(ccc3c4c(ccc23)C=[N+](c2ccccc2)[B-](c2c(F)cccc2F)(c2c(F)cccc2F)O4)C=[N+]1c1ccccc1,Cc1ccccc1,524.4219919711688,73.37774974323021
Fc1c(F)c(F)c([B-]2(c3c(F)c(F)c(F)c(F)c3F)Oc3c(ccc4c5c(ccc34)C=[N+](c3ccccc3)[B-](c3c(F)c(F)c(F)c(F)c3F)(c3c(F)c(F)c(F)c(F)c3F)O5)C=[N+]2c2ccccc2)c(F)c1F,ClCCl,457.43818212449133,71.80602083344985
Fc1c(F)c(F)c([B-]2(c3c(F)c(F)c(F)c(F)c3F)Oc3c(ccc4c5c(ccc34)C=[N+](c3ccccc3)[B-](c3c(F)c(F)c(F)c(F)c3F)(c3c(F)c(F)c(F)c(F)c3F)O5)C=[N+]2c2ccccc2)c(F)c1F,Cc1ccccc1,471.7554424124813,79.05496282373512
O=[N+]([O-])c1ccc([N+]2=Cc3ccc4c5c(ccc4c3O[B-]2(c2ccccc2)c2ccccc2)C=[N+](c2ccc([N+](=O)[O-])cc2)[B-](c2ccccc2)(c2ccccc2)O5)cc1,ClCCl,572.0040158082111,91.56089594246689
O=[N+]([O-])c1ccc([N+]2=Cc3ccc4c5c(ccc4c3O[B-]2(c2ccccc2)c2ccccc2)C=[N+](c2ccc([N+](=O)[O-])cc2)[B-](c2ccccc2)(c2ccccc2)O5)cc1,Cc1ccccc1,574.0006691465829,93.52561655531136
O=[N+]([O-])c1ccc([N+]2=Cc3ccc4c5c(ccc4c3O[B-]2(c2c(F)c(F)c(F)c(F)c2F)c2c(F)c(F)c(F)c(F)c2F)C=[N+](c2ccc([N+](=O)[O-])cc2)[B-](c2c(F)c(F)c(F)c(F)c2F)(c2c(F)c(F)c(F)c(F)c2F)O5)cc1,ClCCl,465.4967316207603,64.29913716975287
O=[N+]([O-])c1ccc([N+]2=Cc3ccc4c5c(ccc4c3O[B-]2(c2c(F)c(F)c(F)c(F)c2F)c2c(F)c(F)c(F)c(F)c2F)C=[N+](c2ccc([N+](=O)[O-])cc2)[B-](c2c(F)c(F)c(F)c(F)c2F)(c2c(F)c(F)c(F)c(F)c2F)O5)cc1,Cc1ccccc1,474.2111894634073,71.61887233365718
CCN(CC)c1ccc([N+]2=Cc3ccc4c5c(ccc4c3O[B-]2(c2ccccc2)c2ccccc2)C=[N+](c2ccc(N(CC)CC)cc2)[B-](c2ccccc2)(c2ccccc2)O5)cc1,ClCCl,635.3189165714641,81.72797618068171
CCN(CC)c1ccc([N+]2=Cc3ccc4c5c(ccc4c3O[B-]2(c2ccccc2)c2ccccc2)C=[N+](c2ccc(N(CC)CC)cc2)[B-](c2ccccc2)(c2ccccc2)O5)cc1,Cc1ccccc1,608.7706909113112,80.5158137032226
CCN(CC)c1ccc([N+]2=Cc3ccc4c5c(ccc4c3O[B-]2(c2c(F)c(F)c(F)c(F)c2F)c2c(F)c(F)c(F)c(F)c2F)C=[N+](c2ccc(N(CC)CC)cc2)[B-](c2c(F)c(F)c(F)c(F)c2F)(c2c(F)c(F)c(F)c(F)c2F)O5)cc1,Cc1ccccc1,519.209133105814,69.88192208197822
CCN(CC)c1ccc([N+]2=Cc3ccc4c5c(ccc4c3O[B-]2(c2ccccc2)c2ccccc2)C=[N+](c2ccc([N+](=O)[O-])cc2)[B-](c2ccccc2)(c2ccccc2)O5)cc1,Cc1ccccc1,597.9246906288865,86.56115357814308
Fc1c(F)c(F)c([B-]2(c3c(F)c(F)c(F)c(F)c3F)Oc3c(ccc4c5c(ccc34)C=[N+](c3ccccc3)[B-](c3c(F)c(F)c(F)c(F)c3F)(c3c(F)c(F)c(F)c(F)c3F)O5)C=[N+]2c2ccccc2)c(F)c1F,C1CCOC1,450.4827431801394,70.26608315574337
Fc1c(F)c(F)c([B-]2(c3c(F)c(F)c(F)c(F)c3F)Oc3c(ccc4c5c(ccc34)C=[N+](c3ccccc3)[B-](c3c(F)c(F)c(F)c(F)c3F)(c3c(F)c(F)c(F)c(F)c3F)O5)C=[N+]2c2ccccc2)c(F)c1F,CC(C)=O,466.2150085431324,74.24955170250882
Fc1c(F)c(F)c([B-]2(c3c(F)c(F)c(F)c(F)c3F)Oc3c(ccc4c5c(ccc34)C=[N+](c3ccccc3)[B-](c3c(F)c(F)c(F)c(F)c3F)(c3c(F)c(F)c(F)c(F)c3F)O5)C=[N+]2c2ccccc2)c(F)c1F,CC#N,449.5845416409931,71.1132397000526
O=[N+]([O-])c1ccc([N+]2=Cc3ccc4c5c(ccc4c3O[B-]2(c2c(F)c(F)c(F)c(F)c2F)c2c(F)c(F)c(F)c(F)c2F)C=[N+](c2ccc([N+](=O)[O-])cc2)[B-](c2c(F)c(F)c(F)c(F)c2F)(c2c(F)c(F)c(F)c(F)c2F)O5)cc1,C1CCOC1,453.1648746259911,63.94090610830361
O=[N+]([O-])c1ccc([N+]2=Cc3ccc4c5c(ccc4c3O[B-]2(c2c(F)c(F)c(F)c(F)c2F)c2c(F)c(F)c(F)c(F)c2F)C=[N+](c2ccc([N+](=O)[O-])cc2)[B-](c2c(F)c(F)c(F)c(F)c2F)(c2c(F)c(F)c(F)c(F)c2F)O5)cc1,CC(C)=O,463.9189555977313,67.58245720881446
O=[N+]([O-])c1ccc([N+]2=Cc3ccc4c5c(ccc4c3O[B-]2(c2c(F)c(F)c(F)c(F)c2F)c2c(F)c(F)c(F)c(F)c2F)C=[N+](c2ccc([N+](=O)[O-])cc2)[B-](c2c(F)c(F)c(F)c(F)c2F)(c2c(F)c(F)c(F)c(F)c2F)O5)cc1,CC#N,451.3794008619177,63.69466830270122
COC(=O)c1c(NC(C)(C)C)oc(-c2ccc(-c3ccccc3)cc2)c1C(=O)OC,CC#N,438.0803199441972,75.63318473824444
CCOC(=O)c1c(NC(C)(C)C)oc(-c2ccc(-c3ccccc3)cc2)c1C(=O)OCC,CC#N,439.5377702245835,74.17882173785628
O=C(O)C1CCCN1C(=O)c1ccc(C2CC(c3cccc4ccccc34)=NN2c2ccccc2)cc1,O,499.59504972022063,92.37303776032086
O=C(O)C1CCCN1C(=O)c1ccc(C2CC(c3cccc4ccccc34)=NN2c2ccccc2)cc1,CO,480.06167365298296,92.22069502813201
O=C(O)C1CCCN1C(=O)c1ccc(C2CC(c3cccc4ccccc34)=NN2c2ccccc2)cc1,CC#N,477.4088931645038,91.88144142711043
O=C(O)C1CCCN1C(=O)c1ccc(C2CC(c3cccc4ccccc34)=NN2c2ccccc2)cc1,C1CCOC1,461.3058818704484,87.00052410012525
O=C(O)C1CCCN1C(=O)c1ccc(C2CC(c3cccc4ccccc34)=NN2c2ccccc2)cc1,C1COCCO1,455.3347960552673,80.72967200979751
O=C(O)C1CCCN1C(=O)c1ccc(C2CC(c3cccc4ccccc34)=NN2c2ccccc2)cc1,CCCCCCC,437.677465585164,69.80739458343847
O=C(O)C1CCCN1C(=O)c1ccc(C2CC(c3cccc4ccccc34)=NN2c2ccccc2)cc1,C1CCCCC1,437.2514751100818,69.97603393390915
CCOC(=O)C1=CN(c2ccccc2)C=CC1c1ccccc1,CO,393.7956954850093,60.71237977188562
CCOC(=O)C1=CN(c2ccccc2)C=C(C(=O)OCC)C1c1ccccc1,CO,416.34268860911396,68.67782558995452
CCOC(=O)C1=CN(c2ccccc2)C=CC1c1ccccc1,C1CCOC1,370.71179878061844,52.01186667347528
CCOC(=O)C1=CN(c2ccccc2)C=C(C(=O)OCC)C1c1ccccc1,C1CCOC1,387.9419428297912,59.81147258148638
CC(C)(C)c1ccc2c(c1)c1cc(C(C)(C)C)ccc1n2-c1ccccc1-c1nccnc1C#N,Cc1ccccc1,483.7156701070955,78.1676540324364
O=c1[nH]nc(-c2ccc(/C=C/c3ccc(-c4n[nH]c(=O)o4)cc3)cc2)o1,CN(C)C=O,402.6283209316544,60.48415500124279
c1ccc(-p2c3ccccc3c3sc4ccccc4c32)cc1,ClCCl,450.3668560274295,63.46269356780576
c1ccc(-p2c3ccccc3c3sc4ccccc4c32)cc1,ClCCl,450.3668560274295,63.46269356780576
Cc1ccc(OCc2cc(=O)oc3c2ccc2ccccc23)cc1,CC#N,426.32403635149865,66.6657529899029
Cc1ccc(OCc2cc(=O)oc3c2ccc2ccccc23)cc1,CO,426.8270294308653,65.56364058130016
CC(C)(C)c1ccc(-c2c(-c3ccc(-n4c5ccccc5c5ccccc54)cc3)cc(-c3ccc(-n4c5ccccc5c5ccccc54)cc3)c(-c3ccc(C(C)(C)C)cc3)c2-c2ccc(C(C)(C)C)cc2)cc1,C1CCOC1,384.59532756221654,45.31694323761171
CC(C)(C)c1ccc(-c2c(-c3ccc(-n4c5ccccc5c5ccccc54)cc3)c(C#N)c(-c3ccc(-n4c5ccccc5c5ccccc54)cc3)c(-c3ccc(C(C)(C)C)cc3)c2-c2ccc(C(C)(C)C)cc2)cc1,C1CCOC1,409.9615836320443,53.819745639649895
c1ccc(-c2nc(-c3ccccc3)nc(-c3ccc(-n4c5ccc(-n6c7ccccc7c7ccccc76)cc5c5ccc6c(c7ccccc7n6-c6ccccc6)c54)cc3)n2)cc1,Cc1ccccc1,453.7213944362498,60.391353812211555
CCN(CC)c1ccc2cc(-c3nc4c5cccc6ccc7cccc(c7c65)c4n3-c3ccc(C(C)(C)C)cc3)c(=O)oc2c1,ClCCl,472.5634478901883,51.90014797478871
CCCCc1cc(C=O)c2ccc3c(CCCC)cc(N4CCCCC4)c4ccc1c2c34,C1CCOC1,507.3764530359315,53.62215484482242
CCCCc1cc(C=O)c2ccc3c(CCCC)cc(N4CCCCC4)c4ccc1c2c34,ClC(Cl)Cl,521.5039846692491,56.43875508021461
CCCCc1cc(C=O)c2ccc3c(CCCC)cc(N4CCCCC4)c4ccc1c2c34,ClCCl,515.7700902505693,53.57231055630419
CCCCc1cc(C=O)c2ccc3c(CCCC)cc(N4CCCCC4)c4ccc1c2c34,CN(C)C=O,520.0248932051244,60.16646543237736
CCCCc1cc(C=O)c2ccc3c(CCCC)cc(N4CCCCC4)c4ccc1c2c34,CC#N,511.7862016473816,57.550437022246086
CCCCc1cc(C=O)c2ccc3c(CCCC)cc(N4CCCCC4)c4ccc1c2c34,CCO,544.5448925565076,67.27733601527257
CCCCc1cc(C=O)c2ccc3c(CCCC)cc(N4CCCCC4)c4ccc1c2c34,CO,547.4587819994266,66.50106995598095
CCCCc1cc(C(=O)CCC)c2ccc3c(CCCC)cc(N4CCCCC4)c4ccc1c2c34,CCCCCC,476.66932840603016,43.55508213674668
CCCCc1cc(C(=O)CCC)c2ccc3c(CCCC)cc(N4CCCCC4)c4ccc1c2c34,Cc1ccccc1,497.9546407899846,52.9996764182183
CCCCc1cc(C(=O)CCC)c2ccc3c(CCCC)cc(N4CCCCC4)c4ccc1c2c34,C1CCOC1,490.73134802841366,56.80748534648981
CCCCc1cc(C(=O)CCC)c2ccc3c(CCCC)cc(N4CCCCC4)c4ccc1c2c34,ClC(Cl)Cl,504.8311357565926,59.47533815833017
CCCCc1cc(C(=O)CCC)c2ccc3c(CCCC)cc(N4CCCCC4)c4ccc1c2c34,ClCCl,498.98813132492955,56.062055705476695
CCCCc1cc(C(=O)CCC)c2ccc3c(CCCC)cc(N4CCCCC4)c4ccc1c2c34,CN(C)C=O,504.34780851177055,66.15322341092359
CCCCc1cc(C(=O)CCC)c2ccc3c(CCCC)cc(N4CCCCC4)c4ccc1c2c34,CC#N,496.6869042149474,61.140151122697134
CCCCc1cc(C(=O)CCC)c2ccc3c(CCCC)cc(N4CCCCC4)c4ccc1c2c34,CCO,527.8521603646067,71.64975219452432
CCCCc1cc(C(=O)CCC)c2ccc3c(CCCC)cc(N4CCCCC4)c4ccc1c2c34,CO,530.4999899090793,72.17914705527096
CCCCc1cc(C=O)c2ccc3c(CCCC)cc(N4CCCCC4)c4ccc1c2c34,CCCCCC,488.5278286749737,40.318129675833326
CCCCc1cc(C=O)c2ccc3c(CCCC)cc(N4CCCCC4)c4ccc1c2c34,Cc1ccccc1,514.6956878351315,50.65982036382746
c1ccc(-c2nc(-c3ccccc3)nc(-c3ccc(-n4c5ccccc5c5c6c(ccc54)-c4ccccc4C6(c4ccccc4)c4ccccc4)cc3)n2)cc1,ClCCl,483.345102208881,78.28773847042011
c1ccc(-c2nc(-c3ccccc3)nc(-c3ccc(-n4c5ccccc5c5c6c(ccc54)-c4ccccc4C6(c4ccccc4)c4ccccc4)cc3)n2)cc1,Cc1ccccc1,450.07446901196596,55.41555005193973
c1ccc(-c2nc(-c3ccccc3)nc(-c3ccc(-n4c5ccccc5c5c6c(ccc54)-c4ccccc4C6(c4ccccc4)c4ccccc4)cc3)n2)cc1,C1CCOC1,471.0997324843916,70.29810555669212
c1ccc(-c2nc(-c3ccccc3)nc(-c3ccc(-n4c5ccccc5c5c6c(ccc54)-c4ccccc4C6(c4ccccc4)c4ccccc4)cc3)n2)cc1,CCCCCC,416.23259635765135,44.73629307306736
N#Cc1c(-n2c3ccccc3c3ccccc32)cc(N2c3ccccc3C(c3ccccc3)(c3ccccc3)c3ccccc32)cc1-n1c2ccccc2c2ccccc21,Cc1ccccc1,461.8689250216983,60.65061049278182
CC(C)(C)c1ccc2c(c1)c1cc(C(C)(C)C)ccc1n2-c1cc(N2c3ccccc3C(c3ccccc3)(c3ccccc3)c3ccccc32)cc(-n2c3ccc(C(C)(C)C)cc3c3cc(C(C)(C)C)ccc32)c1C#N,Cc1ccccc1,474.18582182112755,56.49777965656724
C(=C/c1ccc(/C=C/c2c3ccccc3cc3ccccc23)cc1)\c1ccncc1,C1CCOC1,462.73639347059947,66.57273024366953
c1ccc2c(c1)Nc1ccccc1B2c1c2ccccc2cc2ccccc12,ClCCl,453.75199162355756,53.12994336455665
c1ccc2c(c1)Nc1ccccc1B2c1c2ccccc2cc2ccccc12,c1ccccc1,471.14471635664387,58.35863251534673
Fc1c(-c2nnc(-c3ccccc3)o2)c(-n2c3ccccc3c3ccccc32)c(F)c(-n2c3ccccc3c3ccccc32)c1-n1c2ccccc2c2ccccc21,Cc1ccccc1,495.641638051476,89.50500323766569
Nc1nc(/C=C/c2ccc(N(c3ccccc3)c3ccccc3)cc2)cc(/C=C/c2ccc(N(c3ccccc3)c3ccccc3)cc2)n1,ClC(Cl)Cl,489.6112903802132,64.5116322478958
Nc1nc(/C=C/c2ccc(N(c3ccccc3)c3ccccc3)cc2)cc(/C=C/c2ccc(N(c3ccccc3)c3ccccc3)cc2)n1,Cc1ccccc1,461.59418364361613,52.93533099360731
COC(=O)c1cc(=O)n(C)c2cc(-c3ccc4c(c3)OCCO4)sc12,ClCCl,496.81460948708644,83.21591959615748
COC(=O)c1cc(=O)n(C)c2cc(-c3ccc4c(c3)OCCO4)sc12,CC#N,483.9700695335199,78.4010736678305
CCC(C)[Si](C#Cc1c2cc3cc4c(cc3cc2c(C#C[Si](C(C)CC)(C(C)CC)C(C)CC)c2cc3cc5cc6c(cc5cc3cc12)OC(CC(C)C)(CC(C)C)O6)OC(CC(C)C)(CC(C)C)O4)(C(C)CC)C(C)CC,CCCCCC,500.9951577947496,25.01836936110778
O=c1c2ccccc2nc2ccc(-c3ccc(N(c4ccccc4)c4ccccc4)cc3)cn12,ClCCl,491.34670565635486,65.42425242904798
COc1ccc(N(c2ccc(OC)cc2)c2ccc(-c3ccc4nc5ccccc5c(=O)n4c3)cc2)cc1,ClCCl,575.508017549435,90.92526657542537
CCCCCn1c2ccccc2c(=O)c2ccccc21,CS(C)=O,410.2386897212358,39.32442737836526
CCCCCCCCn1c2ccccc2c(=O)c2ccccc21,CS(C)=O,410.19443428872756,33.92573347654311
O=c1c2cc(S(=O)(=O)Cl)ccc2[nH]c2ccc(S(=O)(=O)Cl)cc12,CS(C)=O,436.40070097800077,8.955159419595375
Cn1c2ccc(S(=O)(=O)Cl)cc2c(=O)c2cc(S(=O)(=O)Cl)ccc21,CS(C)=O,456.2370855547681,22.113130605529193
CCCCCn1c2ccc(S(=O)(=O)Cl)cc2c(=O)c2cc(S(=O)(=O)Cl)ccc21,CS(C)=O,456.2799031341995,31.9560395561495
O=c1c2cc(S(=O)(=O)O)ccc2[nH]c2ccc(S(=O)(=O)O)cc12,CS(C)=O,435.0507390487981,14.685945846125357
Cn1c2ccc(S(=O)(=O)O)cc2c(=O)c2cc(S(=O)(=O)O)ccc21,CS(C)=O,451.7514134083559,23.45425892379646
CCCCCn1c2ccc(S(=O)(=O)O)cc2c(=O)c2cc(S(=O)(=O)O)ccc21,CS(C)=O,438.7536809457857,28.94280252517669
CC(=O)Nc1ccc2c(c1)c(=O)c1ccccc1n2CCCCCC(=O)O,O,531.1077994878818,51.69214833571971
O=C(O)CCCCCn1c2ccccc2c(=O)c2ccccc21,O,471.2617913010259,36.055883466982614
O=C(O)CCCCCn1c2ccccc2c(=O)c2cc(Br)ccc21,O,494.98353892851344,40.46025297346717
O=C(O)CCCCCNC(=O)c1cccc2c(=O)c3ccccc3[nH]c12,O,547.2893490894133,49.65645817234625
O=c1c2ccccc2[nH]c2ccccc12,CS(C)=O,444.0238663881601,47.30057354044557
Cn1c2ccccc2c(=O)c2ccccc21,CS(C)=O,427.9992466264084,41.44134996941135
O=C1c2ccccc2C(=O)c2c(NCCNc3nc(Cl)nc(Cl)n3)cccc21,ClCCl,538.7191712411407,65.86458476994297
c1ccc(C2CCN3COc4c5ccccc5c5c6c7c(c2c3c46)C(c2ccccc2)CCN7CO5)cc1,C1CCCCC1,459.55949379114764,47.22425707610504
c1ccc(C2CCN3COc4c5ccccc5c5c6c7c(c2c3c46)C(c2ccccc2)CCN7CO5)cc1,C1CCOC1,444.9520997583949,42.23678724307604
c1ccc(C2CCN3COc4c5ccccc5c5c6c7c(c2c3c46)C(c2ccccc2)CCN7CO5)cc1,CS(C)=O,461.1568642996791,38.267597786472066
CCC1(CC)c2cc(B(c3c(C)cc(C)cc3C)c3c(C)cc(C)cc3C)ccc2-c2ccc(N(c3ccccc3)c3ccccc3)cc21,CCCCCC,421.73401792981366,37.797062420241176
CCC1(CC)c2cc(B(c3c(C)cc(C)cc3C)c3c(C)cc(C)cc3C)ccc2-c2ccc(N(c3ccccc3)c3ccccc3)cc21,Cc1ccccc1,453.3149875744351,46.783267883269616
CCC1(CC)c2cc(B(c3c(C)cc(C)cc3C)c3c(C)cc(C)cc3C)ccc2-c2ccc(N(c3ccccc3)c3ccccc3)cc21,ClC(Cl)Cl,463.33963127459066,56.899574945918886
CCC1(CC)c2cc(B(c3c(C)cc(C)cc3C)c3c(C)cc(C)cc3C)ccc2-c2ccc(N(c3ccccc3)c3ccccc3)cc21,C1CCOC1,449.8909130687067,59.19805975428261
CCC1(CC)c2cc(B(c3c(C)cc(C)cc3C)c3c(C)cc(C)cc3C)ccc2-c2ccc(N(c3ccccc3)c3ccccc3)cc21,CC(C)=O,473.6398100259823,76.57125054684901
CCC1(CC)c2cc(B(c3c(C)cc(C)cc3C)c3c(C)cc(C)cc3C)ccc2-c2ccc(N(c3ccccc3)c3ccccc3)cc21,CC#N,480.54399861364226,74.40864280641921
CCC1(CC)c2cc(B(c3c(C)cc(C)cc3C)c3c(C)cc(C)cc3C)ccc2-c2ccc(N(c3ccccc3)c3ccccc3)cc21,CN(C)C=O,481.5155442500003,77.7464979018122
COc1cc(-c2nc(-c3ccccc3)c(-c3ccccc3)[nH]2)c(OC)cc1/C=C/c1ccncc1,Cc1ccccc1,438.61066756678713,62.65730185937686
COc1cc(-c2nc(-c3ccccc3)c(-c3ccccc3)[nH]2)c(OC)cc1/C=C/c1ccncc1,C1CCOC1,439.89318902237517,63.82290995555651
COc1cc(-c2nc(-c3ccccc3)c(-c3ccccc3)[nH]2)c(OC)cc1/C=C/c1ccncc1,CN(C)C=O,466.08014390425546,67.02641640189091
COc1cc(-c2nc(-c3ccccc3)c(-c3ccccc3)[nH]2)c(OC)cc1/C=C/c1ccncc1,CC#N,453.2534833411225,66.41223681299739
O=C1c2cc(-c3ccccc3)ccc2-c2ccc(-c3ccccc3)cc21,C1CCOC1,525.4213814013247,86.89838275453337
CC(=O)c1ccc(-c2ccc3c(c2)C(=O)c2cc(-c4ccc(C(C)=O)cc4)ccc2-3)cc1,C1CCOC1,536.6090770029306,103.95219058612861
O=Cc1ccc(-c2ccc3c(c2)C(=O)c2cc(-c4ccc(C=O)cc4)ccc2-3)cc1,C1CCOC1,520.1928610814732,82.84419526667223
COC(=O)c1ccc(-c2ccc3c(c2)C(=O)c2cc(-c4ccc(C(=O)OC)cc4)ccc2-3)cc1,C1CCOC1,484.0229276219604,58.04430453399135
CC1(C)c2ccccc2N(c2ccc(-c3ccc4c(c3)c3cc(-c5ccc(N6c7ccccc7C(C)(C)c7ccccc76)cc5)ccc3c3nc(C#N)c(C#N)nc43)cc2)c2ccccc21,Cc1ccccc1,612.3827952849954,111.29519403494197
CC1(C)c2ccccc2N(c2ccc(-c3ccc4c(c3)c3cc(-c5ccc(N6c7ccccc7C(C)(C)c7ccccc76)cc5)ccc3c3nc(C#N)c(C#N)nc43)cc2)c2ccccc21,C1COCCO1,626.48559530178,133.72919009444448
CC1(C)c2ccccc2N(c2ccc(-c3ccc4c(c3)c3cc(-c5ccc(N6c7ccccc7C(C)(C)c7ccccc76)cc5)ccc3c3nc(C#N)c(C#N)nc43)cc2)c2ccccc21,O=P(c1ccccc1)(c1ccccc1)c1cccc(-c2cc(-n3c4ccccc4c4ccccc43)cc(-n3c4ccccc4c4ccccc43)c2)n1,581.9606672688263,110.04339410516894
CC1(C)c2ccccc2N(c2ccc(-c3ccc4c(c3)c3cc(-c5ccc(N6c7ccccc7C(C)(C)c7ccccc76)cc5)ccc3c3nc(C#N)c(C#N)nc43)cc2)c2ccccc21,CCCCCC,530.4161541051066,77.36691958672418
CN1/C(=C/C=C(/C=C/c2sc3ccccc3[n+]2C)c2ccc(F)cc2)Sc2ccccc21,CS(C)=O,605.2147959925018,59.02497753027026
CN1/C(=C/C=C(/C=C/c2sc3ccccc3[n+]2C)c2ccc(F)cc2)Sc2ccccc21,CO,606.2720882281313,55.50723476644256
CN1/C(=C/C=C(/C=C/c2sc3ccccc3[n+]2C)c2ccc(F)cc2)Sc2ccccc21,CCO,602.6778686809981,58.59954773498721
CN1/C(=C/C=C(/C=C/c2sc3ccccc3[n+]2C)c2cc(F)cc(F)c2)Sc2ccccc21,CS(C)=O,592.0766241525658,59.31468225237646
CN1/C(=C/C=C(/C=C/c2sc3ccccc3[n+]2C)c2cc(F)cc(F)c2)Sc2ccccc21,CO,593.9058994333368,56.5164061008786
CN1/C(=C/C=C(/C=C/c2sc3ccccc3[n+]2C)c2cc(F)cc(F)c2)Sc2ccccc21,CCO,590.7568000587428,59.78330614470657
CN1/C(=C/C=C(/C=C/c2sc3ccccc3[n+]2C)c2ccc(C(F)(F)F)cc2)Sc2ccccc21,CS(C)=O,610.0900366267949,63.93170409917489
CN1/C(=C/C=C(/C=C/c2sc3ccccc3[n+]2C)c2ccc(C(F)(F)F)cc2)Sc2ccccc21,CO,606.6713166967968,61.29989039003024
CN1/C(=C/C=C(/C=C/c2sc3ccccc3[n+]2C)c2ccc(C(F)(F)F)cc2)Sc2ccccc21,CCO,608.7139269724522,63.707025981469776
CN1/C(=C/C=C(/C=C/c2sc3ccccc3[n+]2C)c2cccc(C(F)(F)F)c2)Sc2ccccc21,CS(C)=O,611.7867902353283,63.50982182568133
CN1/C(=C/C=C(/C=C/c2sc3ccccc3[n+]2C)c2cccc(C(F)(F)F)c2)Sc2ccccc21,CO,608.1224121558341,60.52162857821586
CN1/C(=C/C=C(/C=C/c2sc3ccccc3[n+]2C)c2cccc(C(F)(F)F)c2)Sc2ccccc21,CCO,609.7706538518626,63.271852882403365
CN1/C(=C/C=C(/C=C/c2sc3ccccc3[n+]2C)c2ccccc2)Sc2ccccc21,CS(C)=O,605.3073513289329,60.790155907204934
CN1/C(=C/C=C(/C=C/c2sc3ccccc3[n+]2C)c2ccccc2)Sc2ccccc21,CO,607.0071382910272,56.78014605659797
CN1/C(=C/C=C(/C=C/c2sc3ccccc3[n+]2C)c2ccccc2)Sc2ccccc21,CCO,601.5960160665365,59.493062734501066
c1ccc(N2c3ccc4ccccc4c3-c3c4ccccc4cn[n+]3[B-]2(c2ccccc2)c2ccccc2)cc1,Cc1ccccc1,590.8984435361332,101.13410113879736
COc1cc(/C=C/c2nc3ccccc3s2)c(OC)cc1/C=C/c1ccncc1,Cc1ccccc1,468.6829406514184,64.4801050924577
COc1cc(/C=C/c2nc3ccccc3s2)c(OC)cc1/C=C/c1ccncc1,C1CCOC1,458.9413528710502,61.97132600749228
COc1cc(/C=C/c2nc3ccccc3s2)c(OC)cc1/C=C/c1ccncc1,CN(C)C=O,486.18944400314206,62.73906776203816
COc1cc(/C=C/c2nc3ccccc3s2)c(OC)cc1/C=C/c1ccncc1,CC#N,465.86442245379175,60.535927271845495
CCCCN1c2ccccc2Sc2cc(/C=C/C3=Nc4ccc5ccccc5c4C3(C)C)ccc21,C1CCCCC1,551.8151343468044,51.715053006161725
CCCCN1c2ccccc2Sc2cc(/C=C/C3=Nc4ccc5ccccc5c4C3(C)C)ccc21,Cc1ccccc1,587.8101851885176,67.64339673447496
CCCCN1c2ccccc2Sc2cc(/C=C/C3=Nc4ccc5ccccc5c4C3(C)C)ccc21,C1COCCO1,556.0009774329055,63.30570160977914
CCCCN1c2ccccc2Sc2cc(/C=C/C3=Nc4ccc5ccccc5c4C3(C)C)ccc21,CCOCC,567.7250955183995,63.25295709404236
CCCCN1c2ccccc2Sc2cc(/C=C/C3=Nc4ccc5ccccc5c4C3(C)C)ccc21,CCOC(C)=O,571.2600015875696,63.1089718470588
CCCCN1c2ccccc2Sc2cc(/C=C/C3=Nc4ccc5ccccc5c4C3(C)C)ccc21,C1CCOC1,571.3117045010429,59.73725873843671
CCCCN1c2ccccc2Sc2cc(/C=C/C3=Nc4ccc5ccccc5c4C3(C)C)ccc21,ClCCl,594.6259675564228,60.08979186995809
CCCCN1c2ccccc2Sc2cc(/C=C/C3=Nc4ccc5ccccc5c4C3(C)C)ccc21,CS(C)=O,591.4191148695861,59.56593507041309
CCCCN1c2ccccc2Sc2cc(/C=C/C3=Nc4ccc5ccccc5c4C3(C)C)ccc21,CC(C)O,579.2126337706103,61.205626054613134
CCCCN1c2ccccc2Sc2cc(/C=C/C3=Nc4ccc5ccccc5c4C3(C)C)ccc21,CC(C)=O,576.4099835999449,61.72237651550609
CCCCN1c2ccccc2Sc2cc(/C=C/C3=Nc4ccc5ccccc5c4C3(C)C)ccc21,CC#N,574.6134283103626,59.467031935379495
CCCCN1c2ccccc2Sc2cc(/C=C/C3=Nc4ccc5ccccc5c4C3(C)C)ccc21,CO,594.3704265453249,61.386096994103774
CC(C)(C)NC(=O)c1ccc(-c2ccc(N3c4ccccc4Oc4ccccc43)cc2)c2ccc3c4ccc(F)cc4c4cc(F)ccc4c3c12,ClCCl,511.05790188338227,81.25037313970267
c12c3c4c5c1c1c6c7c2c2c8c3c3c9c4c4c%10c5c5c1c1c6c6c%11c%12c%13c%14c%15c%16c%17c%14c%14c%18c%13c%11c1c1c5c%10c5c(c%14c%10c%17c%11c%13c%16c%14c%16c%15c%12c%12c%16c(c2c7c%126)c2c8c3c(c%13c%142)c2c9c4c5c%10c%112)c%181,CC1CCCCC1,1132.835977342951,195.31639262067512
Cc1c(C)c(-c2cccnc2)c(C)c(C)c1B(c1c(C)c(C)c(-c2cccnc2)c(C)c1C)c1c(C)c(C)c(-c2cccnc2)c(C)c1C,ClCCl,381.70880353475593,58.86227460953918
c1cc2ccc1-c1ccc(cc1)-c1ccc([se]1)-c1ccc(cc1)-c1ccc(cc1)-c1ccc([se]1)-c1ccc(cc1)-c1ccc(cc1)-c1ccc([se]1)-c1ccc(cc1)-c1ccc(cc1)-c1ccc-2[se]1,C1CCOC1,503.44056806826325,82.5926904816214
CC1=CC(C)=[N+]2C1=Cc1c3ccccc3c(C#Cc3cccs3)n1[B-]2(F)F,CN(C)C=O,585.9476897937486,21.669654758919208
CCC1=C(C)C2=C(c3c(C)cc(C)nc3-c3cccs3)c3c(C)c(CC)c(C)n3[B-](F)(F)[N+]2=C1C,CCCCCC,558.484174159111,51.33467491301657
CCC1=C(C)C2=C(c3c(C)cc(C)nc3-c3cccs3)c3c(C)c(CC)c(C)n3[B-](F)(F)[N+]2=C1C,Cc1ccccc1,552.5090438725153,52.83221045206717
CCC1=C(C)C2=C(c3c(C)cc(C)nc3-c3cccs3)c3c(C)c(CC)c(C)n3[B-](F)(F)[N+]2=C1C,CCO,536.292493828507,52.498402813959274
CCC1=C(C)C2=C(c3c(C)cc(C)nc3-c3cccs3)c3c(C)c(CC)c(C)n3[B-](F)(F)[N+]2=C1C,CC#N,527.9230174380656,41.41026940378462
C(#Cc1cc(C#Cc2cccs2)c(C#Cc2cccs2)c(C#Cc2cccs2)c1C#Cc1cccs1)c1cccs1,ClCCl,455.5283082477145,67.75901831532622
COc1ccc(C#Cc2ccc(C#Cc3ccc(P(=O)(c4ccc(C#Cc5ccc(C#Cc6ccc(OC)cc6)cc5)cc4)c4ccc(C#Cc5ccc(C#Cc6ccc(OC)cc6)cc5)cc4)cc3)cc2)cc1,ClCCl,396.17139842391373,61.441316868542074
COc1ccc(C#Cc2ccc(C#Cc3ccc(P(=O)(c4ccc(C#Cc5ccc(C#Cc6ccc(OC)cc6)cc5)cc4)c4ccc(C#Cc5ccc(C#Cc6ccc(OC)cc6)cc5)cc4)cc3)cc2)cc1,CS(C)=O,419.2617043108286,83.29885757986067
COc1ccc(C#Cc2ccc(C#Cc3ccc(P(=O)(c4ccc(C#Cc5ccc(C#Cc6ccc(OC)cc6)cc5)cc4)c4ccc(C#Cc5ccc(C#Cc6ccc(OC)cc6)cc5)cc4)cc3)cc2)cc1,CCO,403.30368242448026,71.30851066064594
COc1ccc(C#Cc2ccc(C#Cc3ccc(P(=O)(c4ccc(C#Cc5ccc(C#Cc6ccc(OC)cc6)cc5)cc4)c4ccc(C#Cc5ccc(C#Cc6ccc(OC)cc6)cc5)cc4)cc3)cc2)cc1,CC#N,413.845586294362,79.80696445955984
COc1ccc(C#Cc2ccc(C#Cc3ccc(P(=O)(c4ccc(C#Cc5ccc(C#Cc6ccc(OC)cc6)cc5)cc4)c4ccc(C#Cc5ccc(C#Cc6ccc(OC)cc6)cc5)cc4)cc3)cc2)cc1,C1CCCCC1,352.41112011360394,35.682934056497324
COc1ccc(C#Cc2ccc(C#Cc3ccc(P(=O)(c4ccc(C#Cc5ccc(C#Cc6ccc(OC)cc6)cc5)cc4)c4ccc(C#Cc5ccc(C#Cc6ccc(OC)cc6)cc5)cc4)cc3)cc2)cc1,C1COCCO1,380.41100658901337,42.948533238550255
COc1ccc(C#Cc2ccc(C#Cc3ccc(P(=O)(c4ccc(C#Cc5ccc(C#Cc6ccc(OC)cc6)cc5)cc4)c4ccc(C#Cc5ccc(C#Cc6ccc(OC)cc6)cc5)cc4)cc3)cc2)cc1,ClC(Cl)Cl,394.9296913384611,52.73336466125059
O=C1c2ccccc2-c2ccccc21,c1ccccc1,516.1938260959214,110.58830665858284
O=C1c2ccccc2-c2ccccc21,CC#N,493.6388432381318,118.87907447391781
COc1ccc2c(c1)C(=O)c1ccccc1-2,CC#N,516.9810588096593,116.93569633602735
COc1ccc2c(c1)-c1ccccc1C2=O,CC#N,542.6528083742256,124.28893485872763
COc1cccc2c1-c1ccccc1C2=O,CC#N,495.9875463404793,95.987700939436
COc1ccc2c(c1)CCc1c-2nc(N)c(C#N)c1-c1ccc(Br)cc1,CS(C)=O,439.1610690268078,43.87891709420312
COc1ccc2c(c1)CCc1c-2nc(N)c(C#N)c1-c1ccc(Br)cc1,CN(C)C=O,441.4996867721769,49.694541683264035
COc1ccc2c(c1)CCc1c-2nc(N)c(C#N)c1-c1ccc(Br)cc1,CCO,444.6895679002014,54.6330065385876
COc1ccc2c(c1)CCc1c-2nc(N)c(C#N)c1-c1ccc(Br)cc1,CO,441.4953759310052,50.112483713966654
COc1ccc2c(c1)CCc1c-2nc(N)c(C#N)c1-c1ccc(Br)cc1,ClC(Cl)Cl,423.2130495966461,50.38689143175595
COc1ccc2c(c1)CCc1c-2nc(N)c(C#N)c1-c1ccc(Br)cc1,ClCCl,422.4475572757909,53.61107524701207
COc1ccc2c(c1)CCc1c-2nc(N)c(C#N)c1-c1ccc(Br)cc1,CC#N,426.8969922629966,49.44858017252548
COc1ccc2c(c1)CCc1c-2nc(N)c(C#N)c1-c1ccc(Br)cc1,C1COCCO1,413.405255341334,50.08425993296982
COc1ccc2c(c1)CCc1c-2nc(N)c(C#N)c1-c1ccc(Br)cc1,C1CCOC1,409.4665272842171,48.3210590626707
COc1ccc2c(c1)CCc1c-2nc(N)c(C#N)c1-c1ccc(Br)cc1,CCCCCC,416.9018857072378,48.77274382083277
CCCCCCn1c2ccccc2c2cc(/C=C/c3cc(=O)oc4cc(C)ccc34)ccc21,ClC(Cl)Cl,480.9173362137193,66.71819427637088
c1ccc2c(c1)CC1(C2)c2cc(N3c4ccccc4Sc4ccccc43)ccc2-c2ccc(N3c4ccccc4Sc4ccccc43)cc21,Cc1ccccc1,493.84534095623974,80.62935742505854
CC1=C(c2ccccc2)C(C)=[N+]2C1=C(c1c(-c3ccccn3)nc3ccccn13)c1c(C)cc(C)n1[B-]2(F)F,ClCCl,577.784663555387,52.38920899852528
COc1ccc(C2=C(C)C3=C(c4c(-c5ccccn5)nc5ccccn45)c4c(C)cc(C)n4[B-](F)(F)[N+]3=C2C)cc1,ClCCl,594.2699888385293,53.15510183649805
CC1=C(c2ccc(N(C)C)cc2)C(C)=[N+]2C1=C(c1c(-c3ccccn3)nc3ccccn13)c1c(C)cc(C)n1[B-]2(F)F,ClCCl,601.7278201712651,67.26676513017534
CC1(C)c2ccccc2N(c2ccc(-c3nnc(-c4cc(-c5ccccc5)c(-c5ccccc5)c(-c5ccccc5)c4-c4ccccc4)o3)cc2)c2ccccc21,Cc1ccccc1,475.0771357994105,84.41471522351358
O=C1c2ccc(-c3ccc(N(c4ccccc4)c4ccccc4)cc3)cc2C(=O)c2ccc(-c3ccc(N(c4ccccc4)c4ccccc4)cc3)cc21,c1ccc2c(c1)c1ccccc1n2-c1ccc(-c2ccc(-n3c4ccccc4c4ccccc43)cc2)cc1,584.5269169980857,89.08903523819151
O=C1c2ccc(-c3ccc(N(c4ccccc4)c4ccccc4)cc3)cc2C(=O)c2ccc(-c3ccc(N(c4ccccc4)c4ccccc4)cc3)cc21,Cc1ccccc1,600.3530912907655,91.22303076657869
c1ccc(-c2nc(-c3ccc(N4CCCC4)cc3)cc(-c3ccc4ccccc4c3)n2)cc1,ClC(Cl)Cl,464.7193749734772,74.49003336511454
Cc1cc(C)c(B(c2ccccc2N(c2ccccc2)c2ccccc2)c2c(C)cc(C)cc2C)c(C)c1,CC(C)=O,517.4721318423938,89.2727000768
Cc1cc(C)c(B(c2ccccc2N(c2ccccc2)c2ccccc2)c2c(C)cc(C)cc2C)c(C)c1,Cc1ccccc1,499.3171234568024,69.29322504673745
Cc1cc(C)c(B(c2ccccc2N(c2ccccc2)c2ccccc2)c2c(C)cc(C)cc2C)c(C)c1,ClCCl,504.78774942336844,75.88344554476916
CC1=N/C(=C\c2ccncc2)C(=O)N1C,CCOC(C)=O,464.42561533834674,97.67687737637198
COc1ccc(-c2ccc(C(=O)NC(C)(C)C)c3c2ccc2c4ccccc4c4ccccc4c23)cc1,ClCCl,439.6021392918148,49.66511888682034
CC(C)(C)NC(=O)c1ccc(-c2ccccc2)c2ccc3c4ccccc4c4ccccc4c3c12,ClCCl,430.45172928878014,49.8778555057562
Cc1ccc(-c2ccc(C(=O)NC(C)(C)C)c3c2ccc2c4ccccc4c4ccccc4c23)cc1,ClCCl,434.9827386550816,50.64959050305117
CC(C)c1cccc(C(C)C)c1N1C(=O)c2ccc3cc4c(cc5ccc6c7c(ccc4c57)C(=O)N(c4c(C(C)C)cccc4C(C)C)C6=O)c4ccc(c2c34)C1=O,ClCCl,587.2860673565743,50.172900190859764
c1ccc(C2=C(c3ccccc3)c3cccc4c3c(cc3nc5c(-c6ccccc6)ccc(-c6ccccc6)c5nc34)O2)cc1,ClCCl,580.3941086742436,74.06591390691177
Cc1cc(-c2nc(-c3ccccc3)nc(-c3ccccc3)n2)ccc1-n1c2ccccc2c2cc3c(cc21)C1c2ccccc2C3c2ccccc21,Cc1ccccc1,448.5920751064643,60.8788500339048
Cc1cc(-n2c3ccccc3c3cc4c(cc32)C2c3ccccc3C4c3ccccc32)ccc1-c1nc(-c2ccccc2)nc(-c2ccccc2)n1,Cc1ccccc1,453.1480335339986,57.52075009486339
Cc1cc(-n2c3ccccc3c3cc4c(cc32)C2c3ccccc3C4c3ccccc32)c(C)cc1-c1nc(-c2ccccc2)nc(-c2ccccc2)n1,Cc1ccccc1,449.5452385115207,59.126662728681275
Cc1c(-c2nc(-c3ccccc3)nc(-c3ccccc3)n2)ccc(-n2c3ccccc3c3cc4c(cc32)C2c3ccccc3C4c3ccccc32)c1C,Cc1ccccc1,454.46621863839766,60.9531724834261
c1ccc(-c2nc(-c3ccccc3)nc(-c3ccc(-n4c5ccccc5c5cc6c(cc54)C4c5ccccc5C6c5ccccc54)cc3)n2)cc1,Cc1ccccc1,449.0299489343856,58.83965144707164
Cc1cc(C)c(C2=C3C=C(/C=C/C(=O)OCc4ccccc4)C=[N+]3[B-](F)(F)n3cccc32)c(C)c1,ClCCl,595.0755562175409,54.92528132423858
Cn1cccc1-c1ccc(C#N)cc1,CCCCCC,358.2254717892348,47.11288418042415
Cn1cccc1-c1ccc(C#N)cc1,CCCCOCCCC,377.2982204792707,56.301957843949765
Cn1cccc1-c1ccc(C#N)cc1,CCOCC,386.57972789175983,61.65546102735032
Cn1cccc1-c1ccc(C#N)cc1,C1CCOC1,396.76315242970156,67.96939382956873
Cn1cccc1-c1ccc(C#N)cc1,CC#N,418.1377544025033,82.50999925182177
Cn1cccc1-c1cc(C#N)ccc1C#N,CCCCCC,366.3024769043915,48.95085669661127
Cn1cccc1-c1cc(C#N)ccc1C#N,CCCCOCCCC,373.0189305334697,51.656087511729666
Cn1cccc1-c1cc(C#N)ccc1C#N,CCOCC,374.3767530885669,53.79964214732429
Cn1cccc1-c1cc(C#N)ccc1C#N,C1CCOC1,383.27132853015905,59.45581853439608
Cn1cccc1-c1cc(C#N)ccc1C#N,CC#N,420.3192629162152,81.01090933694913
CCN(CC)c1ccc2cc(-c3nc4c5ccccc5c5ccccc5c4n3-c3ccc(C(C)(C)C)cc3)c(=O)oc2c1,ClCCl,460.43894344300276,52.19352272678441
O=S(=O)([O-])c1ccc(O)c2ccccc12,C1COCCO1,403.88876087798695,45.688111501962176
O=S(=O)([O-])c1ccc(O)c2ccccc12,CC#N,416.0910779109633,49.61090253617996
O=S(=O)([O-])c1ccc(O)c2ccccc12,CCOC(C)=O,407.45114108496523,43.61793139860441
c1ccc2ccccc2c1,C1CCCCC1,317.96629233340775,40.6991072767019
C[Si](C)(C)c1cccc2ccccc12,C1CCCCC1,350.1788110819225,51.24198059275343
C[SiH](C)c1cccc2ccccc12,C1CCCCC1,351.46620329878397,46.39491720625465
CCCC[Si](C)(C)c1cccc2ccccc12,C1CCCCC1,357.34074366729425,49.35088126604937
CC(C)(C)[Si](C)(C)c1cccc2ccccc12,C1CCCCC1,395.5267618671568,64.6137666426735
CCCCCCCC[Si](C)(C)c1cccc2ccccc12,C1CCCCC1,373.7506863091651,42.6051247883498
C[Si](C)(C)c1ccc([Si](C)(C)C)c2ccccc12,C1CCCCC1,348.7878934435296,41.56963419600353
C[SiH](C)c1ccc([SiH](C)C)c2ccccc12,C1CCCCC1,363.9010067685715,42.933825315735504
CC(C)(C)[Si](C)(C)c1ccc([Si](C)(C)C(C)(C)C)c2ccccc12,C1CCCCC1,396.69486392175793,66.08646084067988
COc1ccc([Si](C)(C)C)c2ccccc12,C1CCCCC1,352.5933605164299,42.6079780975726
C[Si](C)(C)c1ccc(C#N)c2ccccc12,C1CCCCC1,361.9932122067356,55.04525759017653
C[Si](C)(C)c1cccc2c(C#N)cccc12,C1CCCCC1,374.2094946255508,54.93518102134109
C[Si](C)(C)C#Cc1cccc2ccccc12,C1CCCCC1,371.5275425715763,49.32616938391934
C[Si](C)(C)C#Cc1ccc(C#C[Si](C)(C)C)c2ccccc12,C1CCCCC1,419.34676867735465,46.16044017825271
N#Cc1cccc2ccccc12,Cc1ccccc1,363.71141673489535,59.13907514511154
CCC(=O)c1ccc2cc(N(C)C)ccc2c1,CCCCCC,386.24810298023385,29.09079230998239
CCC(=O)c1ccc2cc(N(C)C)ccc2c1,Cc1ccccc1,417.16853814249083,41.951925500753
CCC(=O)c1ccc2cc(N(C)C)ccc2c1,C1CCOC1,426.9540008271428,46.68501812476937
CCC(=O)c1ccc2cc(N(C)C)ccc2c1,ClC(Cl)Cl,430.44477105838945,46.12985833354374
CCC(=O)c1ccc2cc(N(C)C)ccc2c1,ClCCl,441.128003110847,50.79990881060874
CCC(=O)c1ccc2cc(N(C)C)ccc2c1,CN(C)C=O,455.63475014628074,63.16659757205676
CCC(=O)c1ccc2cc(N(C)C)ccc2c1,CC#N,459.450184340604,59.83829056031436
CCC(=O)c1ccc2cc(N(C)C)ccc2c1,CCO,450.3535049228674,58.69719103494984
CCC(=O)c1ccc2cc(N(C)C)ccc2c1,CO,462.1368413542684,69.85636480707298
O=S(=O)([O-])c1ccc([O-])c2ccccc12,O,476.46249093057895,59.65291582141644
CCC(=O)c1ccc2cc(N(C)C)ccc2c1,CCCCCCC,393.36963434039967,33.115869788038154
CCC(=O)c1ccc2cc(N(C)C)ccc2c1,CS(C)=O,470.23625414573013,69.63043119855575
CCC/N=C/c1cc2ccc(N(C)C)cc2cc1OC,CC#N,461.00085859987297,64.73889867503293
CCC/N=C/c1cc2ccc(N(C)C)cc2cc1OC,ClCCl,451.69256471843846,59.911015191424966
CCC/N=C/c1cc2ccc(N(C)C)cc2cc1OC,CS(C)=O,473.9442475548978,75.66928335728662
CCC/N=C/c1cc2ccc(N(C)C)cc2cc1OC,CCOC(C)=O,434.4343485585333,56.914143852449946
CCC/N=C/c1cc2ccc(N(C)C)cc2cc1OC,Cc1ccccc1,432.10807623599015,52.54833224995127
CCC/N=C/c1cc2ccc(N(C)C)cc2cc1OC,C1CCOC1,438.97421336023046,55.2236102690444
CCC/N=C/c1cc2ccc(N(C)C)cc2cc1OC,CC(C)O,441.2968652285234,62.482447177747424
CCC/N=C/c1cc2ccc(N(C)C)cc2cc1OC,CN(C)C=O,460.55399886973623,69.69157229782762
CCC/N=C/c1cc2ccc(N(C)C)cc2cc1OC,O,510.24447523750564,81.0336762943851
CCCCCCCCCCCCOc1cc2cc(N(C)C)ccc2cc1C#N,CC#N,456.4768400806671,63.323222005783364
CCCCCCCCCCCCOc1cc2cc(N(C)C)ccc2cc1C#N,ClCCl,478.61576289100435,64.57315303539251
CCCCCCCCCCCCOc1cc2cc(N(C)C)ccc2cc1C#N,CS(C)=O,480.8306328577691,72.07987769921502
CCCCCCCCCCCCOc1cc2cc(N(C)C)ccc2cc1C#N,CCOC(C)=O,450.6647661382657,57.19259694409472
CCCCCCCCCCCCOc1cc2cc(N(C)C)ccc2cc1C#N,CCCCCC,436.25475209555617,41.29603277265965
CCCCCCCCCCCCOc1cc2cc(N(C)C)ccc2cc1C#N,C1CCOC1,468.37656650564605,62.19816843496413
CCCCCCCCCCCCOc1cc2cc(N(C)C)ccc2cc1C#N,CCO,483.01249200105934,72.21932102355478
CCCCCCCCCCCCOc1cc2cc(N(C)C)ccc2cc1C=O,CC#N,452.7927669474968,54.999343987079726
CCCCCCCCCCCCOc1cc2cc(N(C)C)ccc2cc1C=O,ClCCl,476.11378981497893,57.05347639818865
CCCCCCCCCCCCOc1cc2cc(N(C)C)ccc2cc1C=O,CS(C)=O,480.164072439164,64.59057003803572
CCCCCCCCCCCCOc1cc2cc(N(C)C)ccc2cc1C=O,CCOC(C)=O,451.75747739741905,50.710556094264874
CCCCCCCCCCCCOc1cc2cc(N(C)C)ccc2cc1C=O,CCCCCC,443.253101033337,37.738613023762326
CCCCCCCCCCCCOc1cc2cc(N(C)C)ccc2cc1C=O,C1CCOC1,467.29729876505223,54.754677065483065
CCCCCCCCCCCCOc1cc2cc(N(C)C)ccc2cc1C=O,CCO,478.8557620421905,64.1209460973148
CCCCCCCCCCCCOc1cc2cc(N(C)C)ccc2cc1C=C(C#N)C#N,CC#N,596.4959919739193,105.72158289416274
CCCCCCCCCCCCOc1cc2cc(N(C)C)ccc2cc1C=C(C#N)C#N,ClCCl,616.1957207110958,103.80553188223928
CCCCCCCCCCCCOc1cc2cc(N(C)C)ccc2cc1C=C(C#N)C#N,CS(C)=O,620.5199564763266,111.98047828081519
CCCCCCCCCCCCOc1cc2cc(N(C)C)ccc2cc1C=C(C#N)C#N,CCOC(C)=O,597.4011055364575,99.95110731863832
CCCCCCCCCCCCOc1cc2cc(N(C)C)ccc2cc1C=C(C#N)C#N,CCCCCC,505.2281347375714,61.066637574176575
CCCCCCCCCCCCOc1cc2cc(N(C)C)ccc2cc1C=C(C#N)C#N,C1CCOC1,605.3170276180699,104.78847431934949
CCCCCCCCCCCCOc1cc2cc(N(C)C)ccc2cc1C=C(C#N)C#N,CCO,619.5443690866127,108.03879319593995
C#Cc1cccc2ccccc12,C1CCCCC1,340.25497202649325,37.50003675309498
C#Cc1cccc2ccccc12,ClCCl,330.25005871477754,38.813764961846296
C#Cc1cccc2ccccc12,CO,323.7457006457954,38.35418755417753
C#Cc1cccc2ccccc12,CC#N,327.91864926120377,39.935073781523535
NC(=O)Cc1cccc2ccccc12,O,356.60175785533363,62.012149008050585
O=S(=O)([O-])c1ccc(O)c2ccccc12,CO,427.5571054462554,50.73756695818648
O=S(=O)([O-])c1ccc(O)c2ccccc12,CCO,435.52462171899117,50.97689739219286
O=S(=O)([O-])c1ccc(O)c2ccccc12,CC(C)O,435.29093390021404,52.67388480656887
O=S(=O)([O-])c1ccc(O)c2ccccc12,CCCCO,434.32961088280103,50.277120698744625
O=S(=O)([O-])c1ccc(O)c2ccccc12,CS(C)=O,431.0870320318021,46.752185579939336
O=S(=O)([O-])c1ccc(O)c2ccccc12,CN(C)C=O,429.003129007672,48.264230943600424
c1ccc2c(-c3c4ccccc4c(-c4ccc(-c5ccc(-n6c7ccccc7c7ccccc76)cc5)cc4)c4ccccc34)cccc2c1,ClCCl,419.47451200231615,50.58614347117356
c1ccc(-c2nc(-c3ccc(N4c5ccccc5C(c5ccccc5)(c5ccccc5)c5ccccc54)cc3)cc(-c3ccccn3)n2)cc1,O=P(c1ccccc1)(c1ccccc1)c1ccccc1Oc1ccccc1P(=O)(c1ccccc1)c1ccccc1,446.83413255943276,62.370923101858025
c1ccc(-c2nc(-c3ccc(N4c5ccccc5C(c5ccccc5)(c5ccccc5)c5ccccc54)cc3)cc(-c3ccccn3)n2)cc1,Cc1ccccc1,455.5586689639114,60.505145591228704
CC(C)(C)c1ccc(-c2nc3c4ccc(-c5cc6ccccc6c6ccccc56)cc4c4cc(-c5cc6ccccc6c6ccccc56)ccc4c3n2-c2ccc(C(C)(C)C)cc2)cc1,CCCCCC,402.7580375672657,34.35962762579954
CC(C)(C)c1ccc(-c2nc3c4ccc(-c5cc6ccccc6c6ccccc56)cc4c4cc(-c5cc6ccccc6c6ccccc56)ccc4c3n2-c2ccc(C(C)(C)C)cc2)cc1,Cc1ccccc1,416.4107868529453,41.95986680595898
CC(C)(C)c1ccc(-c2nc3c4ccc(-c5cc6ccccc6c6ccccc56)cc4c4cc(-c5cc6ccccc6c6ccccc56)ccc4c3n2-c2ccc(C(C)(C)C)cc2)cc1,C1COCCO1,404.4625267709913,42.84475758277321
CC(C)(C)c1ccc(-c2nc3c4ccc(-c5cc6ccccc6c6ccccc56)cc4c4cc(-c5cc6ccccc6c6ccccc56)ccc4c3n2-c2ccc(C(C)(C)C)cc2)cc1,CCN(CC)CC,406.99954106037484,40.542564515041974
CC(C)(C)c1ccc(-c2nc3c4ccc(-c5cc6ccccc6c6ccccc56)cc4c4cc(-c5cc6ccccc6c6ccccc56)ccc4c3n2-c2ccc(C(C)(C)C)cc2)cc1,ClC=C(Cl)Cl,408.78053274557544,44.32529143032812
CC(C)(C)c1ccc(-c2nc3c4ccc(-c5cc6ccccc6c6ccccc56)cc4c4cc(-c5cc6ccccc6c6ccccc56)ccc4c3n2-c2ccc(C(C)(C)C)cc2)cc1,CCCCOCCCC,408.3568526204277,38.95399763802191
CC(C)(C)c1ccc(-c2nc3c4ccc(-c5cc6ccccc6c6ccccc56)cc4c4cc(-c5cc6ccccc6c6ccccc56)ccc4c3n2-c2ccc(C(C)(C)C)cc2)cc1,CCOCC,411.31666638392517,42.04059356189968
CC(C)(C)c1ccc(-c2nc3c4ccc(-c5cc6ccccc6c6ccccc56)cc4c4cc(-c5cc6ccccc6c6ccccc56)ccc4c3n2-c2ccc(C(C)(C)C)cc2)cc1,CCOC(C)=O,408.3931767575141,44.47965858714825
CC(C)(C)c1ccc(-c2nc3c4ccc(-c5cc6ccccc6c6ccccc56)cc4c4cc(-c5cc6ccccc6c6ccccc56)ccc4c3n2-c2ccc(C(C)(C)C)cc2)cc1,C1CCOC1,408.1754167629906,45.2972759088762
CC(C)(C)c1ccc(-c2nc3c4ccc(-c5cc6ccccc6c6ccccc56)cc4c4cc(-c5cc6ccccc6c6ccccc56)ccc4c3n2-c2ccc(C(C)(C)C)cc2)cc1,ClCCl,411.6504548702133,49.37600150851275
CC(C)(C)c1ccc(-c2nc3c4ccc(-c5cc6ccccc6c6ccccc56)cc4c4cc(-c5cc6ccccc6c6ccccc56)ccc4c3n2-c2ccc(C(C)(C)C)cc2)cc1,CN(C)C=O,426.4144118048152,54.73618442434477
CC(C)(C)c1ccc(-c2nc3c4ccc(-c5cc6ccccc6c6ccccc56)cc4c4cc(-c5cc6ccccc6c6ccccc56)ccc4c3n2-c2ccc(C(C)(C)C)cc2)cc1,CC#N,427.12510262522625,56.56011282047177
OCc1cc(/N=N\c2ccc(-c3ccc4ccccc4c3)cc2F)ccc1O,CS(C)=O,420.88846247052567,92.01475283006167
CCCCOc1ccc(-c2cc(-c3ccc(OCCCC)cc3)c3ccc4c(-c5ccc(OCCCC)cc5)cc(-c5ccc(OCCCC)cc5)c5ccc2c3c54)cc1,ClC(Cl)Cl,536.6181824997309,50.71590127037288
O=S(=O)(c1cccc(N2c3ccccc3Oc3ccccc32)c1)c1cccc(N2c3ccccc3Oc3ccccc32)c1,C1CCOC1,567.9602837056046,142.47902095719854
O=S(=O)(c1cccc(N2c3ccccc3Oc3ccccc32)c1)c1cccc(N2c3ccccc3Oc3ccccc32)c1,Cc1ccccc1,539.2645008035406,113.23504811004082
O=S(=O)(c1cccc(N2c3ccccc3Oc3ccccc32)c1)c1cccc(N2c3ccccc3Oc3ccccc32)c1,ClC(Cl)Cl,580.4902137953974,135.5371941752744
O=S(=O)(c1cccc(N2c3ccccc3Oc3ccccc32)c1)c1cccc(N2c3ccccc3Oc3ccccc32)c1,c1cc(-n2c3ccccc3c3ccccc32)cc(-n2c3ccccc3c3ccccc32)c1,516.767450649871,105.51714554736337
O=S(=O)(c1cccc(N2c3ccccc3Oc3ccccc32)c1)c1cccc(N2c3ccccc3Oc3ccccc32)c1,CCCCC(CC)n1c2ccc(-n3c4ccccc4c4ccccc43)cc2c2cc(-n3c4ccccc4c4ccccc43)ccc21,517.7829649635395,106.55572577661472
CCOC(=O)CN1C(=O)C2=C(c3ccc(N4CCCCC4)cc3)N(CC(=O)OCC)C(=O)C2=C1c1ccc(N2CCCCC2)cc1,CS(C)=O,571.5490562630101,65.07152641243297
CCOC(=O)CN1C(=O)C2=C(c3ccc(N4CCCCC4)cc3)N(CC(=O)OCC)C(=O)C2=C1c1ccc(N2CCCCC2)cc1,Cc1ccccc1,566.0768646946061,73.79838347672585
CCOC(=O)CN1C(=O)C2=C(c3ccc(N4CCCCC4)cc3)N(CC(=O)OCC)C(=O)C2=C1c1ccc(N2CCCCC2)cc1,CC#N,565.4895356884574,62.69156676675193
C(=C/c1ccc(-c2nnc(-c3ccc(/C=C/c4ccc(-c5nc(-c6ccccc6)c(-c6ccccc6)[nH]5)cc4)cc3)o2)cc1)\c1ccc(-c2nc(-c3ccccc3)c(-c3ccccc3)[nH]2)cc1,Cc1ccccc1,412.88091462857346,56.62328181978201
C(=C/c1ccc(-c2nnc(-c3ccc(/C=C/c4ccc(-c5nc(-c6ccccc6)c(-c6ccccc6)[nH]5)cc4)cc3)o2)cc1)\c1ccc(-c2nc(-c3ccccc3)c(-c3ccccc3)[nH]2)cc1,C1CCOC1,417.73784641915114,57.46222597713205
C(=C/c1ccc(-c2nnc(-c3ccc(/C=C/c4ccc(-c5nc(-c6ccccc6)c(-c6ccccc6)[nH]5)cc4)cc3)o2)cc1)\c1ccc(-c2nc(-c3ccccc3)c(-c3ccccc3)[nH]2)cc1,CN(C)C=O,444.2974770538038,65.72852779538879
C(=C/c1ccc(-c2nnc(-c3ccc(/C=C/c4ccc(-c5nc(-c6ccccc6)c(-c6ccccc6)[nH]5)cc4)cc3)o2)cc1)\c1ccc(-c2nc(-c3ccccc3)c(-c3ccccc3)[nH]2)cc1,CC#N,437.3670360957421,67.98433460465866
CN(C)c1ccc2c(c1)[Sn](C)(C)C1=CC(=[N+](C)C)C=CC1=C2,O,629.081254426675,34.76446389635698
CC(C)(C)c1ccc(-c2c(-c3cccc(N(c4ccccc4)c4ccccc4)c3)c(C#N)c(-c3cccc(N(c4ccccc4)c4ccccc4)c3)c(-c3ccc(C(C)(C)C)cc3)c2-c2ccc(C(C)(C)C)cc2)cc1,C1CCOC1,424.18123843045237,60.31880555801089
CCCCC1(CCCC)c2ccccc2-c2ccc(-c3c4c(nc5ccccc35)-c3cc5c(cc3CC4)-c3nc4ccccc4c(-c4ccc6c(c4)C(CCCC)(CCCC)c4ccccc4-6)c3CC5)cc21,ClC(Cl)Cl,419.6737620167769,43.90885425089647
N#CC(C#N)=C(/C=C/c1ccc(N(c2ccccc2)c2ccccc2)cc1)c1ccc2c3c(cccc13)CC2,Cc1ccccc1,572.0518155893245,78.20853263950819
N#CC(C#N)=C(/C=C/c1ccc(N(c2ccccc2)c2ccccc2)cc1)c1ccc2c3c(cccc13)CC2,C1CCOC1,584.7338699910337,87.6163584172206
N#CC(C#N)=C(/C=C/c1ccc(N(c2ccccc2)c2ccccc2)cc1)c1ccc2c3c(cccc13)CC2,ClC(Cl)Cl,595.6560030989439,79.2334701582186
N#CC(C#N)=C(/C=C/c1ccc(N(c2ccccc2)c2ccccc2)cc1)c1ccc2c3c(cccc13)CC2,CCOC(C)=O,583.141408296598,87.56383024557532
N#CC(C#N)=C(/C=C/c1ccc(N(c2ccccc2)c2ccccc2)cc1)c1ccc2c3c(cccc13)CC2,CO,627.3132768067519,99.52236719809981
COc1ccc(C#Cc2c3cc4ccccc4cc3c(C#Cc3ccc(OC)cc3)c3cc4ccccc4cc23)cc1,ClCCl,598.2018021541955,48.478945069171814
COc1cc2cc(/C=C/c3ccc(/C=C(\C#N)C(=O)O)cc3)c(=O)oc2cc1OC,CC#N,463.56581996928657,85.43426933663795
CC(C)c1cc(C(C)C)c(B2c3cc(N4c5ccccc5C(C)(C)c5ccccc54)ccc3N(c3ccccc3)c3ccc(N4c5ccccc5C(C)(C)c5ccccc54)cc32)c(C(C)C)c1,Cc1ccccc1,475.74479023666106,46.88290954231033
CC(C)c1cc(C(C)C)c(B2c3cc(N4c5ccccc5C(C)(C)c5ccccc54)ccc3N(c3ccccc3)c3ccc(N4c5ccccc5C(C)(C)c5ccccc54)cc32)c(C(C)C)c1,c1cc(-c2cccc(-n3c4ccccc4c4ccccc43)c2)cc(-n2c3ccccc3c3ccccc32)c1,469.4721507528943,49.26412815421057
CC(C)c1cc(C(C)C)c(B2c3cc(N4c5ccccc5C(C)(C)c5ccccc54)ccc3N(c3ccccc3)c3ccc(N4c5ccccc5C(C)(C)c5ccccc54)cc32)c(C(C)C)c1,CCOC(C)=O,467.1618932324847,53.97398073100051
CC(C)c1cc(C(C)C)c(B2c3cc(N4c5ccccc5C(C)(C)c5ccccc54)ccc3N(c3ccccc3)c3ccc(N4c5ccccc5C(C)(C)c5ccccc54)cc32)c(C(C)C)c1,C1CCOC1,469.68369182900614,53.59373991643551
CC(C)c1cc(C(C)C)c(B2c3cc(N4c5ccccc5C(C)(C)c5ccccc54)ccc3N(c3ccccc3)c3ccc(N4c5ccccc5C(C)(C)c5ccccc54)cc32)c(C(C)C)c1,ClCCl,489.5365125070127,53.87482736665627
O=S1(=O)c2ccccc2-c2cc(-n3c4ccccc4c4cc(-c5ccc6c(c5)c5ccccc5n6-c5ccccc5)ccc43)ccc21,O=P(c1ccccc1)(c1ccccc1)c1ccccc1Oc1ccccc1P(=O)(c1ccccc1)c1ccccc1,453.74367164573493,79.70612074409107
CC(C)(C)c1cc2c(c(C(C)(C)C)c1)O[B-]1(c3ccc([B-]45OC(c6ccccc6)=N[N+]4=Cc4cc(C(C)(C)C)cc(C(C)(C)C)c4O5)cc3)OC(c3ccccc3)=N[N+]1=C2,C1CCOC1,547.87076359973,69.7323866098682
COC(=O)c1cc(=O)n(C)c2cc(-c3ccc(Oc4ccccc4)cc3)sc12,CC#N,494.80518534969474,79.801300849277
COC(=O)c1cc(=O)n(C)c2cc(-c3ccc(Oc4ccccc4)cc3)sc12,ClCCl,493.5882921020523,80.76937766697563
Cc1ccc(-c2c3nc(c(-c4ccc(C)cc4)c4ccc([nH]4)c(-c4ccco4)c4nc(c(-c5ccc(C)cc5)c5ccc2[nH]5)C=C4)C=C3)cc1,ClCCl,694.0817593214839,27.06995429881802
CC(C)(C)C1=CC2=C3C(=CC=C4C=CC(c5cc6c7cc(-c8ccc9ccc%10cc(C(C)(C)C)cc%11ccc8c9c%10%11)ccc7c(-c7ccc8ccc9cc(C(C)(C)C)cc%10ccc7c8c9%10)cc6c6cc(-c7ccc8ccc9cc(C(C)(C)C)cc%10ccc7c8c9%10)ccc56)=C(C=C2)C43)C1,ClCCl,533.6114006810964,63.73542527052477
c1ccc(-c2nn(-c3ccccn3)c3nc4ccccc4cc23)cc1,C1CCCCC1,448.96804786449593,55.639404498163955
c1ccc(-c2nn(-c3ccccn3)c3nc4ccccc4cc23)cc1,CC#N,477.8514950556144,66.20876302281438
CCN(CC)c1ccc2cc(/C(Cl)=C/C=C/C(=C(C#N)C#N)c3ccc(N(c4ccccc4)c4ccccc4)cc3)c(=O)oc2c1,Cc1ccccc1,570.2820494867464,69.28527114318076
CCN(CC)c1ccc2cc(/C(Cl)=C/C=C/C(=C(C#N)C#N)c3ccc(N(c4ccccc4)c4ccccc4)cc3)c(=O)oc2c1,ClCCl,617.3882961666492,78.08003858521282
CCN(CC)c1ccc2cc(/C(Cl)=C/C=C/C(=C(C#N)C#N)c3ccc(N(c4ccccc4)c4ccccc4)cc3)c(=O)oc2c1,CCOC(C)=O,597.7518873260279,83.5556780000592
CCN(CC)c1ccc2cc(/C(Cl)=C/C=C/C(=C(C#N)C#N)c3ccc(N(c4ccccc4)c4ccccc4)cc3)c(=O)oc2c1,CC(C)=O,618.6197724789805,81.50006940978783
CCN(CC)c1ccc2cc(/C(Cl)=C/C=C/C(=C(C#N)C#N)c3ccc(N(c4ccccc4)c4ccccc4)cc3)c(=O)oc2c1,CN(C)C=O,624.2217459164058,84.21509565979596
CCN(CC)c1ccc2cc(/C(Cl)=C/C=C/C(=C(C#N)C#N)c3ccc(N(c4ccccc4)c4ccccc4)cc3)c(=O)oc2c1,CS(C)=O,640.1661938173747,96.95308561991573
O=C1c2ccc3c4c(Oc5ccccc5)cc5c6c(ccc(c7c(Oc8ccccc8)cc(c2c37)C(=O)N1c1ccc(O)cc1)c64)C(=O)N(c1ccc(O)cc1)C5=O,CN(C)C=O,554.3689897281804,52.95556655140241
O=C1c2ccc3c4c(Oc5ccccc5)cc5c6c(ccc(c7c(Oc8ccccc8)cc(c2c37)C(=O)N1c1ccc(O)cc1)c64)C(=O)N(c1ccc(O)cc1)C5=O,CN1CCCC1=O,552.419331625533,55.68396790560539
O=C1c2ccc3c4c(Oc5ccccc5)cc5c6c(ccc(c7c(Oc8ccccc8)cc(c2c37)C(=O)N1c1ccc(O)cc1)c64)C(=O)N(c1ccc(O)cc1)C5=O,C1CCOC1,546.2307304411156,57.938836354960344
CCCCCCCCN(CCCCCCCC)c1ccc(/C=C/c2ccc(C#Cc3ccc(-c4ccc(C#Cc5ccc(/C=C/c6ccc(N(CCCCCCCC)CCCCCCCC)cc6)cc5)cc4)cc3)cc2)cc1,Cc1ccccc1,459.48606815217346,56.58377860506701
c1ccc(-c2nc(-c3ccccc3)nc(-c3ccc(N4c5ccccc5C5(c6ccccc64)c4ccccc4C4(c6ccccc6-c6ccccc64)c4ccccc45)cc3)n2)cc1,Cc1ccccc1,462.98731921794604,62.26295002316521
CCCCC(CC)Cn1c2cc(-n3c4ccccc4c4ccccc43)ccc2c2ccc(-n3c4ccccc4c4ccccc43)cc21,C1CCOC1,402.8230426602437,32.173527056580575
c1ccc(C2=C(c3ccccc3)c3cccc4c3c(cc3nc5cc(-c6ccccc6)c(-c6ccccc6)cc5nc34)O2)cc1,ClCCl,556.5917420653096,77.68886587763888
O=C(O)c1ccc(C2CC(c3cccc4ccccc34)=NN2c2ccccc2)cc1,C1CCOC1,403.3587611669165,59.65057165933266
O=C(O)c1ccc(C2CC(c3cccc4ccccc34)=NN2c2ccccc2)cc1,C1COCCO1,404.8793736964507,57.80122587343589
O=C(O)c1ccc(C2CC(c3cccc4ccccc34)=NN2c2ccccc2)cc1,CCCCCCC,390.0887091166071,51.98106066500885
O=C(O)c1ccc(C2CC(c3cccc4ccccc34)=NN2c2ccccc2)cc1,C1CCCCC1,386.57860805155633,50.35846955255485
CCOC(=O)c1ccc(C2CC(c3cccc4ccccc34)=NN2c2ccc(OC)cc2)cc1,ClCCl,424.1829671158151,67.79110327360263
CCOC(=O)c1ccc(C2CC(c3cccc4ccccc34)=NN2c2ccc(C)cc2)cc1,ClCCl,427.2683117044545,65.91425007499593
CCOC(=O)c1ccc(C2CC(c3cccc4ccccc34)=NN2c2ccc(Cl)cc2)cc1,ClCCl,426.5996257639097,67.60616382944303
CCOC(=O)c1ccc(C2CC(c3cccc4ccccc34)=NN2c2ccc(F)cc2)cc1,ClCCl,420.0420970297313,66.39669826788757
CCOC(=O)c1ccc(C2CC(c3cccc4ccccc34)=NN2c2ccc(C#N)cc2)cc1,ClCCl,412.79399110986486,68.24143436070226
O=C(O)c1ccc(C2CC(c3cccc4ccccc34)=NN2c2ccccc2)cc1,O,426.24771326190086,67.57787314685967
O=C(O)c1ccc(C2CC(c3cccc4ccccc34)=NN2c2ccccc2)cc1,CO,417.8291895013814,65.88808112844245
O=C(O)c1ccc(C2CC(c3cccc4ccccc34)=NN2c2ccccc2)cc1,CC#N,418.6980115435382,64.41476222601122
CCN(CC)c1ccc(/C=N/c2cc3ccccc3cc2/N=C/c2ccc(N(CC)CC)cc2O)c(O)c1,CC#N,517.3077884973832,63.871815884159815
CN(C)c1ccc(-c2nc3cnccc3[nH]2)cc1,CC#N,488.12367916094786,76.7350317126305
CN(C)c1ccc(-c2nc3cnccc3[nH]2)cc1,CCCCO,466.80896689456347,69.40480168815913
CN(C)c1ccc(-c2nc3cnccc3[nH]2)cc1,CCCO,482.12993560805717,72.15173738838551
CN(C)c1ccc(-c2nc3cnccc3[nH]2)cc1,CCO,480.3157156546822,74.18071170767568
CN(C)c1ccc(-c2nc3cnccc3[nH]2)cc1,CO,490.4677296262363,84.71503818313862
CN(C)c1ccc(-c2nc3cnccc3[nH]2)cc1,O,527.0492050400504,81.40726257322007
CCN(CC)c1ccc(/C=C2\CC/C(=C\c3ccc(N(c4ccccc4)c4ccc(/C=C5\CC/C(=C\c6ccc(N(CC)CC)cc6)C5=C(C#N)C#N)cc4)cc3)C2=C(C#N)C#N)cc1,CN(C)C=O,742.2748978967642,70.849190433102
CC(C)(C)NC(=O)c1cc2ccccc2c2ccc3c4ccccc4c4ccccc4c3c12,ClCCl,415.0030716114999,50.81124732624747
C(=C/c1ccncn1)\c1ccc(N(c2ccccc2)c2ccc(/C=C/c3ccncn3)cc2)cc1,ClCCl,531.673519926997,82.81018580171843
Cc1cc(-c2ccc(N(c3ccccc3)c3ccccc3)cc2)c2nsnc2c1-c1ccc(N(c2ccccc2)c2ccccc2)cc1,ClCCl,584.2693863679855,87.24927723161072
Cc1ccc(N(c2ccc(C)cc2)c2ccc(-c3ccc(-c4ccc(N(c5ccc(C)cc5)c5ccc(C)cc5)cc4)c4nsnc34)cc2)cc1,ClCCl,644.5469217155899,88.61147259881993
CC1(C)c2ccccc2N(c2ccc(-c3ncc(C#N)cn3)cc2)c2ccccc21,N#Cc1ccc2c(c1)c1ccccc1n2-c1cccc(-n2c3ccccc3c3ccccc32)c1,512.4388184246179,99.10286470961273
CC1(C)c2ccccc2N(c2ccc(-c3ncc(C#N)cn3)cc2)c2ccccc21,Cc1ccccc1,523.6820494025295,96.4779453392875
CC1(C)c2ccccc2N(c2ccc(-c3ncccn3)cc2)c2ccccc21,O=P(c1ccccc1)(c1ccccc1)c1ccc2oc3ccc(P(=O)(c4ccccc4)c4ccccc4)cc3c2c1,463.65620629483806,75.63488660165497
CN(C)c1ccc(/C=C/c2nc3ccccc3s2)cc1,CS(C)=O,544.9043449534788,74.00303065122841
CN(C)c1ccc(/C=C/c2nc3ccccc3s2)cc1,CO,542.8121518501723,77.25098282989222
CN(C)c1ccc(/C=C/c2nc3ccccc3s2)cc1,OCC(O)CO,536.1135150961766,66.42933234048458
CC(C)c1ccc(/C=C/c2nc3ccc(N(C)C)cc3s2)cc1,C1CCCCC1,464.1084015742939,43.83030657520267
CC(C)c1ccc(/C=C/c2nc3ccc(N(C)C)cc3s2)cc1,CC#N,526.2097162878842,54.85035502273499
CN(C)c1ccc(/C=C/c2nc3ccccc3s2)cc1,C1CCCCC1,463.65358065008905,52.43254384955958
CN(C)c1ccc(/C=C/c2nc3ccccc3s2)cc1,C1COCCO1,482.5647407476538,59.95597653297847
CN(C)c1ccc(/C=C/c2nc3ccccc3s2)cc1,CCOC(C)=O,509.1043922914913,69.8482297479216
F[B-]12OC(c3ccccc3)=Nc3cccc([n+]31)N=C(c1ccccc1)O2,ClCCl,460.3158208179101,60.346775634289976
Cc1ccc(C2=Nc3cccc4[n+]3[B-](F)(O2)OC(c2ccc(C)cc2)=N4)cc1,ClCCl,466.97198518593524,54.76452984458983
COc1ccc(C2=Nc3cccc4[n+]3[B-](F)(O2)OC(c2ccc(OC)cc2)=N4)cc1,ClCCl,480.25487734576245,54.29130972638011
COOCc1noc(-c2ccccc2)c1Cl,C1CCCCC1,351.21380436359686,56.7026722816957
COC(=O)c1noc(-c2ccccc2)c1Br,C1CCCCC1,410.2783461983452,77.31506238586066
CCOC(=O)/C(C#N)=C/c1cc2c3ccccc3n(C)c2cc1OC,ClC(Cl)Cl,486.8087883437495,71.38494051014285
COc1cc2c(cc1C=C(C#N)C#N)c1ccccc1n2C,ClCCl,506.69884778561055,91.36639652224804
CCCCC(CC)Cn1c2cc(C#N)ccc2c2ccc(C#N)cc21,ClCCl,410.0361019306346,58.794222663264215
COc1cc2c(cc1C=C(C#N)C#N)c1ccccc1n2C,C1CCOC1,489.2303748323513,84.23795601879755
COc1cc2c(cc1C=C(C#N)C#N)c1ccccc1n2C,ClC(Cl)Cl,506.339669233058,87.93633827935987
COc1cc2c(cc1C=C(C#N)C#N)c1ccccc1n2C,CC#N,506.28825647235584,88.06970355112104
COc1cc2c(cc1C=C(C#N)C#N)c1ccccc1n2C,CN(C)C=O,524.5533231336756,88.22075777613041
CCOC(=O)/C(C#N)=C/c1cc2c3ccccc3n(C)c2cc1OC,ClCCl,494.7907544962956,75.59293995854112
CCOC(=O)/C(C#N)=C/c1cc2c3ccccc3n(C)c2cc1OC,C1CCOC1,472.2148487017912,70.44395101532184
CCOC(=O)/C(C#N)=C/c1cc2c3ccccc3n(C)c2cc1OC,CO,502.1380709194336,71.36852616244576
CCOC(=O)/C(C#N)=C/c1cc2c3ccccc3n(C)c2cc1OC,CC#N,484.4045559807285,71.27529967047161
CCCCn1c2ccc(C#N)cc2c2cc(C#N)ccc21,ClCCl,359.3742430100318,49.99329636543866
CCOC(=O)/C(C#N)=C/c1cc2c3ccccc3n(C)c2cc1OC,CN(C)C=O,506.06488028894773,71.30038993754881
CCOC(=O)/C(C#N)=C/c1cc2c3ccccc3n(C)c2cc1OC,CS(C)=O,499.0947563527038,67.65349105437464
COC(=O)c1nc(Cl)c(-c2ccccc2)o1,C1CCCCC1,394.93706271378124,70.06224357896389
CC1=CC(C)=[N+]2C1=C(c1ccc(N3CCOCC3)cc1)c1c(C)cc(C)n1[B-]2(F)F,CCCCCC,520.6404220707666,27.930913422394447
CC1=CC(C)=[N+]2C1=C(c1ccc(N3CCOCC3)cc1)c1c(C)cc(C)n1[B-]2(F)F,CCOC(C)=O,527.8060294715634,40.23080659723138
CC1=CC(C)=[N+]2C1=C(c1ccc(N3CCOCC3)cc1)c1c(C)cc(C)n1[B-]2(F)F,C1CCOC1,507.9854775869937,27.52752639659451
CC1=CC(C)=[N+]2C1=C(c1ccc(N3CCOCC3)cc1)c1c(C)cc(C)n1[B-]2(F)F,CC(=O)C(C)(C)C,512.4828034102809,16.982630393615246
CC1=CC(C)=[N+]2C1=C(c1ccc(N3CCOCC3)cc1)c1c(C)cc(C)n1[B-]2(F)F,CC(C)=O,514.5272456575314,20.331730765991068
CC1=CC(C)=[N+]2C1=C(c1ccc(N3CCOCC3)cc1)c1c(C)cc(C)n1[B-]2(F)F,CO,511.1924145336516,27.548142511466224
CC1=CC(C)=[N+]2C1=C(c1ccc(N3CCOCC3)cc1)c1c(C)cc(C)n1[B-]2(F)F,CC#N,503.3101229929079,21.771581498123133
CC1=[N+]2C(=C(c3ccc(N4CCOCC4)cc3)c3ccc(C)n3[B-]2(F)F)C=C1,CCCCCC,521.679647369909,29.357369935592658
CC1=[N+]2C(=C(c3ccc(N4CCOCC4)cc3)c3ccc(C)n3[B-]2(F)F)C=C1,CCOC(C)=O,533.5474828116169,42.7925013617329
CC1=[N+]2C(=C(c3ccc(N4CCOCC4)cc3)c3ccc(C)n3[B-]2(F)F)C=C1,C1CCOC1,515.0104811678707,30.850304035653004
CC1=[N+]2C(=C(c3ccc(N4CCOCC4)cc3)c3ccc(C)n3[B-]2(F)F)C=C1,CC(=O)C(C)(C)C,517.6710271501881,19.315935305637048
CC1=[N+]2C(=C(c3ccc(N4CCOCC4)cc3)c3ccc(C)n3[B-]2(F)F)C=C1,CC(C)=O,520.7054842429782,23.37411951165437
CC1=[N+]2C(=C(c3ccc(N4CCOCC4)cc3)c3ccc(C)n3[B-]2(F)F)C=C1,CC#N,509.6203233304906,24.72981673645269
CC1=[N+]2C(=C(c3ccc(N4CCOCC4)cc3)c3ccc(C)n3[B-]2(F)F)C=C1,Cc1ccccc1,542.3693637720377,42.074079109234304
CC1=[N+]2C(=C(c3ccc(N4CCOCC4)cc3)c3ccc(C)n3[B-]2(F)F)C=C1,ClC(Cl)Cl,525.168324695921,34.54643770782659
CC1=[N+]2C(=C(c3ccc(N4CCOCC4)cc3)c3ccc(C)n3[B-]2(F)F)C=C1,C1CCCCC1,540.7254084546523,28.74183015924838
CC1(C)c2ccccc2N(c2ccc3nc4c5ccc(N6c7ccccc7C(C)(C)c7ccccc76)cc5c5cc(N6c7ccccc7C(C)(C)c7ccccc76)ccc5c4nc3c2)c2ccccc21,Cc1ccccc1,585.5349906259361,83.58933036693426
C=CCNc1ccc2c(ccc3oc4cc(=[N+](C)C)ccc-4nc32)c1,CC#N,658.7726540933548,54.61174921110735
C=CCNc1ccc2c(ccc3oc4cc(=[N+](C)C)ccc-4nc32)c1,CCO,657.624448228777,54.05884669678818
C=CCNc1ccc2ccc3oc4cc(=[N+](C)C)ccc-4nc3c2c1,ClCCl,656.2746711275691,53.477336368988475
C=CCNc1ccc2ccc3oc4cc(=[N+](C)C)ccc-4nc3c2c1,CC#N,643.2461457774614,52.40508118271596
C=CCNc1ccc2ccc3oc4cc(=[N+](C)C)ccc-4nc3c2c1,CCO,644.6687342363668,52.7000685236025
C=CCNc1ccc2c(ccc3oc4cc(=[N+](C)C)ccc-4nc32)c1,ClCCl,671.3299985236634,55.25706627541874
Cc1ccc(C#Cc2ccc3ccc4cccc5ccc2c3c45)cc1,ClCCl,430.93554918174993,40.18150794762665
C(#Cc1ccc2ccc3cccc4ccc1c2c34)c1ccccc1,Cc1ccccc1,428.14212953858714,38.52817685944097
O=c1cc(COc2ccc(I)cc2)c2c(ccc3ccccc32)o1,Cc1ccccc1,447.9002421776355,68.86556404010112
CN(C)c1ccc(C2=Nc3sc4ccccc4[n+]3[B-](F)(F)O2)cc1,Cc1ccccc1,504.64845231019086,67.23809997247778
CN(C)c1ccc(C2=Nc3sc4ccccc4[n+]3[B-](F)(F)O2)cc1,ClCCl,508.3657176972571,69.6834259436032
CN(C)c1ccc(C2=Nc3sc4ccccc4[n+]3[B-](F)(F)O2)cc1,C1CCOC1,497.11288517682397,70.10364175939597
CN(C)c1ccc(C2=Nc3sc4ccccc4[n+]3[B-](F)(F)O2)cc1,CC(C)=O,511.45065457708455,74.73240434590083
CN(C)c1ccc(C2=Nc3sc4ccccc4[n+]3[B-](F)(F)O2)cc1,CC#N,505.84806957644145,74.7372825141808
COc1ccc2c(c1)sc1[n+]2[B-](F)(F)OC(c2ccc(N(C)C)cc2)=N1,Cc1ccccc1,510.920082714648,68.30020740446658
COc1ccc2c(c1)sc1[n+]2[B-](F)(F)OC(c2ccc(N(C)C)cc2)=N1,ClCCl,522.4266106842903,72.07778767627487
COc1ccc2c(c1)sc1[n+]2[B-](F)(F)OC(c2ccc(N(C)C)cc2)=N1,C1CCOC1,508.13319184859404,72.05671628307405
COc1ccc2c(c1)sc1[n+]2[B-](F)(F)OC(c2ccc(N(C)C)cc2)=N1,CC(C)=O,523.8544368424,76.63434873473975
COc1ccc2c(c1)sc1[n+]2[B-](F)(F)OC(c2ccc(N(C)C)cc2)=N1,CC#N,518.4102603054947,76.6631659414976
CN(C)c1ccc(C2=Nc3sc4cc(F)ccc4[n+]3[B-](F)(F)O2)cc1,Cc1ccccc1,501.57733336151523,66.45248463368192
CN(C)c1ccc(C2=Nc3sc4cc(F)ccc4[n+]3[B-](F)(F)O2)cc1,ClCCl,505.9353709053158,68.36264874041686
CN(C)c1ccc(C2=Nc3sc4cc(F)ccc4[n+]3[B-](F)(F)O2)cc1,C1CCOC1,495.2397010372697,69.12964458571554
CN(C)c1ccc(C2=Nc3sc4cc(F)ccc4[n+]3[B-](F)(F)O2)cc1,CC(C)=O,510.19122982569377,73.78075925293474
CN(C)c1ccc(C2=Nc3sc4cc(F)ccc4[n+]3[B-](F)(F)O2)cc1,CC#N,502.73124375188695,73.40967613605804
CN(C)c1ccc(C2=Nc3sc4cc(Cl)ccc4[n+]3[B-](F)(F)O2)cc1,Cc1ccccc1,507.2184115101243,66.3341374648185
CN(C)c1ccc(C2=Nc3sc4cc(Cl)ccc4[n+]3[B-](F)(F)O2)cc1,ClCCl,509.3801216839278,68.74945590225693
CN(C)c1ccc(C2=Nc3sc4cc(Cl)ccc4[n+]3[B-](F)(F)O2)cc1,C1CCOC1,500.0932766835755,68.9092507761035
CN(C)c1ccc(C2=Nc3sc4cc(Cl)ccc4[n+]3[B-](F)(F)O2)cc1,CC(C)=O,513.5583623597154,73.10761031407942
CN(C)c1ccc(C2=Nc3sc4cc(Cl)ccc4[n+]3[B-](F)(F)O2)cc1,CC#N,507.17424985064287,73.2049095487399
CN(C)c1ccc(C2=Nc3sc4cc(C(F)(F)F)ccc4[n+]3[B-](F)(F)O2)cc1,Cc1ccccc1,505.577868715495,63.54098232567118
CN(C)c1ccc(C2=Nc3sc4cc(C(F)(F)F)ccc4[n+]3[B-](F)(F)O2)cc1,ClCCl,503.20264415492994,67.27116586440602
CN(C)c1ccc(C2=Nc3sc4cc(C(F)(F)F)ccc4[n+]3[B-](F)(F)O2)cc1,C1CCOC1,501.5417512544666,67.08825084487769
CN(C)c1ccc(C2=Nc3sc4cc(C(F)(F)F)ccc4[n+]3[B-](F)(F)O2)cc1,CC(C)=O,525.5230476706736,73.29378738328656
CN(C)c1ccc(C2=Nc3sc4cc(C(F)(F)F)ccc4[n+]3[B-](F)(F)O2)cc1,CC#N,510.4222294843708,73.11007481213377
CN(C)c1ccc(C2=Nc3sc4c(F)c(F)c(F)c(F)c4[n+]3[B-](F)(F)O2)cc1,Cc1ccccc1,504.05168824261887,77.5455622448713
CN(C)c1ccc(C2=Nc3sc4c(F)c(F)c(F)c(F)c4[n+]3[B-](F)(F)O2)cc1,ClCCl,505.9444954285273,82.38165246790193
CN(C)c1ccc(C2=Nc3sc4c(F)c(F)c(F)c(F)c4[n+]3[B-](F)(F)O2)cc1,C1CCOC1,500.017919863862,79.01187602988205
CN(C)c1ccc(C2=Nc3sc4c(F)c(F)c(F)c(F)c4[n+]3[B-](F)(F)O2)cc1,CC#N,498.33260452604793,83.98136758202241
CC(C)[Si](C#Cc1c2ccccc2c(C#C[Si](C(C)C)(C(C)C)C(C)C)c2nc3cc4c(cc3nc12)C1c2ccccc2C4c2ccccc21)(C(C)C)C(C)C,CCCCCC,588.1447890924296,29.65512891363533
CCCCn1c2ccc(C#Cc3cccs3)cc2c2c1c1c3ccc(C#Cc4cccs4)cc3n(CCCC)c1c1c3ccc(C#Cc4cccs4)cc3n(CCCC)c21,C1CCOC1,483.0649749973928,66.32810415810621
CN(C)c1ccc(/C=C/c2cnc(/C=C/c3ccc(C#N)cc3)o2)cc1,ClCCl,544.5937088915922,105.64279193997245
C[Si]1(C)C2=C(c3ccc(N(c4ccccc4)c4ccccc4)cc31)P(=O)(c1ccccc1)c1ccccc12,CO,593.0994079143516,110.3603825106535
Cc1ccc(-c2nnc(-c3ccc4ccc5cccc6ccc3c4c56)o2)cc1,ClC(Cl)Cl,427.5004665380987,61.43682142946814
CC(C)(C)c1ccc(-c2nnc(-c3ccc4ccc5cccc6ccc3c4c56)o2)cc1,ClC(Cl)Cl,419.5589022902732,65.00975800218096
COc1cc(-c2nnc(-c3ccc4ccc5cccc6ccc3c4c56)o2)cc(OC)c1OC,ClC(Cl)Cl,448.6294755948142,76.71983788446165
CCN(CC)c1ccc2cc3c([o+]c2c1)/C(=C/Nc1ccccc1)CCC3,CCO,631.3486155439494,56.7134599453103
CCN(CC)c1ccc2cc3c([o+]c2c1)/C(=C/Nc1ccccc1)CCC3,ClCCl,638.0676024037792,55.0855914271866
CCN(CC)c1ccc2cc3c([o+]c2c1)/C(=C/Nc1ccccc1)CCC3,ClC(Cl)Cl,631.0567938847051,53.95197966640251
CCN(CC)c1ccc2cc3c([o+]c2c1)/C(=C/Nc1ccccc1)CCC3,CCO,631.3486155439494,56.7134599453103
CCN(CC)c1ccc2cc3c([o+]c2c1)/C(=C/Nc1ccccc1)CCC3,ClCCl,638.0676024037792,55.0855914271866
CCN(CC)c1ccc2cc3c([o+]c2c1)/C(=C/Nc1ccccc1)CCC3,ClC(Cl)Cl,631.0567938847051,53.95197966640251
CCCCCCCN1C(=CC2=C([O-])C(=CC3=[N+](CCCCCCC)c4ccccc4C3(C)C)C2=C(C#N)C#N)Sc2ccccc21,C1COCCO1,722.5095660936855,34.375120990617155
CCCCCCCN1C(=CC2=C([O-])C(=CC3=[N+](CCCCCCC)c4ccccc4C3(C)C)C2=C(C#N)C#N)Sc2ccccc21,ClC(Cl)Cl,714.8314850246147,34.96629121243
CCCCCCCN1C(=CC2=C([O-])C(=CC3=[N+](CCCCCCC)c4ccccc4C3(C)C)C2=C(C#N)C#N)Sc2ccccc21,CCO,709.1126676778009,35.43816461039144
CCCCCCCN1C(=CC2=C([O-])C(=CC3=[N+](CCCCCCC)c4ccccc4C3(C)C)C2=C(C#N)C#N)Sc2ccccc21,CN(C)C=O,711.6130425352835,30.509999123985992
CC1(C)Nc2cc3nc4cc(Br)c(Br)cc4nc3cc2N1,CCO,609.8969566056884,78.29783192146802
CN1c2cc3nc4cc(F)c(F)cc4nc3cc2N(C)C1(C)C,CCO,591.4122218726053,86.17154480376068
CN1c2cc3nc4cc(Cl)c(Cl)cc4nc3cc2N(C)C1(C)C,CCO,601.4669952539642,83.98842787153049
CN1c2cc3nc4cc(Br)c(Br)cc4nc3cc2N(C)C1(C)C,CCO,604.4066736382687,90.67987850685705
CC1(C)Nc2cc3nc4cc(F)c(F)cc4nc3cc2N1,CCO,593.1146290433312,76.01491606802617
CC1(C)Nc2cc3nc4cc(Cl)c(Cl)cc4nc3cc2N1,CCO,608.4164408787805,73.7232069459116
CCN(CC)c1ccc2c(c1)oc(=O)c1c(-c3ccccc3C(=O)O)c3ccc(=[N+](CC)CC)cc-3oc12,ClC(Cl)Cl,659.9266657314149,49.0087222246986
CCN(CC)c1ccc2c(c1)oc(=O)c1c(-c3ccccc3C(=O)O)c3ccc(=[N+](CC)CC)cc-3oc12,CCO,658.2983637143499,51.32005387537913
CCN(CC)c1ccc2c(c1)oc(=O)c1c(-c3ccccc3C(=O)O)c3ccc(=[N+](CC)CC)cc-3oc12,O,672.2672504128186,65.29133287824641
CCOC(=O)c1ccccc1-c1c2ccc(=[N+](CC)CC)cc-2oc2c1c(=O)oc1cc(N(CC)CC)ccc12,ClC(Cl)Cl,644.1681656654021,48.77205742793204
CCOC(=O)c1ccccc1-c1c2ccc(=[N+](CC)CC)cc-2oc2c1c(=O)oc1cc(N(CC)CC)ccc12,CCO,643.3034859447746,51.012155397144575
CCOC(=O)c1ccccc1-c1c2ccc(=[N+](CC)CC)cc-2oc2c1c(=O)oc1cc(N(CC)CC)ccc12,O,655.8478706709805,65.19568793736187
